cycle_index,cycle_start_time,cycle_end_time,cycle_ms,product_code,batch_id,shift,fault_mode,is_long_gap,is_abnormal_cycle
0,2026-01-30T08:00:00.000Z,2026-01-30T08:00:01.521Z,1521,FG-A,BATCH-1000,DAY,normal,0,0
1,2026-01-30T08:00:01.521Z,2026-01-30T08:00:03.040Z,1519,FG-A,BATCH-1000,DAY,normal,0,0
2,2026-01-30T08:00:03.040Z,2026-01-30T08:00:04.563Z,1523,FG-A,BATCH-1000,DAY,normal,0,0
3,2026-01-30T08:00:04.563Z,2026-01-30T08:00:05.956Z,1393,FG-A,BATCH-1000,DAY,normal,0,0
4,2026-01-30T08:00:05.956Z,2026-01-30T08:00:07.471Z,1515,FG-A,BATCH-1000,DAY,normal,0,0
5,2026-01-30T08:00:07.471Z,2026-01-30T08:00:09.018Z,1547,FG-A,BATCH-1000,DAY,normal,0,0
6,2026-01-30T08:00:09.018Z,2026-01-30T08:00:10.616Z,1598,FG-A,BATCH-1000,DAY,normal,0,0
7,2026-01-30T08:00:10.616Z,2026-01-30T08:00:12.162Z,1546,FG-A,BATCH-1000,DAY,normal,0,0
8,2026-01-30T08:00:12.162Z,2026-01-30T08:00:13.721Z,1559,FG-A,BATCH-1000,DAY,normal,0,0
9,2026-01-30T08:00:13.721Z,2026-01-30T08:00:27.673Z,13952,FG-A,BATCH-1000,DAY,long_gap,1,1
10,2026-01-30T08:00:27.673Z,2026-01-30T08:00:29.181Z,1508,FG-A,BATCH-1000,DAY,normal,0,0
11,2026-01-30T08:00:29.181Z,2026-01-30T08:00:30.635Z,1454,FG-A,BATCH-1000,DAY,normal,0,0
12,2026-01-30T08:00:30.635Z,2026-01-30T08:00:32.150Z,1515,FG-A,BATCH-1000,DAY,normal,0,0
13,2026-01-30T08:00:32.150Z,2026-01-30T08:00:33.722Z,1572,FG-A,BATCH-1000,DAY,normal,0,0
14,2026-01-30T08:00:33.722Z,2026-01-30T08:00:35.122Z,1400,FG-A,BATCH-1000,DAY,normal,0,0
15,2026-01-30T08:00:35.122Z,2026-01-30T08:00:36.554Z,1432,FG-A,BATCH-1000,DAY,normal,0,0
16,2026-01-30T08:00:36.554Z,2026-01-30T08:00:38.182Z,1628,FG-A,BATCH-1000,DAY,normal,0,0
17,2026-01-30T08:00:38.182Z,2026-01-30T08:00:39.704Z,1522,FG-A,BATCH-1000,DAY,normal,0,0
18,2026-01-30T08:00:39.704Z,2026-01-30T08:00:41.102Z,1398,FG-A,BATCH-1000,DAY,normal,0,0
19,2026-01-30T08:00:41.102Z,2026-01-30T08:00:42.511Z,1409,FG-A,BATCH-1000,DAY,normal,0,0
20,2026-01-30T08:00:42.511Z,2026-01-30T08:00:44.114Z,1603,FG-A,BATCH-1000,DAY,normal,0,0
21,2026-01-30T08:00:44.114Z,2026-01-30T08:00:45.671Z,1557,FG-A,BATCH-1000,DAY,normal,0,0
22,2026-01-30T08:00:45.671Z,2026-01-30T08:00:47.213Z,1542,FG-A,BATCH-1000,DAY,normal,0,0
23,2026-01-30T08:00:47.213Z,2026-01-30T08:00:48.794Z,1581,FG-A,BATCH-1000,DAY,normal,0,0
24,2026-01-30T08:00:48.794Z,2026-01-30T08:00:50.272Z,1478,FG-A,BATCH-1000,DAY,normal,0,0
25,2026-01-30T08:00:50.272Z,2026-01-30T08:00:51.879Z,1607,FG-A,BATCH-1000,DAY,normal,0,0
26,2026-01-30T08:00:51.879Z,2026-01-30T08:00:53.544Z,1665,FG-A,BATCH-1000,DAY,normal,0,0
27,2026-01-30T08:00:53.544Z,2026-01-30T08:00:55.029Z,1485,FG-A,BATCH-1000,DAY,normal,0,0
28,2026-01-30T08:00:55.029Z,2026-01-30T08:00:56.560Z,1531,FG-A,BATCH-1000,DAY,normal,0,0
29,2026-01-30T08:00:56.560Z,2026-01-30T08:00:58.042Z,1482,FG-A,BATCH-1000,DAY,normal,0,0
30,2026-01-30T08:00:58.042Z,2026-01-30T08:00:59.503Z,1461,FG-A,BATCH-1000,DAY,normal,0,0
31,2026-01-30T08:00:59.503Z,2026-01-30T08:01:00.948Z,1445,FG-A,BATCH-1000,DAY,normal,0,0
32,2026-01-30T08:01:00.948Z,2026-01-30T08:01:05.329Z,4381,FG-A,BATCH-1000,DAY,jam_recovery,0,1
33,2026-01-30T08:01:05.329Z,2026-01-30T08:01:06.800Z,1471,FG-A,BATCH-1000,DAY,normal,0,0
34,2026-01-30T08:01:06.800Z,2026-01-30T08:01:08.394Z,1594,FG-A,BATCH-1000,DAY,normal,0,0
35,2026-01-30T08:01:08.394Z,2026-01-30T08:01:10.154Z,1760,FG-A,BATCH-1000,DAY,normal,0,0
36,2026-01-30T08:01:10.154Z,2026-01-30T08:01:11.640Z,1486,FG-A,BATCH-1000,DAY,normal,0,0
37,2026-01-30T08:01:11.640Z,2026-01-30T08:01:13.101Z,1461,FG-A,BATCH-1000,DAY,normal,0,0
38,2026-01-30T08:01:13.101Z,2026-01-30T08:01:14.634Z,1533,FG-A,BATCH-1000,DAY,normal,0,0
39,2026-01-30T08:01:14.634Z,2026-01-30T08:01:16.245Z,1611,FG-A,BATCH-1000,DAY,normal,0,0
40,2026-01-30T08:01:16.245Z,2026-01-30T08:01:17.610Z,1365,FG-A,BATCH-1000,DAY,normal,0,0
41,2026-01-30T08:01:17.610Z,2026-01-30T08:01:19.047Z,1437,FG-A,BATCH-1000,DAY,normal,0,0
42,2026-01-30T08:01:19.047Z,2026-01-30T08:01:20.701Z,1654,FG-A,BATCH-1000,DAY,normal,0,0
43,2026-01-30T08:01:20.701Z,2026-01-30T08:01:22.041Z,1340,FG-A,BATCH-1000,DAY,fast_cycle,0,0
44,2026-01-30T08:01:22.041Z,2026-01-30T08:01:23.464Z,1423,FG-A,BATCH-1000,DAY,normal,0,0
45,2026-01-30T08:01:23.464Z,2026-01-30T08:01:24.884Z,1420,FG-A,BATCH-1000,DAY,normal,0,0
46,2026-01-30T08:01:24.884Z,2026-01-30T08:01:26.192Z,1308,FG-A,BATCH-1000,DAY,normal,0,0
47,2026-01-30T08:01:26.192Z,2026-01-30T08:01:27.947Z,1755,FG-A,BATCH-1000,DAY,normal,0,0
48,2026-01-30T08:01:27.947Z,2026-01-30T08:01:29.497Z,1550,FG-A,BATCH-1000,DAY,normal,0,0
49,2026-01-30T08:01:29.497Z,2026-01-30T08:01:31.027Z,1530,FG-A,BATCH-1000,DAY,normal,0,0
50,2026-01-30T08:01:31.027Z,2026-01-30T08:01:32.495Z,1468,FG-A,BATCH-1000,DAY,normal,0,0
51,2026-01-30T08:01:32.495Z,2026-01-30T08:01:34.019Z,1524,FG-A,BATCH-1000,DAY,normal,0,0
52,2026-01-30T08:01:34.019Z,2026-01-30T08:01:35.465Z,1446,FG-A,BATCH-1000,DAY,normal,0,0
53,2026-01-30T08:01:35.465Z,2026-01-30T08:01:37.048Z,1583,FG-A,BATCH-1000,DAY,normal,0,0
54,2026-01-30T08:01:37.048Z,2026-01-30T08:01:38.580Z,1532,FG-A,BATCH-1000,DAY,normal,0,0
55,2026-01-30T08:01:38.580Z,2026-01-30T08:01:40.233Z,1653,FG-A,BATCH-1000,DAY,normal,0,0
56,2026-01-30T08:01:40.233Z,2026-01-30T08:01:41.830Z,1597,FG-A,BATCH-1000,DAY,normal,0,0
57,2026-01-30T08:01:41.830Z,2026-01-30T08:01:43.314Z,1484,FG-A,BATCH-1000,DAY,normal,0,0
58,2026-01-30T08:01:43.314Z,2026-01-30T08:01:44.948Z,1634,FG-A,BATCH-1000,DAY,normal,0,0
59,2026-01-30T08:01:44.948Z,2026-01-30T08:01:46.622Z,1674,FG-A,BATCH-1000,DAY,normal,0,0
60,2026-01-30T08:01:46.622Z,2026-01-30T08:01:48.161Z,1539,FG-A,BATCH-1000,DAY,normal,0,0
61,2026-01-30T08:01:48.161Z,2026-01-30T08:01:51.518Z,3357,FG-A,BATCH-1000,DAY,slow_cycle,0,1
62,2026-01-30T08:01:51.518Z,2026-01-30T08:01:53.190Z,1672,FG-A,BATCH-1000,DAY,normal,0,0
63,2026-01-30T08:01:53.190Z,2026-01-30T08:01:54.280Z,1090,FG-A,BATCH-1000,DAY,fast_cycle,0,0
64,2026-01-30T08:01:54.280Z,2026-01-30T08:01:55.861Z,1581,FG-A,BATCH-1000,DAY,normal,0,0
65,2026-01-30T08:01:55.861Z,2026-01-30T08:01:57.391Z,1530,FG-A,BATCH-1000,DAY,normal,0,0
66,2026-01-30T08:01:57.391Z,2026-01-30T08:01:58.945Z,1554,FG-A,BATCH-1000,DAY,normal,0,0
67,2026-01-30T08:01:58.945Z,2026-01-30T08:02:00.327Z,1382,FG-A,BATCH-1000,DAY,normal,0,0
68,2026-01-30T08:02:00.327Z,2026-01-30T08:02:01.799Z,1472,FG-A,BATCH-1000,DAY,normal,0,0
69,2026-01-30T08:02:01.799Z,2026-01-30T08:02:03.320Z,1521,FG-A,BATCH-1000,DAY,normal,0,0
70,2026-01-30T08:02:03.320Z,2026-01-30T08:02:04.892Z,1572,FG-A,BATCH-1000,DAY,normal,0,0
71,2026-01-30T08:02:04.892Z,2026-01-30T08:02:06.551Z,1659,FG-A,BATCH-1000,DAY,normal,0,0
72,2026-01-30T08:02:06.551Z,2026-01-30T08:02:07.978Z,1427,FG-A,BATCH-1000,DAY,normal,0,0
73,2026-01-30T08:02:07.978Z,2026-01-30T08:02:09.809Z,1831,FG-A,BATCH-1000,DAY,normal,0,0
74,2026-01-30T08:02:09.809Z,2026-01-30T08:02:11.305Z,1496,FG-A,BATCH-1000,DAY,normal,0,0
75,2026-01-30T08:02:11.305Z,2026-01-30T08:02:12.844Z,1539,FG-A,BATCH-1000,DAY,normal,0,0
76,2026-01-30T08:02:12.844Z,2026-01-30T08:02:14.330Z,1486,FG-A,BATCH-1000,DAY,normal,0,0
77,2026-01-30T08:02:14.330Z,2026-01-30T08:02:15.838Z,1508,FG-A,BATCH-1000,DAY,normal,0,0
78,2026-01-30T08:02:15.838Z,2026-01-30T08:02:17.336Z,1498,FG-A,BATCH-1000,DAY,normal,0,0
79,2026-01-30T08:02:17.336Z,2026-01-30T08:02:18.830Z,1494,FG-A,BATCH-1000,DAY,normal,0,0
80,2026-01-30T08:02:18.830Z,2026-01-30T08:02:20.438Z,1608,FG-A,BATCH-1000,DAY,normal,0,0
81,2026-01-30T08:02:20.438Z,2026-01-30T08:02:22.013Z,1575,FG-A,BATCH-1000,DAY,normal,0,0
82,2026-01-30T08:02:22.013Z,2026-01-30T08:02:23.708Z,1695,FG-A,BATCH-1000,DAY,normal,0,0
83,2026-01-30T08:02:23.708Z,2026-01-30T08:02:25.418Z,1710,FG-A,BATCH-1000,DAY,normal,0,0
84,2026-01-30T08:02:25.418Z,2026-01-30T08:02:27.001Z,1583,FG-A,BATCH-1000,DAY,normal,0,0
85,2026-01-30T08:02:27.001Z,2026-01-30T08:02:28.378Z,1377,FG-A,BATCH-1000,DAY,normal,0,0
86,2026-01-30T08:02:28.378Z,2026-01-30T08:02:29.833Z,1455,FG-A,BATCH-1000,DAY,normal,0,0
87,2026-01-30T08:02:29.833Z,2026-01-30T08:02:31.421Z,1588,FG-A,BATCH-1000,DAY,normal,0,0
88,2026-01-30T08:02:31.421Z,2026-01-30T08:02:32.840Z,1419,FG-A,BATCH-1000,DAY,normal,0,0
89,2026-01-30T08:02:32.840Z,2026-01-30T08:02:34.143Z,1303,FG-A,BATCH-1000,DAY,normal,0,0
90,2026-01-30T08:02:34.143Z,2026-01-30T08:02:35.588Z,1445,FG-A,BATCH-1000,DAY,normal,0,0
91,2026-01-30T08:02:35.588Z,2026-01-30T08:02:37.294Z,1706,FG-A,BATCH-1000,DAY,normal,0,0
92,2026-01-30T08:02:37.294Z,2026-01-30T08:02:38.746Z,1452,FG-A,BATCH-1000,DAY,normal,0,0
93,2026-01-30T08:02:38.746Z,2026-01-30T08:02:40.324Z,1578,FG-A,BATCH-1000,DAY,normal,0,0
94,2026-01-30T08:02:40.324Z,2026-01-30T08:02:41.962Z,1638,FG-A,BATCH-1000,DAY,normal,0,0
95,2026-01-30T08:02:41.962Z,2026-01-30T08:02:43.461Z,1499,FG-A,BATCH-1000,DAY,normal,0,0
96,2026-01-30T08:02:43.461Z,2026-01-30T08:02:45.351Z,1890,FG-A,BATCH-1000,DAY,normal,0,0
97,2026-01-30T08:02:45.351Z,2026-01-30T08:02:47.011Z,1660,FG-A,BATCH-1000,DAY,normal,0,0
98,2026-01-30T08:02:47.011Z,2026-01-30T08:02:48.723Z,1712,FG-A,BATCH-1000,DAY,normal,0,0
99,2026-01-30T08:02:48.723Z,2026-01-30T08:02:50.188Z,1465,FG-A,BATCH-1000,DAY,normal,0,0
100,2026-01-30T08:02:50.188Z,2026-01-30T08:02:51.513Z,1325,FG-A,BATCH-1000,DAY,fast_cycle,0,0
101,2026-01-30T08:02:51.513Z,2026-01-30T08:02:53.154Z,1641,FG-A,BATCH-1000,DAY,normal,0,0
102,2026-01-30T08:02:53.154Z,2026-01-30T08:02:54.686Z,1532,FG-A,BATCH-1000,DAY,normal,0,0
103,2026-01-30T08:02:54.686Z,2026-01-30T08:02:56.399Z,1713,FG-A,BATCH-1000,DAY,normal,0,0
104,2026-01-30T08:02:56.399Z,2026-01-30T08:02:58.247Z,1848,FG-A,BATCH-1000,DAY,normal,0,0
105,2026-01-30T08:02:58.247Z,2026-01-30T08:02:59.712Z,1465,FG-A,BATCH-1000,DAY,normal,0,0
106,2026-01-30T08:02:59.712Z,2026-01-30T08:03:01.305Z,1593,FG-A,BATCH-1000,DAY,normal,0,0
107,2026-01-30T08:03:01.305Z,2026-01-30T08:03:02.919Z,1614,FG-A,BATCH-1000,DAY,normal,0,0
108,2026-01-30T08:03:02.919Z,2026-01-30T08:03:04.036Z,1117,FG-A,BATCH-1000,DAY,fast_cycle,0,0
109,2026-01-30T08:03:04.036Z,2026-01-30T08:03:05.543Z,1507,FG-A,BATCH-1000,DAY,normal,0,0
110,2026-01-30T08:03:05.543Z,2026-01-30T08:03:07.125Z,1582,FG-A,BATCH-1000,DAY,normal,0,0
111,2026-01-30T08:03:07.125Z,2026-01-30T08:03:08.629Z,1504,FG-A,BATCH-1000,DAY,normal,0,0
112,2026-01-30T08:03:08.629Z,2026-01-30T08:03:10.228Z,1599,FG-A,BATCH-1000,DAY,normal,0,0
113,2026-01-30T08:03:10.228Z,2026-01-30T08:03:11.894Z,1666,FG-A,BATCH-1000,DAY,normal,0,0
114,2026-01-30T08:03:11.894Z,2026-01-30T08:03:13.589Z,1695,FG-A,BATCH-1000,DAY,normal,0,0
115,2026-01-30T08:03:13.589Z,2026-01-30T08:03:15.275Z,1686,FG-A,BATCH-1000,DAY,normal,0,0
116,2026-01-30T08:03:15.275Z,2026-01-30T08:03:16.752Z,1477,FG-A,BATCH-1000,DAY,normal,0,0
117,2026-01-30T08:03:16.752Z,2026-01-30T08:03:18.234Z,1482,FG-A,BATCH-1000,DAY,normal,0,0
118,2026-01-30T08:03:18.234Z,2026-01-30T08:03:19.842Z,1608,FG-A,BATCH-1000,DAY,normal,0,0
119,2026-01-30T08:03:19.842Z,2026-01-30T08:03:21.366Z,1524,FG-A,BATCH-1000,DAY,normal,0,0
120,2026-01-30T08:03:21.366Z,2026-01-30T08:03:22.803Z,1437,FG-A,BATCH-1000,DAY,normal,0,0
121,2026-01-30T08:03:22.803Z,2026-01-30T08:03:24.439Z,1636,FG-A,BATCH-1000,DAY,normal,0,0
122,2026-01-30T08:03:24.439Z,2026-01-30T08:03:25.989Z,1550,FG-A,BATCH-1000,DAY,normal,0,0
123,2026-01-30T08:03:25.989Z,2026-01-30T08:03:27.502Z,1513,FG-A,BATCH-1000,DAY,normal,0,0
124,2026-01-30T08:03:27.502Z,2026-01-30T08:03:29.089Z,1587,FG-A,BATCH-1000,DAY,normal,0,0
125,2026-01-30T08:03:29.089Z,2026-01-30T08:03:30.638Z,1549,FG-A,BATCH-1000,DAY,normal,0,0
126,2026-01-30T08:03:30.638Z,2026-01-30T08:03:32.367Z,1729,FG-A,BATCH-1000,DAY,normal,0,0
127,2026-01-30T08:03:32.367Z,2026-01-30T08:03:33.838Z,1471,FG-A,BATCH-1000,DAY,normal,0,0
128,2026-01-30T08:03:33.838Z,2026-01-30T08:03:35.487Z,1649,FG-A,BATCH-1000,DAY,normal,0,0
129,2026-01-30T08:03:35.487Z,2026-01-30T08:03:37.188Z,1701,FG-A,BATCH-1000,DAY,normal,0,0
130,2026-01-30T08:03:37.188Z,2026-01-30T08:03:51.267Z,14079,FG-A,BATCH-1000,DAY,long_gap,1,1
131,2026-01-30T08:03:51.267Z,2026-01-30T08:03:52.807Z,1540,FG-A,BATCH-1000,DAY,normal,0,0
132,2026-01-30T08:03:52.807Z,2026-01-30T08:03:54.242Z,1435,FG-A,BATCH-1000,DAY,normal,0,0
133,2026-01-30T08:03:54.242Z,2026-01-30T08:03:55.601Z,1359,FG-A,BATCH-1000,DAY,normal,0,0
134,2026-01-30T08:03:55.601Z,2026-01-30T08:03:57.247Z,1646,FG-A,BATCH-1000,DAY,normal,0,0
135,2026-01-30T08:03:57.247Z,2026-01-30T08:03:58.874Z,1627,FG-A,BATCH-1000,DAY,normal,0,0
136,2026-01-30T08:03:58.874Z,2026-01-30T08:04:00.413Z,1539,FG-A,BATCH-1000,DAY,normal,0,0
137,2026-01-30T08:04:00.413Z,2026-01-30T08:04:01.902Z,1489,FG-A,BATCH-1000,DAY,normal,0,0
138,2026-01-30T08:04:01.902Z,2026-01-30T08:04:03.248Z,1346,FG-A,BATCH-1000,DAY,normal,0,0
139,2026-01-30T08:04:03.248Z,2026-01-30T08:04:04.815Z,1567,FG-A,BATCH-1000,DAY,normal,0,0
140,2026-01-30T08:04:04.815Z,2026-01-30T08:04:18.285Z,13470,FG-A,BATCH-1000,DAY,long_gap,1,1
141,2026-01-30T08:04:18.285Z,2026-01-30T08:04:19.873Z,1588,FG-A,BATCH-1000,DAY,normal,0,0
142,2026-01-30T08:04:19.873Z,2026-01-30T08:04:21.414Z,1541,FG-A,BATCH-1000,DAY,normal,0,0
143,2026-01-30T08:04:21.414Z,2026-01-30T08:04:23.122Z,1708,FG-A,BATCH-1000,DAY,normal,0,0
144,2026-01-30T08:04:23.122Z,2026-01-30T08:04:24.712Z,1590,FG-A,BATCH-1000,DAY,normal,0,0
145,2026-01-30T08:04:24.712Z,2026-01-30T08:04:26.267Z,1555,FG-A,BATCH-1000,DAY,normal,0,0
146,2026-01-30T08:04:26.267Z,2026-01-30T08:04:27.647Z,1380,FG-A,BATCH-1000,DAY,normal,0,0
147,2026-01-30T08:04:27.647Z,2026-01-30T08:04:29.149Z,1502,FG-A,BATCH-1000,DAY,normal,0,0
148,2026-01-30T08:04:29.149Z,2026-01-30T08:04:30.759Z,1610,FG-A,BATCH-1000,DAY,normal,0,0
149,2026-01-30T08:04:30.759Z,2026-01-30T08:04:32.371Z,1612,FG-A,BATCH-1000,DAY,normal,0,0
150,2026-01-30T08:04:32.371Z,2026-01-30T08:04:34.055Z,1684,FG-A,BATCH-1000,DAY,normal,0,0
151,2026-01-30T08:04:34.055Z,2026-01-30T08:04:35.452Z,1397,FG-A,BATCH-1000,DAY,normal,0,0
152,2026-01-30T08:04:35.452Z,2026-01-30T08:04:37.138Z,1686,FG-A,BATCH-1000,DAY,normal,0,0
153,2026-01-30T08:04:37.138Z,2026-01-30T08:04:38.791Z,1653,FG-A,BATCH-1000,DAY,normal,0,0
154,2026-01-30T08:04:38.791Z,2026-01-30T08:04:40.305Z,1514,FG-A,BATCH-1000,DAY,normal,0,0
155,2026-01-30T08:04:40.305Z,2026-01-30T08:04:41.821Z,1516,FG-A,BATCH-1000,DAY,normal,0,0
156,2026-01-30T08:04:41.821Z,2026-01-30T08:04:43.546Z,1725,FG-A,BATCH-1000,DAY,normal,0,0
157,2026-01-30T08:04:43.546Z,2026-01-30T08:04:46.658Z,3112,FG-A,BATCH-1000,DAY,slow_cycle,0,1
158,2026-01-30T08:04:46.658Z,2026-01-30T08:04:48.104Z,1446,FG-A,BATCH-1000,DAY,normal,0,0
159,2026-01-30T08:04:48.104Z,2026-01-30T08:04:49.849Z,1745,FG-A,BATCH-1000,DAY,normal,0,0
160,2026-01-30T08:04:49.849Z,2026-01-30T08:04:51.431Z,1582,FG-A,BATCH-1000,DAY,normal,0,0
161,2026-01-30T08:04:51.431Z,2026-01-30T08:04:52.916Z,1485,FG-A,BATCH-1000,DAY,normal,0,0
162,2026-01-30T08:04:52.916Z,2026-01-30T08:04:54.601Z,1685,FG-A,BATCH-1000,DAY,normal,0,0
163,2026-01-30T08:04:54.601Z,2026-01-30T08:04:56.021Z,1420,FG-A,BATCH-1000,DAY,normal,0,0
164,2026-01-30T08:04:56.021Z,2026-01-30T08:04:57.497Z,1476,FG-A,BATCH-1000,DAY,normal,0,0
165,2026-01-30T08:04:57.497Z,2026-01-30T08:04:59.072Z,1575,FG-A,BATCH-1000,DAY,normal,0,0
166,2026-01-30T08:04:59.072Z,2026-01-30T08:05:00.689Z,1617,FG-A,BATCH-1000,DAY,normal,0,0
167,2026-01-30T08:05:00.689Z,2026-01-30T08:05:02.254Z,1565,FG-A,BATCH-1000,DAY,normal,0,0
168,2026-01-30T08:05:02.254Z,2026-01-30T08:05:03.885Z,1631,FG-A,BATCH-1000,DAY,normal,0,0
169,2026-01-30T08:05:03.885Z,2026-01-30T08:05:05.425Z,1540,FG-A,BATCH-1000,DAY,normal,0,0
170,2026-01-30T08:05:05.425Z,2026-01-30T08:05:07.098Z,1673,FG-A,BATCH-1000,DAY,normal,0,0
171,2026-01-30T08:05:07.098Z,2026-01-30T08:05:08.640Z,1542,FG-A,BATCH-1000,DAY,normal,0,0
172,2026-01-30T08:05:08.640Z,2026-01-30T08:05:10.254Z,1614,FG-A,BATCH-1000,DAY,normal,0,0
173,2026-01-30T08:05:10.254Z,2026-01-30T08:05:11.799Z,1545,FG-A,BATCH-1000,DAY,normal,0,0
174,2026-01-30T08:05:11.799Z,2026-01-30T08:05:13.434Z,1635,FG-A,BATCH-1000,DAY,normal,0,0
175,2026-01-30T08:05:13.434Z,2026-01-30T08:05:15.054Z,1620,FG-A,BATCH-1000,DAY,normal,0,0
176,2026-01-30T08:05:15.054Z,2026-01-30T08:05:16.521Z,1467,FG-A,BATCH-1000,DAY,normal,0,0
177,2026-01-30T08:05:16.521Z,2026-01-30T08:05:18.007Z,1486,FG-A,BATCH-1000,DAY,normal,0,0
178,2026-01-30T08:05:18.007Z,2026-01-30T08:05:32.904Z,14897,FG-A,BATCH-1000,DAY,long_gap,1,1
179,2026-01-30T08:05:32.904Z,2026-01-30T08:05:34.610Z,1706,FG-A,BATCH-1000,DAY,normal,0,0
180,2026-01-30T08:05:34.610Z,2026-01-30T08:05:36.137Z,1527,FG-A,BATCH-1000,DAY,normal,0,0
181,2026-01-30T08:05:36.137Z,2026-01-30T08:05:37.540Z,1403,FG-A,BATCH-1000,DAY,normal,0,0
182,2026-01-30T08:05:37.540Z,2026-01-30T08:05:39.224Z,1684,FG-A,BATCH-1000,DAY,normal,0,0
183,2026-01-30T08:05:39.224Z,2026-01-30T08:05:40.841Z,1617,FG-A,BATCH-1000,DAY,normal,0,0
184,2026-01-30T08:05:40.841Z,2026-01-30T08:05:42.486Z,1645,FG-A,BATCH-1000,DAY,normal,0,0
185,2026-01-30T08:05:42.486Z,2026-01-30T08:05:43.920Z,1434,FG-A,BATCH-1000,DAY,normal,0,0
186,2026-01-30T08:05:43.920Z,2026-01-30T08:05:45.397Z,1477,FG-A,BATCH-1000,DAY,normal,0,0
187,2026-01-30T08:05:45.397Z,2026-01-30T08:05:47.007Z,1610,FG-A,BATCH-1000,DAY,normal,0,0
188,2026-01-30T08:05:47.007Z,2026-01-30T08:05:48.367Z,1360,FG-A,BATCH-1000,DAY,normal,0,0
189,2026-01-30T08:05:48.367Z,2026-01-30T08:05:50.033Z,1666,FG-A,BATCH-1000,DAY,normal,0,0
190,2026-01-30T08:05:50.033Z,2026-01-30T08:05:51.531Z,1498,FG-A,BATCH-1000,DAY,normal,0,0
191,2026-01-30T08:05:51.531Z,2026-01-30T08:06:00.761Z,9230,FG-A,BATCH-1000,DAY,long_gap,1,1
192,2026-01-30T08:06:00.761Z,2026-01-30T08:06:02.206Z,1445,FG-A,BATCH-1000,DAY,normal,0,0
193,2026-01-30T08:06:02.206Z,2026-01-30T08:06:03.818Z,1612,FG-A,BATCH-1000,DAY,normal,0,0
194,2026-01-30T08:06:03.818Z,2026-01-30T08:06:05.315Z,1497,FG-A,BATCH-1000,DAY,normal,0,0
195,2026-01-30T08:06:05.315Z,2026-01-30T08:06:06.897Z,1582,FG-A,BATCH-1000,DAY,normal,0,0
196,2026-01-30T08:06:06.897Z,2026-01-30T08:06:08.472Z,1575,FG-A,BATCH-1000,DAY,normal,0,0
197,2026-01-30T08:06:08.472Z,2026-01-30T08:06:09.975Z,1503,FG-A,BATCH-1000,DAY,normal,0,0
198,2026-01-30T08:06:09.975Z,2026-01-30T08:06:11.476Z,1501,FG-A,BATCH-1000,DAY,normal,0,0
199,2026-01-30T08:06:11.476Z,2026-01-30T08:06:12.971Z,1495,FG-A,BATCH-1000,DAY,normal,0,0
200,2026-01-30T08:06:12.971Z,2026-01-30T08:06:14.499Z,1528,FG-A,BATCH-1000,DAY,normal,0,0
201,2026-01-30T08:06:14.499Z,2026-01-30T08:06:16.992Z,2493,FG-A,BATCH-1000,DAY,slow_cycle,0,1
202,2026-01-30T08:06:16.992Z,2026-01-30T08:06:18.369Z,1377,FG-A,BATCH-1000,DAY,normal,0,0
203,2026-01-30T08:06:18.369Z,2026-01-30T08:06:19.957Z,1588,FG-A,BATCH-1000,DAY,normal,0,0
204,2026-01-30T08:06:19.957Z,2026-01-30T08:06:21.474Z,1517,FG-A,BATCH-1000,DAY,normal,0,0
205,2026-01-30T08:06:21.474Z,2026-01-30T08:06:22.988Z,1514,FG-A,BATCH-1000,DAY,normal,0,0
206,2026-01-30T08:06:22.988Z,2026-01-30T08:06:36.362Z,13374,FG-A,BATCH-1000,DAY,long_gap,1,1
207,2026-01-30T08:06:36.362Z,2026-01-30T08:06:38.061Z,1699,FG-A,BATCH-1000,DAY,normal,0,0
208,2026-01-30T08:06:38.061Z,2026-01-30T08:06:39.700Z,1639,FG-A,BATCH-1000,DAY,normal,0,0
209,2026-01-30T08:06:39.700Z,2026-01-30T08:06:41.322Z,1622,FG-A,BATCH-1000,DAY,normal,0,0
210,2026-01-30T08:06:41.322Z,2026-01-30T08:06:42.852Z,1530,FG-A,BATCH-1000,DAY,normal,0,0
211,2026-01-30T08:06:42.852Z,2026-01-30T08:06:44.409Z,1557,FG-A,BATCH-1000,DAY,normal,0,0
212,2026-01-30T08:06:44.409Z,2026-01-30T08:06:45.805Z,1396,FG-A,BATCH-1000,DAY,normal,0,0
213,2026-01-30T08:06:45.805Z,2026-01-30T08:06:47.412Z,1607,FG-A,BATCH-1000,DAY,normal,0,0
214,2026-01-30T08:06:47.412Z,2026-01-30T08:06:48.781Z,1369,FG-A,BATCH-1000,DAY,normal,0,0
215,2026-01-30T08:06:48.781Z,2026-01-30T08:06:50.211Z,1430,FG-A,BATCH-1000,DAY,normal,0,0
216,2026-01-30T08:06:50.211Z,2026-01-30T08:06:51.750Z,1539,FG-A,BATCH-1000,DAY,normal,0,0
217,2026-01-30T08:06:51.750Z,2026-01-30T08:06:53.201Z,1451,FG-A,BATCH-1000,DAY,normal,0,0
218,2026-01-30T08:06:53.201Z,2026-01-30T08:06:54.888Z,1687,FG-A,BATCH-1000,DAY,normal,0,0
219,2026-01-30T08:06:54.888Z,2026-01-30T08:06:56.355Z,1467,FG-A,BATCH-1000,DAY,normal,0,0
220,2026-01-30T08:06:56.355Z,2026-01-30T08:06:57.919Z,1564,FG-A,BATCH-1000,DAY,normal,0,0
221,2026-01-30T08:06:57.919Z,2026-01-30T08:06:59.616Z,1697,FG-A,BATCH-1000,DAY,normal,0,0
222,2026-01-30T08:06:59.616Z,2026-01-30T08:07:01.125Z,1509,FG-A,BATCH-1000,DAY,normal,0,0
223,2026-01-30T08:07:01.125Z,2026-01-30T08:07:02.632Z,1507,FG-A,BATCH-1000,DAY,normal,0,0
224,2026-01-30T08:07:02.632Z,2026-01-30T08:07:04.183Z,1551,FG-A,BATCH-1000,DAY,normal,0,0
225,2026-01-30T08:07:04.183Z,2026-01-30T08:07:05.828Z,1645,FG-A,BATCH-1000,DAY,normal,0,0
226,2026-01-30T08:07:05.828Z,2026-01-30T08:07:07.407Z,1579,FG-A,BATCH-1000,DAY,normal,0,0
227,2026-01-30T08:07:07.407Z,2026-01-30T08:07:09.115Z,1708,FG-A,BATCH-1000,DAY,normal,0,0
228,2026-01-30T08:07:09.115Z,2026-01-30T08:07:10.578Z,1463,FG-A,BATCH-1000,DAY,normal,0,0
229,2026-01-30T08:07:10.578Z,2026-01-30T08:07:12.206Z,1628,FG-A,BATCH-1000,DAY,normal,0,0
230,2026-01-30T08:07:12.206Z,2026-01-30T08:07:13.588Z,1382,FG-A,BATCH-1000,DAY,normal,0,0
231,2026-01-30T08:07:13.588Z,2026-01-30T08:07:15.250Z,1662,FG-A,BATCH-1000,DAY,normal,0,0
232,2026-01-30T08:07:15.250Z,2026-01-30T08:07:16.914Z,1664,FG-A,BATCH-1000,DAY,normal,0,0
233,2026-01-30T08:07:16.914Z,2026-01-30T08:07:26.646Z,9732,FG-A,BATCH-1000,DAY,long_gap,1,1
234,2026-01-30T08:07:26.646Z,2026-01-30T08:07:28.213Z,1567,FG-A,BATCH-1000,DAY,normal,0,0
235,2026-01-30T08:07:28.213Z,2026-01-30T08:07:29.590Z,1377,FG-A,BATCH-1000,DAY,normal,0,0
236,2026-01-30T08:07:29.590Z,2026-01-30T08:07:31.152Z,1562,FG-A,BATCH-1000,DAY,normal,0,0
237,2026-01-30T08:07:31.152Z,2026-01-30T08:07:32.596Z,1444,FG-A,BATCH-1000,DAY,normal,0,0
238,2026-01-30T08:07:32.596Z,2026-01-30T08:07:35.282Z,2686,FG-A,BATCH-1000,DAY,slow_cycle,0,1
239,2026-01-30T08:07:35.282Z,2026-01-30T08:07:36.946Z,1664,FG-A,BATCH-1000,DAY,normal,0,0
240,2026-01-30T08:07:36.946Z,2026-01-30T08:07:38.463Z,1517,FG-A,BATCH-1000,DAY,normal,0,0
241,2026-01-30T08:07:38.463Z,2026-01-30T08:07:40.059Z,1596,FG-A,BATCH-1000,DAY,normal,0,0
242,2026-01-30T08:07:40.059Z,2026-01-30T08:07:41.607Z,1548,FG-A,BATCH-1000,DAY,normal,0,0
243,2026-01-30T08:07:41.607Z,2026-01-30T08:07:43.156Z,1549,FG-A,BATCH-1000,DAY,normal,0,0
244,2026-01-30T08:07:43.156Z,2026-01-30T08:07:44.855Z,1699,FG-A,BATCH-1000,DAY,normal,0,0
245,2026-01-30T08:07:44.855Z,2026-01-30T08:07:46.443Z,1588,FG-A,BATCH-1000,DAY,normal,0,0
246,2026-01-30T08:07:46.443Z,2026-01-30T08:07:48.096Z,1653,FG-A,BATCH-1000,DAY,normal,0,0
247,2026-01-30T08:07:48.096Z,2026-01-30T08:07:49.689Z,1593,FG-A,BATCH-1000,DAY,normal,0,0
248,2026-01-30T08:07:49.689Z,2026-01-30T08:07:51.260Z,1571,FG-A,BATCH-1000,DAY,normal,0,0
249,2026-01-30T08:07:51.260Z,2026-01-30T08:07:52.732Z,1472,FG-A,BATCH-1000,DAY,normal,0,0
250,2026-01-30T08:07:52.732Z,2026-01-30T08:07:55.644Z,2912,FG-A,BATCH-1000,DAY,slow_cycle,0,1
251,2026-01-30T08:07:55.644Z,2026-01-30T08:07:57.248Z,1604,FG-A,BATCH-1000,DAY,normal,0,0
252,2026-01-30T08:07:57.248Z,2026-01-30T08:07:58.732Z,1484,FG-A,BATCH-1000,DAY,normal,0,0
253,2026-01-30T08:07:58.732Z,2026-01-30T08:08:00.409Z,1677,FG-A,BATCH-1000,DAY,normal,0,0
254,2026-01-30T08:08:00.409Z,2026-01-30T08:08:01.981Z,1572,FG-A,BATCH-1000,DAY,normal,0,0
255,2026-01-30T08:08:01.981Z,2026-01-30T08:08:04.197Z,2216,FG-A,BATCH-1000,DAY,slow_cycle,0,1
256,2026-01-30T08:08:04.197Z,2026-01-30T08:08:05.862Z,1665,FG-A,BATCH-1000,DAY,normal,0,0
257,2026-01-30T08:08:05.862Z,2026-01-30T08:08:07.529Z,1667,FG-A,BATCH-1000,DAY,normal,0,0
258,2026-01-30T08:08:07.529Z,2026-01-30T08:08:09.044Z,1515,FG-A,BATCH-1000,DAY,normal,0,0
259,2026-01-30T08:08:09.044Z,2026-01-30T08:08:10.456Z,1412,FG-A,BATCH-1000,DAY,normal,0,0
260,2026-01-30T08:08:10.456Z,2026-01-30T08:08:12.022Z,1566,FG-A,BATCH-1000,DAY,normal,0,0
261,2026-01-30T08:08:12.022Z,2026-01-30T08:08:13.541Z,1519,FG-A,BATCH-1000,DAY,normal,0,0
262,2026-01-30T08:08:13.541Z,2026-01-30T08:08:15.124Z,1583,FG-A,BATCH-1000,DAY,normal,0,0
263,2026-01-30T08:08:15.124Z,2026-01-30T08:08:16.704Z,1580,FG-A,BATCH-1000,DAY,normal,0,0
264,2026-01-30T08:08:16.704Z,2026-01-30T08:08:18.363Z,1659,FG-A,BATCH-1000,DAY,normal,0,0
265,2026-01-30T08:08:18.363Z,2026-01-30T08:08:19.905Z,1542,FG-A,BATCH-1000,DAY,normal,0,0
266,2026-01-30T08:08:19.905Z,2026-01-30T08:08:21.423Z,1518,FG-A,BATCH-1000,DAY,normal,0,0
267,2026-01-30T08:08:21.423Z,2026-01-30T08:08:22.866Z,1443,FG-A,BATCH-1000,DAY,normal,0,0
268,2026-01-30T08:08:22.866Z,2026-01-30T08:08:24.509Z,1643,FG-A,BATCH-1000,DAY,normal,0,0
269,2026-01-30T08:08:24.509Z,2026-01-30T08:08:25.972Z,1463,FG-A,BATCH-1000,DAY,normal,0,0
270,2026-01-30T08:08:25.972Z,2026-01-30T08:08:27.557Z,1585,FG-A,BATCH-1000,DAY,normal,0,0
271,2026-01-30T08:08:27.557Z,2026-01-30T08:08:29.038Z,1481,FG-A,BATCH-1000,DAY,normal,0,0
272,2026-01-30T08:08:29.038Z,2026-01-30T08:08:30.519Z,1481,FG-A,BATCH-1000,DAY,normal,0,0
273,2026-01-30T08:08:30.519Z,2026-01-30T08:08:32.083Z,1564,FG-A,BATCH-1000,DAY,normal,0,0
274,2026-01-30T08:08:32.083Z,2026-01-30T08:08:33.841Z,1758,FG-A,BATCH-1000,DAY,normal,0,0
275,2026-01-30T08:08:33.841Z,2026-01-30T08:08:35.558Z,1717,FG-A,BATCH-1000,DAY,normal,0,0
276,2026-01-30T08:08:35.558Z,2026-01-30T08:08:37.099Z,1541,FG-A,BATCH-1000,DAY,normal,0,0
277,2026-01-30T08:08:37.099Z,2026-01-30T08:08:38.569Z,1470,FG-A,BATCH-1000,DAY,normal,0,0
278,2026-01-30T08:08:38.569Z,2026-01-30T08:08:40.115Z,1546,FG-A,BATCH-1000,DAY,normal,0,0
279,2026-01-30T08:08:40.115Z,2026-01-30T08:08:41.855Z,1740,FG-A,BATCH-1000,DAY,normal,0,0
280,2026-01-30T08:08:41.855Z,2026-01-30T08:08:43.282Z,1427,FG-A,BATCH-1000,DAY,normal,0,0
281,2026-01-30T08:08:43.282Z,2026-01-30T08:08:44.911Z,1629,FG-A,BATCH-1000,DAY,normal,0,0
282,2026-01-30T08:08:44.911Z,2026-01-30T08:08:46.499Z,1588,FG-A,BATCH-1000,DAY,normal,0,0
283,2026-01-30T08:08:46.499Z,2026-01-30T08:08:48.032Z,1533,FG-A,BATCH-1000,DAY,normal,0,0
284,2026-01-30T08:08:48.032Z,2026-01-30T08:08:49.474Z,1442,FG-A,BATCH-1000,DAY,normal,0,0
285,2026-01-30T08:08:49.474Z,2026-01-30T08:08:52.793Z,3319,FG-A,BATCH-1000,DAY,slow_cycle,0,1
286,2026-01-30T08:08:52.793Z,2026-01-30T08:08:54.389Z,1596,FG-A,BATCH-1000,DAY,normal,0,0
287,2026-01-30T08:08:54.389Z,2026-01-30T08:08:56.018Z,1629,FG-A,BATCH-1000,DAY,normal,0,0
288,2026-01-30T08:08:56.018Z,2026-01-30T08:08:57.695Z,1677,FG-A,BATCH-1000,DAY,normal,0,0
289,2026-01-30T08:08:57.695Z,2026-01-30T08:09:01.001Z,3306,FG-A,BATCH-1000,DAY,slow_cycle,0,1
290,2026-01-30T08:09:01.001Z,2026-01-30T08:09:02.701Z,1700,FG-A,BATCH-1000,DAY,normal,0,0
291,2026-01-30T08:09:02.701Z,2026-01-30T08:09:04.348Z,1647,FG-A,BATCH-1000,DAY,normal,0,0
292,2026-01-30T08:09:04.348Z,2026-01-30T08:09:05.868Z,1520,FG-A,BATCH-1000,DAY,normal,0,0
293,2026-01-30T08:09:05.868Z,2026-01-30T08:09:07.310Z,1442,FG-A,BATCH-1000,DAY,normal,0,0
294,2026-01-30T08:09:07.310Z,2026-01-30T08:09:08.936Z,1626,FG-A,BATCH-1000,DAY,normal,0,0
295,2026-01-30T08:09:08.936Z,2026-01-30T08:09:10.543Z,1607,FG-A,BATCH-1000,DAY,normal,0,0
296,2026-01-30T08:09:10.543Z,2026-01-30T08:09:12.019Z,1476,FG-A,BATCH-1000,DAY,normal,0,0
297,2026-01-30T08:09:12.019Z,2026-01-30T08:09:13.537Z,1518,FG-A,BATCH-1000,DAY,normal,0,0
298,2026-01-30T08:09:13.537Z,2026-01-30T08:09:15.105Z,1568,FG-A,BATCH-1000,DAY,normal,0,0
299,2026-01-30T08:09:15.105Z,2026-01-30T08:09:16.590Z,1485,FG-A,BATCH-1000,DAY,normal,0,0
300,2026-01-30T08:09:16.590Z,2026-01-30T08:09:18.160Z,1570,FG-A,BATCH-1000,DAY,normal,0,0
301,2026-01-30T08:09:18.160Z,2026-01-30T08:09:19.779Z,1619,FG-A,BATCH-1000,DAY,normal,0,0
302,2026-01-30T08:09:19.779Z,2026-01-30T08:09:21.193Z,1414,FG-A,BATCH-1000,DAY,normal,0,0
303,2026-01-30T08:09:21.193Z,2026-01-30T08:09:22.728Z,1535,FG-A,BATCH-1000,DAY,normal,0,0
304,2026-01-30T08:09:22.728Z,2026-01-30T08:09:24.147Z,1419,FG-A,BATCH-1000,DAY,normal,0,0
305,2026-01-30T08:09:24.147Z,2026-01-30T08:09:25.733Z,1586,FG-A,BATCH-1000,DAY,normal,0,0
306,2026-01-30T08:09:25.733Z,2026-01-30T08:09:27.295Z,1562,FG-A,BATCH-1000,DAY,normal,0,0
307,2026-01-30T08:09:27.295Z,2026-01-30T08:09:28.909Z,1614,FG-A,BATCH-1000,DAY,normal,0,0
308,2026-01-30T08:09:28.909Z,2026-01-30T08:09:30.487Z,1578,FG-A,BATCH-1000,DAY,normal,0,0
309,2026-01-30T08:09:30.487Z,2026-01-30T08:09:32.073Z,1586,FG-A,BATCH-1000,DAY,normal,0,0
310,2026-01-30T08:09:32.073Z,2026-01-30T08:09:33.764Z,1691,FG-A,BATCH-1000,DAY,normal,0,0
311,2026-01-30T08:09:33.764Z,2026-01-30T08:09:35.316Z,1552,FG-A,BATCH-1000,DAY,normal,0,0
312,2026-01-30T08:09:35.316Z,2026-01-30T08:09:36.963Z,1647,FG-A,BATCH-1000,DAY,normal,0,0
313,2026-01-30T08:09:36.963Z,2026-01-30T08:09:38.454Z,1491,FG-A,BATCH-1000,DAY,normal,0,0
314,2026-01-30T08:09:38.454Z,2026-01-30T08:09:39.926Z,1472,FG-A,BATCH-1000,DAY,normal,0,0
315,2026-01-30T08:09:39.926Z,2026-01-30T08:09:41.178Z,1252,FG-A,BATCH-1000,DAY,fast_cycle,0,0
316,2026-01-30T08:09:41.178Z,2026-01-30T08:09:42.576Z,1398,FG-A,BATCH-1000,DAY,normal,0,0
317,2026-01-30T08:09:42.576Z,2026-01-30T08:09:44.173Z,1597,FG-A,BATCH-1000,DAY,normal,0,0
318,2026-01-30T08:09:44.173Z,2026-01-30T08:09:45.724Z,1551,FG-A,BATCH-1000,DAY,normal,0,0
319,2026-01-30T08:09:45.724Z,2026-01-30T08:09:47.274Z,1550,FG-A,BATCH-1000,DAY,normal,0,0
320,2026-01-30T08:09:47.274Z,2026-01-30T08:09:48.746Z,1472,FG-A,BATCH-1000,DAY,normal,0,0
321,2026-01-30T08:09:48.746Z,2026-01-30T08:09:50.605Z,1859,FG-A,BATCH-1000,DAY,normal,0,0
322,2026-01-30T08:09:50.605Z,2026-01-30T08:09:52.046Z,1441,FG-A,BATCH-1000,DAY,normal,0,0
323,2026-01-30T08:09:52.046Z,2026-01-30T08:09:53.515Z,1469,FG-A,BATCH-1000,DAY,normal,0,0
324,2026-01-30T08:09:53.515Z,2026-01-30T08:09:54.990Z,1475,FG-A,BATCH-1000,DAY,normal,0,0
325,2026-01-30T08:09:54.990Z,2026-01-30T08:09:56.595Z,1605,FG-A,BATCH-1000,DAY,normal,0,0
326,2026-01-30T08:09:56.595Z,2026-01-30T08:09:58.123Z,1528,FG-A,BATCH-1000,DAY,normal,0,0
327,2026-01-30T08:09:58.123Z,2026-01-30T08:09:59.821Z,1698,FG-A,BATCH-1000,DAY,normal,0,0
328,2026-01-30T08:09:59.821Z,2026-01-30T08:10:01.456Z,1635,FG-A,BATCH-1000,DAY,normal,0,0
329,2026-01-30T08:10:01.456Z,2026-01-30T08:10:03.009Z,1553,FG-A,BATCH-1000,DAY,normal,0,0
330,2026-01-30T08:10:03.009Z,2026-01-30T08:10:04.615Z,1606,FG-A,BATCH-1000,DAY,normal,0,0
331,2026-01-30T08:10:04.615Z,2026-01-30T08:10:15.402Z,10787,FG-A,BATCH-1000,DAY,long_gap,1,1
332,2026-01-30T08:10:15.402Z,2026-01-30T08:10:16.911Z,1509,FG-A,BATCH-1000,DAY,normal,0,0
333,2026-01-30T08:10:16.911Z,2026-01-30T08:10:18.441Z,1530,FG-A,BATCH-1000,DAY,normal,0,0
334,2026-01-30T08:10:18.441Z,2026-01-30T08:10:19.985Z,1544,FG-A,BATCH-1000,DAY,normal,0,0
335,2026-01-30T08:10:19.985Z,2026-01-30T08:10:21.459Z,1474,FG-A,BATCH-1000,DAY,normal,0,0
336,2026-01-30T08:10:21.459Z,2026-01-30T08:10:23.065Z,1606,FG-A,BATCH-1000,DAY,normal,0,0
337,2026-01-30T08:10:23.065Z,2026-01-30T08:10:24.510Z,1445,FG-A,BATCH-1000,DAY,normal,0,0
338,2026-01-30T08:10:24.510Z,2026-01-30T08:10:25.979Z,1469,FG-A,BATCH-1000,DAY,normal,0,0
339,2026-01-30T08:10:25.979Z,2026-01-30T08:10:27.608Z,1629,FG-A,BATCH-1000,DAY,normal,0,0
340,2026-01-30T08:10:27.608Z,2026-01-30T08:10:29.200Z,1592,FG-A,BATCH-1000,DAY,normal,0,0
341,2026-01-30T08:10:29.200Z,2026-01-30T08:10:30.743Z,1543,FG-A,BATCH-1000,DAY,normal,0,0
342,2026-01-30T08:10:30.743Z,2026-01-30T08:10:32.317Z,1574,FG-A,BATCH-1000,DAY,normal,0,0
343,2026-01-30T08:10:32.317Z,2026-01-30T08:10:33.769Z,1452,FG-A,BATCH-1000,DAY,normal,0,0
344,2026-01-30T08:10:33.769Z,2026-01-30T08:10:35.289Z,1520,FG-A,BATCH-1000,DAY,normal,0,0
345,2026-01-30T08:10:35.289Z,2026-01-30T08:10:36.728Z,1439,FG-A,BATCH-1000,DAY,normal,0,0
346,2026-01-30T08:10:36.728Z,2026-01-30T08:10:41.329Z,4601,FG-A,BATCH-1000,DAY,jam_recovery,0,1
347,2026-01-30T08:10:41.329Z,2026-01-30T08:10:42.906Z,1577,FG-A,BATCH-1000,DAY,normal,0,0
348,2026-01-30T08:10:42.906Z,2026-01-30T08:10:44.482Z,1576,FG-A,BATCH-1000,DAY,normal,0,0
349,2026-01-30T08:10:44.482Z,2026-01-30T08:10:46.099Z,1617,FG-A,BATCH-1000,DAY,normal,0,0
350,2026-01-30T08:10:46.099Z,2026-01-30T08:10:47.467Z,1368,FG-A,BATCH-1000,DAY,normal,0,0
351,2026-01-30T08:10:47.467Z,2026-01-30T08:10:48.937Z,1470,FG-A,BATCH-1000,DAY,normal,0,0
352,2026-01-30T08:10:48.937Z,2026-01-30T08:10:50.510Z,1573,FG-A,BATCH-1000,DAY,normal,0,0
353,2026-01-30T08:10:50.510Z,2026-01-30T08:10:52.113Z,1603,FG-A,BATCH-1000,DAY,normal,0,0
354,2026-01-30T08:10:52.113Z,2026-01-30T08:10:53.567Z,1454,FG-A,BATCH-1000,DAY,normal,0,0
355,2026-01-30T08:10:53.567Z,2026-01-30T08:10:54.971Z,1404,FG-A,BATCH-1000,DAY,normal,0,0
356,2026-01-30T08:10:54.971Z,2026-01-30T08:10:56.474Z,1503,FG-A,BATCH-1000,DAY,normal,0,0
357,2026-01-30T08:10:56.474Z,2026-01-30T08:10:57.968Z,1494,FG-A,BATCH-1000,DAY,normal,0,0
358,2026-01-30T08:10:57.968Z,2026-01-30T08:10:59.474Z,1506,FG-A,BATCH-1000,DAY,normal,0,0
359,2026-01-30T08:10:59.474Z,2026-01-30T08:11:01.174Z,1700,FG-A,BATCH-1000,DAY,normal,0,0
360,2026-01-30T08:11:01.174Z,2026-01-30T08:11:02.724Z,1550,FG-A,BATCH-1000,DAY,normal,0,0
361,2026-01-30T08:11:02.724Z,2026-01-30T08:11:04.228Z,1504,FG-A,BATCH-1000,DAY,normal,0,0
362,2026-01-30T08:11:04.228Z,2026-01-30T08:11:05.706Z,1478,FG-A,BATCH-1000,DAY,normal,0,0
363,2026-01-30T08:11:05.706Z,2026-01-30T08:11:07.251Z,1545,FG-A,BATCH-1000,DAY,normal,0,0
364,2026-01-30T08:11:07.251Z,2026-01-30T08:11:08.923Z,1672,FG-A,BATCH-1000,DAY,normal,0,0
365,2026-01-30T08:11:08.923Z,2026-01-30T08:11:10.483Z,1560,FG-A,BATCH-1000,DAY,normal,0,0
366,2026-01-30T08:11:10.483Z,2026-01-30T08:11:11.996Z,1513,FG-A,BATCH-1000,DAY,normal,0,0
367,2026-01-30T08:11:11.996Z,2026-01-30T08:11:13.474Z,1478,FG-A,BATCH-1000,DAY,normal,0,0
368,2026-01-30T08:11:13.474Z,2026-01-30T08:11:14.949Z,1475,FG-A,BATCH-1000,DAY,normal,0,0
369,2026-01-30T08:11:14.949Z,2026-01-30T08:11:16.649Z,1700,FG-A,BATCH-1000,DAY,normal,0,0
370,2026-01-30T08:11:16.649Z,2026-01-30T08:11:18.262Z,1613,FG-A,BATCH-1000,DAY,normal,0,0
371,2026-01-30T08:11:18.262Z,2026-01-30T08:11:19.955Z,1693,FG-A,BATCH-1000,DAY,normal,0,0
372,2026-01-30T08:11:19.955Z,2026-01-30T08:11:21.518Z,1563,FG-A,BATCH-1000,DAY,normal,0,0
373,2026-01-30T08:11:21.518Z,2026-01-30T08:11:23.051Z,1533,FG-A,BATCH-1000,DAY,normal,0,0
374,2026-01-30T08:11:23.051Z,2026-01-30T08:11:24.633Z,1582,FG-A,BATCH-1000,DAY,normal,0,0
375,2026-01-30T08:11:24.633Z,2026-01-30T08:11:26.267Z,1634,FG-A,BATCH-1000,DAY,normal,0,0
376,2026-01-30T08:11:26.267Z,2026-01-30T08:11:28.093Z,1826,FG-A,BATCH-1000,DAY,normal,0,0
377,2026-01-30T08:11:28.093Z,2026-01-30T08:11:29.836Z,1743,FG-A,BATCH-1000,DAY,normal,0,0
378,2026-01-30T08:11:29.836Z,2026-01-30T08:11:31.548Z,1712,FG-A,BATCH-1000,DAY,normal,0,0
379,2026-01-30T08:11:31.548Z,2026-01-30T08:11:33.248Z,1700,FG-A,BATCH-1000,DAY,normal,0,0
380,2026-01-30T08:11:33.248Z,2026-01-30T08:11:34.751Z,1503,FG-A,BATCH-1000,DAY,normal,0,0
381,2026-01-30T08:11:34.751Z,2026-01-30T08:11:36.326Z,1575,FG-A,BATCH-1000,DAY,normal,0,0
382,2026-01-30T08:11:36.326Z,2026-01-30T08:11:37.910Z,1584,FG-A,BATCH-1000,DAY,normal,0,0
383,2026-01-30T08:11:37.910Z,2026-01-30T08:11:39.610Z,1700,FG-A,BATCH-1000,DAY,normal,0,0
384,2026-01-30T08:11:39.610Z,2026-01-30T08:11:40.994Z,1384,FG-A,BATCH-1000,DAY,normal,0,0
385,2026-01-30T08:11:40.994Z,2026-01-30T08:11:42.564Z,1570,FG-A,BATCH-1000,DAY,normal,0,0
386,2026-01-30T08:11:42.564Z,2026-01-30T08:11:44.168Z,1604,FG-A,BATCH-1000,DAY,normal,0,0
387,2026-01-30T08:11:44.168Z,2026-01-30T08:11:45.653Z,1485,FG-A,BATCH-1000,DAY,normal,0,0
388,2026-01-30T08:11:45.653Z,2026-01-30T08:11:47.266Z,1613,FG-A,BATCH-1000,DAY,normal,0,0
389,2026-01-30T08:11:47.266Z,2026-01-30T08:11:48.776Z,1510,FG-A,BATCH-1000,DAY,normal,0,0
390,2026-01-30T08:11:48.776Z,2026-01-30T08:11:50.466Z,1690,FG-A,BATCH-1000,DAY,normal,0,0
391,2026-01-30T08:11:50.466Z,2026-01-30T08:11:52.046Z,1580,FG-A,BATCH-1000,DAY,normal,0,0
392,2026-01-30T08:11:52.046Z,2026-01-30T08:11:53.559Z,1513,FG-A,BATCH-1000,DAY,normal,0,0
393,2026-01-30T08:11:53.559Z,2026-01-30T08:11:55.239Z,1680,FG-A,BATCH-1000,DAY,normal,0,0
394,2026-01-30T08:11:55.239Z,2026-01-30T08:11:56.793Z,1554,FG-A,BATCH-1000,DAY,normal,0,0
395,2026-01-30T08:11:56.793Z,2026-01-30T08:11:58.429Z,1636,FG-A,BATCH-1000,DAY,normal,0,0
396,2026-01-30T08:11:58.429Z,2026-01-30T08:12:03.716Z,5287,FG-A,BATCH-1000,DAY,jam_recovery,1,1
397,2026-01-30T08:12:03.716Z,2026-01-30T08:12:05.460Z,1744,FG-A,BATCH-1000,DAY,normal,0,0
398,2026-01-30T08:12:05.460Z,2026-01-30T08:12:07.076Z,1616,FG-A,BATCH-1000,DAY,normal,0,0
399,2026-01-30T08:12:07.076Z,2026-01-30T08:12:08.570Z,1494,FG-A,BATCH-1000,DAY,normal,0,0
400,2026-01-30T08:12:08.570Z,2026-01-30T08:12:13.466Z,4896,FG-A,BATCH-1000,DAY,jam_recovery,0,1
401,2026-01-30T08:12:13.466Z,2026-01-30T08:12:15.034Z,1568,FG-A,BATCH-1000,DAY,normal,0,0
402,2026-01-30T08:12:15.034Z,2026-01-30T08:12:16.748Z,1714,FG-A,BATCH-1000,DAY,normal,0,0
403,2026-01-30T08:12:16.748Z,2026-01-30T08:12:18.188Z,1440,FG-A,BATCH-1000,DAY,normal,0,0
404,2026-01-30T08:12:18.188Z,2026-01-30T08:12:19.623Z,1435,FG-A,BATCH-1000,DAY,normal,0,0
405,2026-01-30T08:12:19.623Z,2026-01-30T08:12:21.245Z,1622,FG-A,BATCH-1000,DAY,normal,0,0
406,2026-01-30T08:12:21.245Z,2026-01-30T08:12:22.887Z,1642,FG-A,BATCH-1000,DAY,normal,0,0
407,2026-01-30T08:12:22.887Z,2026-01-30T08:12:24.557Z,1670,FG-A,BATCH-1000,DAY,normal,0,0
408,2026-01-30T08:12:24.557Z,2026-01-30T08:12:26.091Z,1534,FG-A,BATCH-1000,DAY,normal,0,0
409,2026-01-30T08:12:26.091Z,2026-01-30T08:12:27.544Z,1453,FG-A,BATCH-1000,DAY,normal,0,0
410,2026-01-30T08:12:27.544Z,2026-01-30T08:12:29.185Z,1641,FG-A,BATCH-1000,DAY,normal,0,0
411,2026-01-30T08:12:29.185Z,2026-01-30T08:12:30.695Z,1510,FG-A,BATCH-1000,DAY,normal,0,0
412,2026-01-30T08:12:30.695Z,2026-01-30T08:12:34.626Z,3931,FG-A,BATCH-1000,DAY,jam_recovery,0,1
413,2026-01-30T08:12:34.626Z,2026-01-30T08:12:36.016Z,1390,FG-A,BATCH-1000,DAY,normal,0,0
414,2026-01-30T08:12:36.016Z,2026-01-30T08:12:37.887Z,1871,FG-A,BATCH-1000,DAY,normal,0,0
415,2026-01-30T08:12:37.887Z,2026-01-30T08:12:39.313Z,1426,FG-A,BATCH-1000,DAY,normal,0,0
416,2026-01-30T08:12:39.313Z,2026-01-30T08:12:41.005Z,1692,FG-A,BATCH-1000,DAY,normal,0,0
417,2026-01-30T08:12:41.005Z,2026-01-30T08:12:42.666Z,1661,FG-A,BATCH-1000,DAY,normal,0,0
418,2026-01-30T08:12:42.666Z,2026-01-30T08:12:43.863Z,1197,FG-A,BATCH-1000,DAY,fast_cycle,0,0
419,2026-01-30T08:12:43.863Z,2026-01-30T08:12:45.253Z,1390,FG-A,BATCH-1000,DAY,normal,0,0
420,2026-01-30T08:12:45.253Z,2026-01-30T08:12:46.799Z,1546,FG-A,BATCH-1000,DAY,normal,0,0
421,2026-01-30T08:12:46.799Z,2026-01-30T08:12:48.420Z,1621,FG-A,BATCH-1000,DAY,normal,0,0
422,2026-01-30T08:12:48.420Z,2026-01-30T08:12:50.019Z,1599,FG-A,BATCH-1000,DAY,normal,0,0
423,2026-01-30T08:12:50.019Z,2026-01-30T08:12:51.547Z,1528,FG-A,BATCH-1000,DAY,normal,0,0
424,2026-01-30T08:12:51.547Z,2026-01-30T08:12:53.079Z,1532,FG-A,BATCH-1000,DAY,normal,0,0
425,2026-01-30T08:12:53.079Z,2026-01-30T08:12:54.614Z,1535,FG-A,BATCH-1000,DAY,normal,0,0
426,2026-01-30T08:12:54.614Z,2026-01-30T08:12:56.127Z,1513,FG-A,BATCH-1000,DAY,normal,0,0
427,2026-01-30T08:12:56.127Z,2026-01-30T08:13:10.009Z,13882,FG-A,BATCH-1000,DAY,long_gap,1,1
428,2026-01-30T08:13:10.009Z,2026-01-30T08:13:11.709Z,1700,FG-A,BATCH-1000,DAY,normal,0,0
429,2026-01-30T08:13:11.709Z,2026-01-30T08:13:13.210Z,1501,FG-A,BATCH-1000,DAY,normal,0,0
430,2026-01-30T08:13:13.210Z,2026-01-30T08:13:14.723Z,1513,FG-A,BATCH-1000,DAY,normal,0,0
431,2026-01-30T08:13:14.723Z,2026-01-30T08:13:16.412Z,1689,FG-A,BATCH-1000,DAY,normal,0,0
432,2026-01-30T08:13:16.412Z,2026-01-30T08:13:17.996Z,1584,FG-A,BATCH-1000,DAY,normal,0,0
433,2026-01-30T08:13:17.996Z,2026-01-30T08:13:19.764Z,1768,FG-A,BATCH-1000,DAY,normal,0,0
434,2026-01-30T08:13:19.764Z,2026-01-30T08:13:21.279Z,1515,FG-A,BATCH-1000,DAY,normal,0,0
435,2026-01-30T08:13:21.279Z,2026-01-30T08:13:22.871Z,1592,FG-A,BATCH-1000,DAY,normal,0,0
436,2026-01-30T08:13:22.871Z,2026-01-30T08:13:24.535Z,1664,FG-A,BATCH-1000,DAY,normal,0,0
437,2026-01-30T08:13:24.535Z,2026-01-30T08:13:26.116Z,1581,FG-A,BATCH-1000,DAY,normal,0,0
438,2026-01-30T08:13:26.116Z,2026-01-30T08:13:27.682Z,1566,FG-A,BATCH-1000,DAY,normal,0,0
439,2026-01-30T08:13:27.682Z,2026-01-30T08:13:29.388Z,1706,FG-A,BATCH-1000,DAY,normal,0,0
440,2026-01-30T08:13:29.388Z,2026-01-30T08:13:31.097Z,1709,FG-A,BATCH-1000,DAY,normal,0,0
441,2026-01-30T08:13:31.097Z,2026-01-30T08:13:32.722Z,1625,FG-A,BATCH-1000,DAY,normal,0,0
442,2026-01-30T08:13:32.722Z,2026-01-30T08:13:34.269Z,1547,FG-A,BATCH-1000,DAY,normal,0,0
443,2026-01-30T08:13:34.269Z,2026-01-30T08:13:36.020Z,1751,FG-A,BATCH-1000,DAY,normal,0,0
444,2026-01-30T08:13:36.020Z,2026-01-30T08:13:37.519Z,1499,FG-A,BATCH-1000,DAY,normal,0,0
445,2026-01-30T08:13:37.519Z,2026-01-30T08:13:39.004Z,1485,FG-A,BATCH-1000,DAY,normal,0,0
446,2026-01-30T08:13:39.004Z,2026-01-30T08:13:40.492Z,1488,FG-A,BATCH-1000,DAY,normal,0,0
447,2026-01-30T08:13:40.492Z,2026-01-30T08:13:41.925Z,1433,FG-A,BATCH-1000,DAY,normal,0,0
448,2026-01-30T08:13:41.925Z,2026-01-30T08:13:43.461Z,1536,FG-A,BATCH-1000,DAY,normal,0,0
449,2026-01-30T08:13:43.461Z,2026-01-30T08:13:44.982Z,1521,FG-A,BATCH-1000,DAY,normal,0,0
450,2026-01-30T08:13:44.982Z,2026-01-30T08:13:46.563Z,1581,FG-A,BATCH-1000,DAY,normal,0,0
451,2026-01-30T08:13:46.563Z,2026-01-30T08:13:48.108Z,1545,FG-A,BATCH-1000,DAY,normal,0,0
452,2026-01-30T08:13:48.108Z,2026-01-30T08:13:49.717Z,1609,FG-A,BATCH-1000,DAY,normal,0,0
453,2026-01-30T08:13:49.717Z,2026-01-30T08:13:51.349Z,1632,FG-A,BATCH-1000,DAY,normal,0,0
454,2026-01-30T08:13:51.349Z,2026-01-30T08:13:52.729Z,1380,FG-A,BATCH-1000,DAY,normal,0,0
455,2026-01-30T08:13:52.729Z,2026-01-30T08:13:54.275Z,1546,FG-A,BATCH-1000,DAY,normal,0,0
456,2026-01-30T08:13:54.275Z,2026-01-30T08:13:55.911Z,1636,FG-A,BATCH-1000,DAY,normal,0,0
457,2026-01-30T08:13:55.911Z,2026-01-30T08:13:57.401Z,1490,FG-A,BATCH-1000,DAY,normal,0,0
458,2026-01-30T08:13:57.401Z,2026-01-30T08:13:58.963Z,1562,FG-A,BATCH-1000,DAY,normal,0,0
459,2026-01-30T08:13:58.963Z,2026-01-30T08:14:00.590Z,1627,FG-A,BATCH-1000,DAY,normal,0,0
460,2026-01-30T08:14:00.590Z,2026-01-30T08:14:02.361Z,1771,FG-A,BATCH-1000,DAY,normal,0,0
461,2026-01-30T08:14:02.361Z,2026-01-30T08:14:03.909Z,1548,FG-A,BATCH-1000,DAY,normal,0,0
462,2026-01-30T08:14:03.909Z,2026-01-30T08:14:05.664Z,1755,FG-A,BATCH-1000,DAY,normal,0,0
463,2026-01-30T08:14:05.664Z,2026-01-30T08:14:07.216Z,1552,FG-A,BATCH-1000,DAY,normal,0,0
464,2026-01-30T08:14:07.216Z,2026-01-30T08:14:08.921Z,1705,FG-A,BATCH-1000,DAY,normal,0,0
465,2026-01-30T08:14:08.921Z,2026-01-30T08:14:10.519Z,1598,FG-A,BATCH-1000,DAY,normal,0,0
466,2026-01-30T08:14:10.519Z,2026-01-30T08:14:12.048Z,1529,FG-A,BATCH-1000,DAY,normal,0,0
467,2026-01-30T08:14:12.048Z,2026-01-30T08:14:13.524Z,1476,FG-A,BATCH-1000,DAY,normal,0,0
468,2026-01-30T08:14:13.524Z,2026-01-30T08:14:16.927Z,3403,FG-A,BATCH-1000,DAY,slow_cycle,0,1
469,2026-01-30T08:14:16.927Z,2026-01-30T08:14:18.558Z,1631,FG-A,BATCH-1000,DAY,normal,0,0
470,2026-01-30T08:14:18.558Z,2026-01-30T08:14:20.204Z,1646,FG-A,BATCH-1000,DAY,normal,0,0
471,2026-01-30T08:14:20.204Z,2026-01-30T08:14:21.758Z,1554,FG-A,BATCH-1000,DAY,normal,0,0
472,2026-01-30T08:14:21.758Z,2026-01-30T08:14:23.414Z,1656,FG-A,BATCH-1000,DAY,normal,0,0
473,2026-01-30T08:14:23.414Z,2026-01-30T08:14:24.959Z,1545,FG-A,BATCH-1000,DAY,normal,0,0
474,2026-01-30T08:14:24.959Z,2026-01-30T08:14:26.624Z,1665,FG-A,BATCH-1000,DAY,normal,0,0
475,2026-01-30T08:14:26.624Z,2026-01-30T08:14:28.186Z,1562,FG-A,BATCH-1000,DAY,normal,0,0
476,2026-01-30T08:14:28.186Z,2026-01-30T08:14:29.813Z,1627,FG-A,BATCH-1000,DAY,normal,0,0
477,2026-01-30T08:14:29.813Z,2026-01-30T08:14:31.368Z,1555,FG-A,BATCH-1000,DAY,normal,0,0
478,2026-01-30T08:14:31.368Z,2026-01-30T08:14:32.947Z,1579,FG-A,BATCH-1000,DAY,normal,0,0
479,2026-01-30T08:14:32.947Z,2026-01-30T08:14:34.306Z,1359,FG-A,BATCH-1000,DAY,normal,0,0
480,2026-01-30T08:14:34.306Z,2026-01-30T08:14:35.950Z,1644,FG-A,BATCH-1000,DAY,normal,0,0
481,2026-01-30T08:14:35.950Z,2026-01-30T08:14:37.620Z,1670,FG-A,BATCH-1000,DAY,normal,0,0
482,2026-01-30T08:14:37.620Z,2026-01-30T08:14:41.954Z,4334,FG-A,BATCH-1000,DAY,jam_recovery,0,1
483,2026-01-30T08:14:41.954Z,2026-01-30T08:14:43.671Z,1717,FG-A,BATCH-1000,DAY,normal,0,0
484,2026-01-30T08:14:43.671Z,2026-01-30T08:14:45.438Z,1767,FG-A,BATCH-1000,DAY,normal,0,0
485,2026-01-30T08:14:45.438Z,2026-01-30T08:14:46.970Z,1532,FG-A,BATCH-1000,DAY,normal,0,0
486,2026-01-30T08:14:46.970Z,2026-01-30T08:14:48.307Z,1337,FG-A,BATCH-1000,DAY,normal,0,0
487,2026-01-30T08:14:48.307Z,2026-01-30T08:14:49.824Z,1517,FG-A,BATCH-1000,DAY,normal,0,0
488,2026-01-30T08:14:49.824Z,2026-01-30T08:14:51.431Z,1607,FG-A,BATCH-1000,DAY,normal,0,0
489,2026-01-30T08:14:51.431Z,2026-01-30T08:14:53.066Z,1635,FG-A,BATCH-1000,DAY,normal,0,0
490,2026-01-30T08:14:53.066Z,2026-01-30T08:14:54.585Z,1519,FG-A,BATCH-1000,DAY,normal,0,0
491,2026-01-30T08:14:54.585Z,2026-01-30T08:14:57.703Z,3118,FG-A,BATCH-1000,DAY,slow_cycle,0,1
492,2026-01-30T08:14:57.703Z,2026-01-30T08:14:59.295Z,1592,FG-A,BATCH-1000,DAY,normal,0,0
493,2026-01-30T08:14:59.295Z,2026-01-30T08:15:00.934Z,1639,FG-A,BATCH-1000,DAY,normal,0,0
494,2026-01-30T08:15:00.934Z,2026-01-30T08:15:02.530Z,1596,FG-A,BATCH-1000,DAY,normal,0,0
495,2026-01-30T08:15:02.530Z,2026-01-30T08:15:04.056Z,1526,FG-A,BATCH-1000,DAY,normal,0,0
496,2026-01-30T08:15:04.056Z,2026-01-30T08:15:05.621Z,1565,FG-A,BATCH-1000,DAY,normal,0,0
497,2026-01-30T08:15:05.621Z,2026-01-30T08:15:20.013Z,14392,FG-A,BATCH-1000,DAY,long_gap,1,1
498,2026-01-30T08:15:20.013Z,2026-01-30T08:15:21.634Z,1621,FG-A,BATCH-1000,DAY,normal,0,0
499,2026-01-30T08:15:21.634Z,2026-01-30T08:15:23.264Z,1630,FG-A,BATCH-1000,DAY,normal,0,0
500,2026-01-30T08:15:23.264Z,2026-01-30T08:15:26.491Z,3227,FG-A,BATCH-1001,DAY,slow_cycle,0,1
501,2026-01-30T08:15:26.491Z,2026-01-30T08:15:28.063Z,1572,FG-A,BATCH-1001,DAY,normal,0,0
502,2026-01-30T08:15:28.063Z,2026-01-30T08:15:29.321Z,1258,FG-A,BATCH-1001,DAY,fast_cycle,0,0
503,2026-01-30T08:15:29.321Z,2026-01-30T08:15:30.964Z,1643,FG-A,BATCH-1001,DAY,normal,0,0
504,2026-01-30T08:15:30.964Z,2026-01-30T08:15:32.552Z,1588,FG-A,BATCH-1001,DAY,normal,0,0
505,2026-01-30T08:15:32.552Z,2026-01-30T08:15:34.035Z,1483,FG-A,BATCH-1001,DAY,normal,0,0
506,2026-01-30T08:15:34.035Z,2026-01-30T08:15:35.713Z,1678,FG-A,BATCH-1001,DAY,normal,0,0
507,2026-01-30T08:15:35.713Z,2026-01-30T08:15:41.142Z,5429,FG-A,BATCH-1001,DAY,jam_recovery,1,1
508,2026-01-30T08:15:41.142Z,2026-01-30T08:15:42.811Z,1669,FG-A,BATCH-1001,DAY,normal,0,0
509,2026-01-30T08:15:42.811Z,2026-01-30T08:15:44.317Z,1506,FG-A,BATCH-1001,DAY,normal,0,0
510,2026-01-30T08:15:44.317Z,2026-01-30T08:15:46.009Z,1692,FG-A,BATCH-1001,DAY,normal,0,0
511,2026-01-30T08:15:46.009Z,2026-01-30T08:15:47.641Z,1632,FG-A,BATCH-1001,DAY,normal,0,0
512,2026-01-30T08:15:47.641Z,2026-01-30T08:15:49.025Z,1384,FG-A,BATCH-1001,DAY,normal,0,0
513,2026-01-30T08:15:49.025Z,2026-01-30T08:15:50.630Z,1605,FG-A,BATCH-1001,DAY,normal,0,0
514,2026-01-30T08:15:50.630Z,2026-01-30T08:15:52.195Z,1565,FG-A,BATCH-1001,DAY,normal,0,0
515,2026-01-30T08:15:52.195Z,2026-01-30T08:15:53.765Z,1570,FG-A,BATCH-1001,DAY,normal,0,0
516,2026-01-30T08:15:53.765Z,2026-01-30T08:15:55.277Z,1512,FG-A,BATCH-1001,DAY,normal,0,0
517,2026-01-30T08:15:55.277Z,2026-01-30T08:15:56.844Z,1567,FG-A,BATCH-1001,DAY,normal,0,0
518,2026-01-30T08:15:56.844Z,2026-01-30T08:15:58.312Z,1468,FG-A,BATCH-1001,DAY,normal,0,0
519,2026-01-30T08:15:58.312Z,2026-01-30T08:15:59.941Z,1629,FG-A,BATCH-1001,DAY,normal,0,0
520,2026-01-30T08:15:59.941Z,2026-01-30T08:16:01.616Z,1675,FG-A,BATCH-1001,DAY,normal,0,0
521,2026-01-30T08:16:01.616Z,2026-01-30T08:16:03.098Z,1482,FG-A,BATCH-1001,DAY,normal,0,0
522,2026-01-30T08:16:03.098Z,2026-01-30T08:16:04.713Z,1615,FG-A,BATCH-1001,DAY,normal,0,0
523,2026-01-30T08:16:04.713Z,2026-01-30T08:16:06.407Z,1694,FG-A,BATCH-1001,DAY,normal,0,0
524,2026-01-30T08:16:06.407Z,2026-01-30T08:16:07.905Z,1498,FG-A,BATCH-1001,DAY,normal,0,0
525,2026-01-30T08:16:07.905Z,2026-01-30T08:16:09.526Z,1621,FG-A,BATCH-1001,DAY,normal,0,0
526,2026-01-30T08:16:09.526Z,2026-01-30T08:16:11.072Z,1546,FG-A,BATCH-1001,DAY,normal,0,0
527,2026-01-30T08:16:11.072Z,2026-01-30T08:16:12.586Z,1514,FG-A,BATCH-1001,DAY,normal,0,0
528,2026-01-30T08:16:12.586Z,2026-01-30T08:16:14.343Z,1757,FG-A,BATCH-1001,DAY,normal,0,0
529,2026-01-30T08:16:14.343Z,2026-01-30T08:16:16.010Z,1667,FG-A,BATCH-1001,DAY,normal,0,0
530,2026-01-30T08:16:16.010Z,2026-01-30T08:16:17.591Z,1581,FG-A,BATCH-1001,DAY,normal,0,0
531,2026-01-30T08:16:17.591Z,2026-01-30T08:16:19.011Z,1420,FG-A,BATCH-1001,DAY,normal,0,0
532,2026-01-30T08:16:19.011Z,2026-01-30T08:16:20.526Z,1515,FG-A,BATCH-1001,DAY,normal,0,0
533,2026-01-30T08:16:20.526Z,2026-01-30T08:16:22.087Z,1561,FG-A,BATCH-1001,DAY,normal,0,0
534,2026-01-30T08:16:22.087Z,2026-01-30T08:16:23.600Z,1513,FG-A,BATCH-1001,DAY,normal,0,0
535,2026-01-30T08:16:23.600Z,2026-01-30T08:16:25.057Z,1457,FG-A,BATCH-1001,DAY,normal,0,0
536,2026-01-30T08:16:25.057Z,2026-01-30T08:16:26.777Z,1720,FG-A,BATCH-1001,DAY,normal,0,0
537,2026-01-30T08:16:26.777Z,2026-01-30T08:16:28.345Z,1568,FG-A,BATCH-1001,DAY,normal,0,0
538,2026-01-30T08:16:28.345Z,2026-01-30T08:16:29.971Z,1626,FG-A,BATCH-1001,DAY,normal,0,0
539,2026-01-30T08:16:29.971Z,2026-01-30T08:16:31.700Z,1729,FG-A,BATCH-1001,DAY,normal,0,0
540,2026-01-30T08:16:31.700Z,2026-01-30T08:16:33.345Z,1645,FG-A,BATCH-1001,DAY,normal,0,0
541,2026-01-30T08:16:33.345Z,2026-01-30T08:16:34.864Z,1519,FG-A,BATCH-1001,DAY,normal,0,0
542,2026-01-30T08:16:34.864Z,2026-01-30T08:16:36.523Z,1659,FG-A,BATCH-1001,DAY,normal,0,0
543,2026-01-30T08:16:36.523Z,2026-01-30T08:16:37.946Z,1423,FG-A,BATCH-1001,DAY,normal,0,0
544,2026-01-30T08:16:37.946Z,2026-01-30T08:16:41.252Z,3306,FG-A,BATCH-1001,DAY,slow_cycle,0,1
545,2026-01-30T08:16:41.252Z,2026-01-30T08:16:42.757Z,1505,FG-A,BATCH-1001,DAY,normal,0,0
546,2026-01-30T08:16:42.757Z,2026-01-30T08:16:44.345Z,1588,FG-A,BATCH-1001,DAY,normal,0,0
547,2026-01-30T08:16:44.345Z,2026-01-30T08:16:45.999Z,1654,FG-A,BATCH-1001,DAY,normal,0,0
548,2026-01-30T08:16:45.999Z,2026-01-30T08:16:47.588Z,1589,FG-A,BATCH-1001,DAY,normal,0,0
549,2026-01-30T08:16:47.588Z,2026-01-30T08:16:49.192Z,1604,FG-A,BATCH-1001,DAY,normal,0,0
550,2026-01-30T08:16:49.192Z,2026-01-30T08:16:50.744Z,1552,FG-A,BATCH-1001,DAY,normal,0,0
551,2026-01-30T08:16:50.744Z,2026-01-30T08:16:56.062Z,5318,FG-A,BATCH-1001,DAY,jam_recovery,1,1
552,2026-01-30T08:16:56.062Z,2026-01-30T08:16:57.679Z,1617,FG-A,BATCH-1001,DAY,normal,0,0
553,2026-01-30T08:16:57.679Z,2026-01-30T08:16:59.371Z,1692,FG-A,BATCH-1001,DAY,normal,0,0
554,2026-01-30T08:16:59.371Z,2026-01-30T08:17:00.937Z,1566,FG-A,BATCH-1001,DAY,normal,0,0
555,2026-01-30T08:17:00.937Z,2026-01-30T08:17:02.370Z,1433,FG-A,BATCH-1001,DAY,normal,0,0
556,2026-01-30T08:17:02.370Z,2026-01-30T08:17:04.018Z,1648,FG-A,BATCH-1001,DAY,normal,0,0
557,2026-01-30T08:17:04.018Z,2026-01-30T08:17:05.632Z,1614,FG-A,BATCH-1001,DAY,normal,0,0
558,2026-01-30T08:17:05.632Z,2026-01-30T08:17:07.208Z,1576,FG-A,BATCH-1001,DAY,normal,0,0
559,2026-01-30T08:17:07.208Z,2026-01-30T08:17:08.942Z,1734,FG-A,BATCH-1001,DAY,normal,0,0
560,2026-01-30T08:17:08.942Z,2026-01-30T08:17:10.515Z,1573,FG-A,BATCH-1001,DAY,normal,0,0
561,2026-01-30T08:17:10.515Z,2026-01-30T08:17:12.268Z,1753,FG-A,BATCH-1001,DAY,normal,0,0
562,2026-01-30T08:17:12.268Z,2026-01-30T08:17:13.834Z,1566,FG-A,BATCH-1001,DAY,normal,0,0
563,2026-01-30T08:17:13.834Z,2026-01-30T08:17:15.570Z,1736,FG-A,BATCH-1001,DAY,normal,0,0
564,2026-01-30T08:17:15.570Z,2026-01-30T08:17:17.257Z,1687,FG-A,BATCH-1001,DAY,normal,0,0
565,2026-01-30T08:17:17.257Z,2026-01-30T08:17:26.732Z,9475,FG-A,BATCH-1001,DAY,long_gap,1,1
566,2026-01-30T08:17:26.732Z,2026-01-30T08:17:28.341Z,1609,FG-A,BATCH-1001,DAY,normal,0,0
567,2026-01-30T08:17:28.341Z,2026-01-30T08:17:29.987Z,1646,FG-A,BATCH-1001,DAY,normal,0,0
568,2026-01-30T08:17:29.987Z,2026-01-30T08:17:31.741Z,1754,FG-A,BATCH-1001,DAY,normal,0,0
569,2026-01-30T08:17:31.741Z,2026-01-30T08:17:33.345Z,1604,FG-A,BATCH-1001,DAY,normal,0,0
570,2026-01-30T08:17:33.345Z,2026-01-30T08:17:34.909Z,1564,FG-A,BATCH-1001,DAY,normal,0,0
571,2026-01-30T08:17:34.909Z,2026-01-30T08:17:36.398Z,1489,FG-A,BATCH-1001,DAY,normal,0,0
572,2026-01-30T08:17:36.398Z,2026-01-30T08:17:40.402Z,4004,FG-A,BATCH-1001,DAY,jam_recovery,0,1
573,2026-01-30T08:17:40.402Z,2026-01-30T08:17:42.081Z,1679,FG-A,BATCH-1001,DAY,normal,0,0
574,2026-01-30T08:17:42.081Z,2026-01-30T08:17:43.758Z,1677,FG-A,BATCH-1001,DAY,normal,0,0
575,2026-01-30T08:17:43.758Z,2026-01-30T08:17:45.260Z,1502,FG-A,BATCH-1001,DAY,normal,0,0
576,2026-01-30T08:17:45.260Z,2026-01-30T08:17:47.906Z,2646,FG-A,BATCH-1001,DAY,slow_cycle,0,1
577,2026-01-30T08:17:47.906Z,2026-01-30T08:17:49.526Z,1620,FG-A,BATCH-1001,DAY,normal,0,0
578,2026-01-30T08:17:49.526Z,2026-01-30T08:17:50.991Z,1465,FG-A,BATCH-1001,DAY,normal,0,0
579,2026-01-30T08:17:50.991Z,2026-01-30T08:17:52.467Z,1476,FG-A,BATCH-1001,DAY,normal,0,0
580,2026-01-30T08:17:52.467Z,2026-01-30T08:17:54.104Z,1637,FG-A,BATCH-1001,DAY,normal,0,0
581,2026-01-30T08:17:54.104Z,2026-01-30T08:17:55.643Z,1539,FG-A,BATCH-1001,DAY,normal,0,0
582,2026-01-30T08:17:55.643Z,2026-01-30T08:17:57.175Z,1532,FG-A,BATCH-1001,DAY,normal,0,0
583,2026-01-30T08:17:57.175Z,2026-01-30T08:17:58.822Z,1647,FG-A,BATCH-1001,DAY,normal,0,0
584,2026-01-30T08:17:58.822Z,2026-01-30T08:18:00.475Z,1653,FG-A,BATCH-1001,DAY,normal,0,0
585,2026-01-30T08:18:00.475Z,2026-01-30T08:18:02.172Z,1697,FG-A,BATCH-1001,DAY,normal,0,0
586,2026-01-30T08:18:02.172Z,2026-01-30T08:18:03.843Z,1671,FG-A,BATCH-1001,DAY,normal,0,0
587,2026-01-30T08:18:03.843Z,2026-01-30T08:18:05.392Z,1549,FG-A,BATCH-1001,DAY,normal,0,0
588,2026-01-30T08:18:05.392Z,2026-01-30T08:18:07.018Z,1626,FG-A,BATCH-1001,DAY,normal,0,0
589,2026-01-30T08:18:07.018Z,2026-01-30T08:18:08.552Z,1534,FG-A,BATCH-1001,DAY,normal,0,0
590,2026-01-30T08:18:08.552Z,2026-01-30T08:18:10.022Z,1470,FG-A,BATCH-1001,DAY,normal,0,0
591,2026-01-30T08:18:10.022Z,2026-01-30T08:18:11.524Z,1502,FG-A,BATCH-1001,DAY,normal,0,0
592,2026-01-30T08:18:11.524Z,2026-01-30T08:18:13.138Z,1614,FG-A,BATCH-1001,DAY,normal,0,0
593,2026-01-30T08:18:13.138Z,2026-01-30T08:18:14.627Z,1489,FG-A,BATCH-1001,DAY,normal,0,0
594,2026-01-30T08:18:14.627Z,2026-01-30T08:18:16.021Z,1394,FG-A,BATCH-1001,DAY,normal,0,0
595,2026-01-30T08:18:16.021Z,2026-01-30T08:18:17.688Z,1667,FG-A,BATCH-1001,DAY,normal,0,0
596,2026-01-30T08:18:17.688Z,2026-01-30T08:18:19.152Z,1464,FG-A,BATCH-1001,DAY,normal,0,0
597,2026-01-30T08:18:19.152Z,2026-01-30T08:18:20.617Z,1465,FG-A,BATCH-1001,DAY,normal,0,0
598,2026-01-30T08:18:20.617Z,2026-01-30T08:18:22.309Z,1692,FG-A,BATCH-1001,DAY,normal,0,0
599,2026-01-30T08:18:22.309Z,2026-01-30T08:18:23.950Z,1641,FG-A,BATCH-1001,DAY,normal,0,0
600,2026-01-30T08:18:23.950Z,2026-01-30T08:18:25.655Z,1705,FG-A,BATCH-1001,DAY,normal,0,0
601,2026-01-30T08:18:25.655Z,2026-01-30T08:18:27.293Z,1638,FG-A,BATCH-1001,DAY,normal,0,0
602,2026-01-30T08:18:27.293Z,2026-01-30T08:18:29.060Z,1767,FG-A,BATCH-1001,DAY,normal,0,0
603,2026-01-30T08:18:29.060Z,2026-01-30T08:18:30.722Z,1662,FG-A,BATCH-1001,DAY,normal,0,0
604,2026-01-30T08:18:30.722Z,2026-01-30T08:18:32.402Z,1680,FG-A,BATCH-1001,DAY,normal,0,0
605,2026-01-30T08:18:32.402Z,2026-01-30T08:18:33.898Z,1496,FG-A,BATCH-1001,DAY,normal,0,0
606,2026-01-30T08:18:33.898Z,2026-01-30T08:18:35.339Z,1441,FG-A,BATCH-1001,DAY,normal,0,0
607,2026-01-30T08:18:35.339Z,2026-01-30T08:18:36.882Z,1543,FG-A,BATCH-1001,DAY,normal,0,0
608,2026-01-30T08:18:36.882Z,2026-01-30T08:18:38.532Z,1650,FG-A,BATCH-1001,DAY,normal,0,0
609,2026-01-30T08:18:38.532Z,2026-01-30T08:18:40.003Z,1471,FG-A,BATCH-1001,DAY,normal,0,0
610,2026-01-30T08:18:40.003Z,2026-01-30T08:18:41.622Z,1619,FG-A,BATCH-1001,DAY,normal,0,0
611,2026-01-30T08:18:41.622Z,2026-01-30T08:18:43.249Z,1627,FG-A,BATCH-1001,DAY,normal,0,0
612,2026-01-30T08:18:43.249Z,2026-01-30T08:18:44.765Z,1516,FG-A,BATCH-1001,DAY,normal,0,0
613,2026-01-30T08:18:44.765Z,2026-01-30T08:18:46.490Z,1725,FG-A,BATCH-1001,DAY,normal,0,0
614,2026-01-30T08:18:46.490Z,2026-01-30T08:18:48.091Z,1601,FG-A,BATCH-1001,DAY,normal,0,0
615,2026-01-30T08:18:48.091Z,2026-01-30T08:18:49.793Z,1702,FG-A,BATCH-1001,DAY,normal,0,0
616,2026-01-30T08:18:49.793Z,2026-01-30T08:18:51.443Z,1650,FG-A,BATCH-1001,DAY,normal,0,0
617,2026-01-30T08:18:51.443Z,2026-01-30T08:18:53.120Z,1677,FG-A,BATCH-1001,DAY,normal,0,0
618,2026-01-30T08:18:53.120Z,2026-01-30T08:18:54.653Z,1533,FG-A,BATCH-1001,DAY,normal,0,0
619,2026-01-30T08:18:54.653Z,2026-01-30T08:18:56.362Z,1709,FG-A,BATCH-1001,DAY,normal,0,0
620,2026-01-30T08:18:56.362Z,2026-01-30T08:18:58.001Z,1639,FG-A,BATCH-1001,DAY,normal,0,0
621,2026-01-30T08:18:58.001Z,2026-01-30T08:18:59.618Z,1617,FG-A,BATCH-1001,DAY,normal,0,0
622,2026-01-30T08:18:59.618Z,2026-01-30T08:19:01.196Z,1578,FG-A,BATCH-1001,DAY,normal,0,0
623,2026-01-30T08:19:01.196Z,2026-01-30T08:19:02.659Z,1463,FG-A,BATCH-1001,DAY,normal,0,0
624,2026-01-30T08:19:02.659Z,2026-01-30T08:19:04.197Z,1538,FG-A,BATCH-1001,DAY,normal,0,0
625,2026-01-30T08:19:04.197Z,2026-01-30T08:19:05.906Z,1709,FG-A,BATCH-1001,DAY,normal,0,0
626,2026-01-30T08:19:05.906Z,2026-01-30T08:19:07.651Z,1745,FG-A,BATCH-1001,DAY,normal,0,0
627,2026-01-30T08:19:07.651Z,2026-01-30T08:19:09.222Z,1571,FG-A,BATCH-1001,DAY,normal,0,0
628,2026-01-30T08:19:09.222Z,2026-01-30T08:19:10.898Z,1676,FG-A,BATCH-1001,DAY,normal,0,0
629,2026-01-30T08:19:10.898Z,2026-01-30T08:19:12.468Z,1570,FG-A,BATCH-1001,DAY,normal,0,0
630,2026-01-30T08:19:12.468Z,2026-01-30T08:19:14.124Z,1656,FG-A,BATCH-1001,DAY,normal,0,0
631,2026-01-30T08:19:14.124Z,2026-01-30T08:19:15.595Z,1471,FG-A,BATCH-1001,DAY,normal,0,0
632,2026-01-30T08:19:15.595Z,2026-01-30T08:19:17.150Z,1555,FG-A,BATCH-1001,DAY,normal,0,0
633,2026-01-30T08:19:17.150Z,2026-01-30T08:19:18.644Z,1494,FG-A,BATCH-1001,DAY,normal,0,0
634,2026-01-30T08:19:18.644Z,2026-01-30T08:19:20.187Z,1543,FG-A,BATCH-1001,DAY,normal,0,0
635,2026-01-30T08:19:20.187Z,2026-01-30T08:19:21.857Z,1670,FG-A,BATCH-1001,DAY,normal,0,0
636,2026-01-30T08:19:21.857Z,2026-01-30T08:19:23.562Z,1705,FG-A,BATCH-1001,DAY,normal,0,0
637,2026-01-30T08:19:23.562Z,2026-01-30T08:19:25.128Z,1566,FG-A,BATCH-1001,DAY,normal,0,0
638,2026-01-30T08:19:25.128Z,2026-01-30T08:19:26.892Z,1764,FG-A,BATCH-1001,DAY,normal,0,0
639,2026-01-30T08:19:26.892Z,2026-01-30T08:19:28.579Z,1687,FG-A,BATCH-1001,DAY,normal,0,0
640,2026-01-30T08:19:28.579Z,2026-01-30T08:19:33.155Z,4576,FG-A,BATCH-1001,DAY,jam_recovery,0,1
641,2026-01-30T08:19:33.155Z,2026-01-30T08:19:34.587Z,1432,FG-A,BATCH-1001,DAY,normal,0,0
642,2026-01-30T08:19:34.587Z,2026-01-30T08:19:36.252Z,1665,FG-A,BATCH-1001,DAY,normal,0,0
643,2026-01-30T08:19:36.252Z,2026-01-30T08:19:37.922Z,1670,FG-A,BATCH-1001,DAY,normal,0,0
644,2026-01-30T08:19:37.922Z,2026-01-30T08:19:39.547Z,1625,FG-A,BATCH-1001,DAY,normal,0,0
645,2026-01-30T08:19:39.547Z,2026-01-30T08:19:40.978Z,1431,FG-A,BATCH-1001,DAY,normal,0,0
646,2026-01-30T08:19:40.978Z,2026-01-30T08:19:42.459Z,1481,FG-A,BATCH-1001,DAY,normal,0,0
647,2026-01-30T08:19:42.459Z,2026-01-30T08:19:44.137Z,1678,FG-A,BATCH-1001,DAY,normal,0,0
648,2026-01-30T08:19:44.137Z,2026-01-30T08:19:45.705Z,1568,FG-A,BATCH-1001,DAY,normal,0,0
649,2026-01-30T08:19:45.705Z,2026-01-30T08:19:47.461Z,1756,FG-A,BATCH-1001,DAY,normal,0,0
650,2026-01-30T08:19:47.461Z,2026-01-30T08:19:49.000Z,1539,FG-A,BATCH-1001,DAY,normal,0,0
651,2026-01-30T08:19:49.000Z,2026-01-30T08:19:50.763Z,1763,FG-A,BATCH-1001,DAY,normal,0,0
652,2026-01-30T08:19:50.763Z,2026-01-30T08:19:52.210Z,1447,FG-A,BATCH-1001,DAY,normal,0,0
653,2026-01-30T08:19:52.210Z,2026-01-30T08:19:53.983Z,1773,FG-A,BATCH-1001,DAY,normal,0,0
654,2026-01-30T08:19:53.983Z,2026-01-30T08:19:55.567Z,1584,FG-A,BATCH-1001,DAY,normal,0,0
655,2026-01-30T08:19:55.567Z,2026-01-30T08:19:57.261Z,1694,FG-A,BATCH-1001,DAY,normal,0,0
656,2026-01-30T08:19:57.261Z,2026-01-30T08:19:58.933Z,1672,FG-A,BATCH-1001,DAY,normal,0,0
657,2026-01-30T08:19:58.933Z,2026-01-30T08:20:00.380Z,1447,FG-A,BATCH-1001,DAY,normal,0,0
658,2026-01-30T08:20:00.380Z,2026-01-30T08:20:01.861Z,1481,FG-A,BATCH-1001,DAY,normal,0,0
659,2026-01-30T08:20:01.861Z,2026-01-30T08:20:03.314Z,1453,FG-A,BATCH-1001,DAY,normal,0,0
660,2026-01-30T08:20:03.314Z,2026-01-30T08:20:05.022Z,1708,FG-A,BATCH-1001,DAY,normal,0,0
661,2026-01-30T08:20:05.022Z,2026-01-30T08:20:06.472Z,1450,FG-A,BATCH-1001,DAY,normal,0,0
662,2026-01-30T08:20:06.472Z,2026-01-30T08:20:08.046Z,1574,FG-A,BATCH-1001,DAY,normal,0,0
663,2026-01-30T08:20:08.046Z,2026-01-30T08:20:09.853Z,1807,FG-A,BATCH-1001,DAY,normal,0,0
664,2026-01-30T08:20:09.853Z,2026-01-30T08:20:11.520Z,1667,FG-A,BATCH-1001,DAY,normal,0,0
665,2026-01-30T08:20:11.520Z,2026-01-30T08:20:13.101Z,1581,FG-A,BATCH-1001,DAY,normal,0,0
666,2026-01-30T08:20:13.101Z,2026-01-30T08:20:14.735Z,1634,FG-A,BATCH-1001,DAY,normal,0,0
667,2026-01-30T08:20:14.735Z,2026-01-30T08:20:16.344Z,1609,FG-A,BATCH-1001,DAY,normal,0,0
668,2026-01-30T08:20:16.344Z,2026-01-30T08:20:19.857Z,3513,FG-A,BATCH-1001,DAY,slow_cycle,0,1
669,2026-01-30T08:20:19.857Z,2026-01-30T08:20:21.457Z,1600,FG-A,BATCH-1001,DAY,normal,0,0
670,2026-01-30T08:20:21.457Z,2026-01-30T08:20:22.962Z,1505,FG-A,BATCH-1001,DAY,normal,0,0
671,2026-01-30T08:20:22.962Z,2026-01-30T08:20:24.430Z,1468,FG-A,BATCH-1001,DAY,normal,0,0
672,2026-01-30T08:20:24.430Z,2026-01-30T08:20:26.104Z,1674,FG-A,BATCH-1001,DAY,normal,0,0
673,2026-01-30T08:20:26.104Z,2026-01-30T08:20:27.579Z,1475,FG-A,BATCH-1001,DAY,normal,0,0
674,2026-01-30T08:20:27.579Z,2026-01-30T08:20:29.174Z,1595,FG-A,BATCH-1001,DAY,normal,0,0
675,2026-01-30T08:20:29.174Z,2026-01-30T08:20:30.781Z,1607,FG-A,BATCH-1001,DAY,normal,0,0
676,2026-01-30T08:20:30.781Z,2026-01-30T08:20:32.446Z,1665,FG-A,BATCH-1001,DAY,normal,0,0
677,2026-01-30T08:20:32.446Z,2026-01-30T08:20:33.947Z,1501,FG-A,BATCH-1001,DAY,normal,0,0
678,2026-01-30T08:20:33.947Z,2026-01-30T08:20:35.611Z,1664,FG-A,BATCH-1001,DAY,normal,0,0
679,2026-01-30T08:20:35.611Z,2026-01-30T08:20:37.014Z,1403,FG-A,BATCH-1001,DAY,fast_cycle,0,0
680,2026-01-30T08:20:37.014Z,2026-01-30T08:20:38.647Z,1633,FG-A,BATCH-1001,DAY,normal,0,0
681,2026-01-30T08:20:38.647Z,2026-01-30T08:20:40.150Z,1503,FG-A,BATCH-1001,DAY,normal,0,0
682,2026-01-30T08:20:40.150Z,2026-01-30T08:20:41.740Z,1590,FG-A,BATCH-1001,DAY,normal,0,0
683,2026-01-30T08:20:41.740Z,2026-01-30T08:20:43.335Z,1595,FG-A,BATCH-1001,DAY,normal,0,0
684,2026-01-30T08:20:43.335Z,2026-01-30T08:20:45.002Z,1667,FG-A,BATCH-1001,DAY,normal,0,0
685,2026-01-30T08:20:45.002Z,2026-01-30T08:20:46.685Z,1683,FG-A,BATCH-1001,DAY,normal,0,0
686,2026-01-30T08:20:46.685Z,2026-01-30T08:20:48.168Z,1483,FG-A,BATCH-1001,DAY,normal,0,0
687,2026-01-30T08:20:48.168Z,2026-01-30T08:20:49.843Z,1675,FG-A,BATCH-1001,DAY,normal,0,0
688,2026-01-30T08:20:49.843Z,2026-01-30T08:20:51.553Z,1710,FG-A,BATCH-1001,DAY,normal,0,0
689,2026-01-30T08:20:51.553Z,2026-01-30T08:20:53.206Z,1653,FG-A,BATCH-1001,DAY,normal,0,0
690,2026-01-30T08:20:53.206Z,2026-01-30T08:20:54.722Z,1516,FG-A,BATCH-1001,DAY,normal,0,0
691,2026-01-30T08:20:54.722Z,2026-01-30T08:20:56.295Z,1573,FG-A,BATCH-1001,DAY,normal,0,0
692,2026-01-30T08:20:56.295Z,2026-01-30T08:20:59.618Z,3323,FG-A,BATCH-1001,DAY,slow_cycle,0,1
693,2026-01-30T08:20:59.618Z,2026-01-30T08:21:01.214Z,1596,FG-A,BATCH-1001,DAY,normal,0,0
694,2026-01-30T08:21:01.214Z,2026-01-30T08:21:02.805Z,1591,FG-A,BATCH-1001,DAY,normal,0,0
695,2026-01-30T08:21:02.805Z,2026-01-30T08:21:04.277Z,1472,FG-A,BATCH-1001,DAY,normal,0,0
696,2026-01-30T08:21:04.277Z,2026-01-30T08:21:05.868Z,1591,FG-A,BATCH-1001,DAY,normal,0,0
697,2026-01-30T08:21:05.868Z,2026-01-30T08:21:07.498Z,1630,FG-A,BATCH-1001,DAY,normal,0,0
698,2026-01-30T08:21:07.498Z,2026-01-30T08:21:09.178Z,1680,FG-A,BATCH-1001,DAY,normal,0,0
699,2026-01-30T08:21:09.178Z,2026-01-30T08:21:10.931Z,1753,FG-A,BATCH-1001,DAY,normal,0,0
700,2026-01-30T08:21:10.931Z,2026-01-30T08:21:12.419Z,1488,FG-A,BATCH-1001,DAY,normal,0,0
701,2026-01-30T08:21:12.419Z,2026-01-30T08:21:13.897Z,1478,FG-A,BATCH-1001,DAY,normal,0,0
702,2026-01-30T08:21:13.897Z,2026-01-30T08:21:18.025Z,4128,FG-A,BATCH-1001,DAY,jam_recovery,0,1
703,2026-01-30T08:21:18.025Z,2026-01-30T08:21:23.718Z,5693,FG-A,BATCH-1001,DAY,jam_recovery,1,1
704,2026-01-30T08:21:23.718Z,2026-01-30T08:21:25.039Z,1321,FG-A,BATCH-1001,DAY,normal,0,0
705,2026-01-30T08:21:25.039Z,2026-01-30T08:21:26.617Z,1578,FG-A,BATCH-1001,DAY,normal,0,0
706,2026-01-30T08:21:26.617Z,2026-01-30T08:21:28.224Z,1607,FG-A,BATCH-1001,DAY,normal,0,0
707,2026-01-30T08:21:28.224Z,2026-01-30T08:21:29.768Z,1544,FG-A,BATCH-1001,DAY,normal,0,0
708,2026-01-30T08:21:29.768Z,2026-01-30T08:21:31.431Z,1663,FG-A,BATCH-1001,DAY,normal,0,0
709,2026-01-30T08:21:31.431Z,2026-01-30T08:21:32.973Z,1542,FG-A,BATCH-1001,DAY,normal,0,0
710,2026-01-30T08:21:32.973Z,2026-01-30T08:21:34.699Z,1726,FG-A,BATCH-1001,DAY,normal,0,0
711,2026-01-30T08:21:34.699Z,2026-01-30T08:21:36.205Z,1506,FG-A,BATCH-1001,DAY,normal,0,0
712,2026-01-30T08:21:36.205Z,2026-01-30T08:21:37.921Z,1716,FG-A,BATCH-1001,DAY,normal,0,0
713,2026-01-30T08:21:37.921Z,2026-01-30T08:21:39.509Z,1588,FG-A,BATCH-1001,DAY,normal,0,0
714,2026-01-30T08:21:39.509Z,2026-01-30T08:21:40.946Z,1437,FG-A,BATCH-1001,DAY,normal,0,0
715,2026-01-30T08:21:40.946Z,2026-01-30T08:21:42.532Z,1586,FG-A,BATCH-1001,DAY,normal,0,0
716,2026-01-30T08:21:42.532Z,2026-01-30T08:21:43.997Z,1465,FG-A,BATCH-1001,DAY,normal,0,0
717,2026-01-30T08:21:43.997Z,2026-01-30T08:21:45.497Z,1500,FG-A,BATCH-1001,DAY,normal,0,0
718,2026-01-30T08:21:45.497Z,2026-01-30T08:21:47.226Z,1729,FG-A,BATCH-1001,DAY,normal,0,0
719,2026-01-30T08:21:47.226Z,2026-01-30T08:21:48.900Z,1674,FG-A,BATCH-1001,DAY,normal,0,0
720,2026-01-30T08:21:48.900Z,2026-01-30T08:21:50.377Z,1477,FG-A,BATCH-1001,DAY,normal,0,0
721,2026-01-30T08:21:50.377Z,2026-01-30T08:21:55.989Z,5612,FG-A,BATCH-1001,DAY,jam_recovery,1,1
722,2026-01-30T08:21:55.989Z,2026-01-30T08:21:57.393Z,1404,FG-A,BATCH-1001,DAY,normal,0,0
723,2026-01-30T08:21:57.393Z,2026-01-30T08:21:59.269Z,1876,FG-A,BATCH-1001,DAY,normal,0,0
724,2026-01-30T08:21:59.269Z,2026-01-30T08:22:00.911Z,1642,FG-A,BATCH-1001,DAY,normal,0,0
725,2026-01-30T08:22:00.911Z,2026-01-30T08:22:02.506Z,1595,FG-A,BATCH-1001,DAY,normal,0,0
726,2026-01-30T08:22:02.506Z,2026-01-30T08:22:04.158Z,1652,FG-A,BATCH-1001,DAY,normal,0,0
727,2026-01-30T08:22:04.158Z,2026-01-30T08:22:05.629Z,1471,FG-A,BATCH-1001,DAY,normal,0,0
728,2026-01-30T08:22:05.629Z,2026-01-30T08:22:09.441Z,3812,FG-A,BATCH-1001,DAY,jam_recovery,0,1
729,2026-01-30T08:22:09.441Z,2026-01-30T08:22:10.944Z,1503,FG-A,BATCH-1001,DAY,normal,0,0
730,2026-01-30T08:22:10.944Z,2026-01-30T08:22:12.489Z,1545,FG-A,BATCH-1001,DAY,normal,0,0
731,2026-01-30T08:22:12.489Z,2026-01-30T08:22:14.166Z,1677,FG-A,BATCH-1001,DAY,normal,0,0
732,2026-01-30T08:22:14.166Z,2026-01-30T08:22:15.673Z,1507,FG-A,BATCH-1001,DAY,normal,0,0
733,2026-01-30T08:22:15.673Z,2026-01-30T08:22:17.071Z,1398,FG-A,BATCH-1001,DAY,normal,0,0
734,2026-01-30T08:22:17.071Z,2026-01-30T08:22:18.574Z,1503,FG-A,BATCH-1001,DAY,normal,0,0
735,2026-01-30T08:22:18.574Z,2026-01-30T08:22:20.129Z,1555,FG-A,BATCH-1001,DAY,normal,0,0
736,2026-01-30T08:22:20.129Z,2026-01-30T08:22:21.737Z,1608,FG-A,BATCH-1001,DAY,normal,0,0
737,2026-01-30T08:22:21.737Z,2026-01-30T08:22:23.391Z,1654,FG-A,BATCH-1001,DAY,normal,0,0
738,2026-01-30T08:22:23.391Z,2026-01-30T08:22:24.906Z,1515,FG-A,BATCH-1001,DAY,normal,0,0
739,2026-01-30T08:22:24.906Z,2026-01-30T08:22:26.593Z,1687,FG-A,BATCH-1001,DAY,normal,0,0
740,2026-01-30T08:22:26.593Z,2026-01-30T08:22:27.900Z,1307,FG-A,BATCH-1001,DAY,normal,0,0
741,2026-01-30T08:22:27.900Z,2026-01-30T08:22:29.613Z,1713,FG-A,BATCH-1001,DAY,normal,0,0
742,2026-01-30T08:22:29.613Z,2026-01-30T08:22:31.172Z,1559,FG-A,BATCH-1001,DAY,normal,0,0
743,2026-01-30T08:22:31.172Z,2026-01-30T08:22:32.782Z,1610,FG-A,BATCH-1001,DAY,normal,0,0
744,2026-01-30T08:22:32.782Z,2026-01-30T08:22:34.473Z,1691,FG-A,BATCH-1001,DAY,normal,0,0
745,2026-01-30T08:22:34.473Z,2026-01-30T08:22:36.020Z,1547,FG-A,BATCH-1001,DAY,normal,0,0
746,2026-01-30T08:22:36.020Z,2026-01-30T08:22:37.675Z,1655,FG-A,BATCH-1001,DAY,normal,0,0
747,2026-01-30T08:22:37.675Z,2026-01-30T08:22:39.214Z,1539,FG-A,BATCH-1001,DAY,normal,0,0
748,2026-01-30T08:22:39.214Z,2026-01-30T08:22:40.629Z,1415,FG-A,BATCH-1001,DAY,normal,0,0
749,2026-01-30T08:22:40.629Z,2026-01-30T08:22:42.185Z,1556,FG-A,BATCH-1001,DAY,normal,0,0
750,2026-01-30T08:22:42.185Z,2026-01-30T08:22:43.915Z,1730,FG-A,BATCH-1001,DAY,normal,0,0
751,2026-01-30T08:22:43.915Z,2026-01-30T08:22:45.464Z,1549,FG-A,BATCH-1001,DAY,normal,0,0
752,2026-01-30T08:22:45.464Z,2026-01-30T08:22:47.118Z,1654,FG-A,BATCH-1001,DAY,normal,0,0
753,2026-01-30T08:22:47.118Z,2026-01-30T08:22:48.770Z,1652,FG-A,BATCH-1001,DAY,normal,0,0
754,2026-01-30T08:22:48.770Z,2026-01-30T08:22:50.497Z,1727,FG-A,BATCH-1001,DAY,normal,0,0
755,2026-01-30T08:22:50.497Z,2026-01-30T08:22:52.125Z,1628,FG-A,BATCH-1001,DAY,normal,0,0
756,2026-01-30T08:22:52.125Z,2026-01-30T08:22:53.610Z,1485,FG-A,BATCH-1001,DAY,normal,0,0
757,2026-01-30T08:22:53.610Z,2026-01-30T08:22:55.177Z,1567,FG-A,BATCH-1001,DAY,normal,0,0
758,2026-01-30T08:22:55.177Z,2026-01-30T08:22:56.937Z,1760,FG-A,BATCH-1001,DAY,normal,0,0
759,2026-01-30T08:22:56.937Z,2026-01-30T08:22:58.545Z,1608,FG-A,BATCH-1001,DAY,normal,0,0
760,2026-01-30T08:22:58.545Z,2026-01-30T08:23:00.170Z,1625,FG-A,BATCH-1001,DAY,normal,0,0
761,2026-01-30T08:23:00.170Z,2026-01-30T08:23:01.745Z,1575,FG-A,BATCH-1001,DAY,normal,0,0
762,2026-01-30T08:23:01.745Z,2026-01-30T08:23:03.217Z,1472,FG-A,BATCH-1001,DAY,normal,0,0
763,2026-01-30T08:23:03.217Z,2026-01-30T08:23:04.870Z,1653,FG-A,BATCH-1001,DAY,normal,0,0
764,2026-01-30T08:23:04.870Z,2026-01-30T08:23:06.504Z,1634,FG-A,BATCH-1001,DAY,normal,0,0
765,2026-01-30T08:23:06.504Z,2026-01-30T08:23:07.980Z,1476,FG-A,BATCH-1001,DAY,normal,0,0
766,2026-01-30T08:23:07.980Z,2026-01-30T08:23:09.197Z,1217,FG-A,BATCH-1001,DAY,fast_cycle,0,0
767,2026-01-30T08:23:09.197Z,2026-01-30T08:23:10.892Z,1695,FG-A,BATCH-1001,DAY,normal,0,0
768,2026-01-30T08:23:10.892Z,2026-01-30T08:23:12.544Z,1652,FG-A,BATCH-1001,DAY,normal,0,0
769,2026-01-30T08:23:12.544Z,2026-01-30T08:23:14.225Z,1681,FG-A,BATCH-1001,DAY,normal,0,0
770,2026-01-30T08:23:14.225Z,2026-01-30T08:23:16.022Z,1797,FG-A,BATCH-1001,DAY,normal,0,0
771,2026-01-30T08:23:16.022Z,2026-01-30T08:23:17.558Z,1536,FG-A,BATCH-1001,DAY,normal,0,0
772,2026-01-30T08:23:17.558Z,2026-01-30T08:23:19.088Z,1530,FG-A,BATCH-1001,DAY,normal,0,0
773,2026-01-30T08:23:19.088Z,2026-01-30T08:23:20.607Z,1519,FG-A,BATCH-1001,DAY,normal,0,0
774,2026-01-30T08:23:20.607Z,2026-01-30T08:23:22.106Z,1499,FG-A,BATCH-1001,DAY,normal,0,0
775,2026-01-30T08:23:22.106Z,2026-01-30T08:23:23.692Z,1586,FG-A,BATCH-1001,DAY,normal,0,0
776,2026-01-30T08:23:23.692Z,2026-01-30T08:23:25.380Z,1688,FG-A,BATCH-1001,DAY,normal,0,0
777,2026-01-30T08:23:25.380Z,2026-01-30T08:23:27.104Z,1724,FG-A,BATCH-1001,DAY,normal,0,0
778,2026-01-30T08:23:27.104Z,2026-01-30T08:23:28.781Z,1677,FG-A,BATCH-1001,DAY,normal,0,0
779,2026-01-30T08:23:28.781Z,2026-01-30T08:23:31.043Z,2262,FG-A,BATCH-1001,DAY,slow_cycle,0,1
780,2026-01-30T08:23:31.043Z,2026-01-30T08:23:32.574Z,1531,FG-A,BATCH-1001,DAY,normal,0,0
781,2026-01-30T08:23:32.574Z,2026-01-30T08:23:34.087Z,1513,FG-A,BATCH-1001,DAY,normal,0,0
782,2026-01-30T08:23:34.087Z,2026-01-30T08:23:35.579Z,1492,FG-A,BATCH-1001,DAY,normal,0,0
783,2026-01-30T08:23:35.579Z,2026-01-30T08:23:37.257Z,1678,FG-A,BATCH-1001,DAY,normal,0,0
784,2026-01-30T08:23:37.257Z,2026-01-30T08:23:38.808Z,1551,FG-A,BATCH-1001,DAY,normal,0,0
785,2026-01-30T08:23:38.808Z,2026-01-30T08:23:40.648Z,1840,FG-A,BATCH-1001,DAY,normal,0,0
786,2026-01-30T08:23:40.648Z,2026-01-30T08:23:42.226Z,1578,FG-A,BATCH-1001,DAY,normal,0,0
787,2026-01-30T08:23:42.226Z,2026-01-30T08:23:43.508Z,1282,FG-A,BATCH-1001,DAY,fast_cycle,0,0
788,2026-01-30T08:23:43.508Z,2026-01-30T08:23:45.054Z,1546,FG-A,BATCH-1001,DAY,normal,0,0
789,2026-01-30T08:23:45.054Z,2026-01-30T08:23:46.670Z,1616,FG-A,BATCH-1001,DAY,normal,0,0
790,2026-01-30T08:23:46.670Z,2026-01-30T08:23:48.249Z,1579,FG-A,BATCH-1001,DAY,normal,0,0
791,2026-01-30T08:23:48.249Z,2026-01-30T08:23:49.707Z,1458,FG-A,BATCH-1001,DAY,normal,0,0
792,2026-01-30T08:23:49.707Z,2026-01-30T08:23:51.379Z,1672,FG-A,BATCH-1001,DAY,normal,0,0
793,2026-01-30T08:23:51.379Z,2026-01-30T08:23:53.056Z,1677,FG-A,BATCH-1001,DAY,normal,0,0
794,2026-01-30T08:23:53.056Z,2026-01-30T08:23:54.593Z,1537,FG-A,BATCH-1001,DAY,normal,0,0
795,2026-01-30T08:23:54.593Z,2026-01-30T08:23:56.219Z,1626,FG-A,BATCH-1001,DAY,normal,0,0
796,2026-01-30T08:23:56.219Z,2026-01-30T08:23:57.806Z,1587,FG-A,BATCH-1001,DAY,normal,0,0
797,2026-01-30T08:23:57.806Z,2026-01-30T08:23:59.507Z,1701,FG-A,BATCH-1001,DAY,normal,0,0
798,2026-01-30T08:23:59.507Z,2026-01-30T08:24:01.154Z,1647,FG-A,BATCH-1001,DAY,normal,0,0
799,2026-01-30T08:24:01.154Z,2026-01-30T08:24:02.722Z,1568,FG-A,BATCH-1001,DAY,normal,0,0
800,2026-01-30T08:24:02.722Z,2026-01-30T08:24:04.271Z,1549,FG-A,BATCH-1001,DAY,normal,0,0
801,2026-01-30T08:24:04.271Z,2026-01-30T08:24:06.030Z,1759,FG-A,BATCH-1001,DAY,normal,0,0
802,2026-01-30T08:24:06.030Z,2026-01-30T08:24:09.393Z,3363,FG-A,BATCH-1001,DAY,slow_cycle,0,1
803,2026-01-30T08:24:09.393Z,2026-01-30T08:24:11.004Z,1611,FG-A,BATCH-1001,DAY,normal,0,0
804,2026-01-30T08:24:11.004Z,2026-01-30T08:24:12.679Z,1675,FG-A,BATCH-1001,DAY,normal,0,0
805,2026-01-30T08:24:12.679Z,2026-01-30T08:24:14.012Z,1333,FG-A,BATCH-1001,DAY,fast_cycle,0,0
806,2026-01-30T08:24:14.012Z,2026-01-30T08:24:15.725Z,1713,FG-A,BATCH-1001,DAY,normal,0,0
807,2026-01-30T08:24:15.725Z,2026-01-30T08:24:17.242Z,1517,FG-A,BATCH-1001,DAY,normal,0,0
808,2026-01-30T08:24:17.242Z,2026-01-30T08:24:18.911Z,1669,FG-A,BATCH-1001,DAY,normal,0,0
809,2026-01-30T08:24:18.911Z,2026-01-30T08:24:20.439Z,1528,FG-A,BATCH-1001,DAY,normal,0,0
810,2026-01-30T08:24:20.439Z,2026-01-30T08:24:22.058Z,1619,FG-A,BATCH-1001,DAY,normal,0,0
811,2026-01-30T08:24:22.058Z,2026-01-30T08:24:23.579Z,1521,FG-A,BATCH-1001,DAY,normal,0,0
812,2026-01-30T08:24:23.579Z,2026-01-30T08:24:25.231Z,1652,FG-A,BATCH-1001,DAY,normal,0,0
813,2026-01-30T08:24:25.231Z,2026-01-30T08:24:26.955Z,1724,FG-A,BATCH-1001,DAY,normal,0,0
814,2026-01-30T08:24:26.955Z,2026-01-30T08:24:28.573Z,1618,FG-A,BATCH-1001,DAY,normal,0,0
815,2026-01-30T08:24:28.573Z,2026-01-30T08:24:30.107Z,1534,FG-A,BATCH-1001,DAY,normal,0,0
816,2026-01-30T08:24:30.107Z,2026-01-30T08:24:31.908Z,1801,FG-A,BATCH-1001,DAY,normal,0,0
817,2026-01-30T08:24:31.908Z,2026-01-30T08:24:33.694Z,1786,FG-A,BATCH-1001,DAY,normal,0,0
818,2026-01-30T08:24:33.694Z,2026-01-30T08:24:35.186Z,1492,FG-A,BATCH-1001,DAY,normal,0,0
819,2026-01-30T08:24:35.186Z,2026-01-30T08:24:36.988Z,1802,FG-A,BATCH-1001,DAY,normal,0,0
820,2026-01-30T08:24:36.988Z,2026-01-30T08:24:38.284Z,1296,FG-A,BATCH-1001,DAY,fast_cycle,0,0
821,2026-01-30T08:24:38.284Z,2026-01-30T08:24:39.889Z,1605,FG-A,BATCH-1001,DAY,normal,0,0
822,2026-01-30T08:24:39.889Z,2026-01-30T08:24:41.397Z,1508,FG-A,BATCH-1001,DAY,normal,0,0
823,2026-01-30T08:24:41.397Z,2026-01-30T08:24:43.026Z,1629,FG-A,BATCH-1001,DAY,normal,0,0
824,2026-01-30T08:24:43.026Z,2026-01-30T08:24:44.576Z,1550,FG-A,BATCH-1001,DAY,normal,0,0
825,2026-01-30T08:24:44.576Z,2026-01-30T08:24:46.303Z,1727,FG-A,BATCH-1001,DAY,normal,0,0
826,2026-01-30T08:24:46.303Z,2026-01-30T08:24:47.909Z,1606,FG-A,BATCH-1001,DAY,normal,0,0
827,2026-01-30T08:24:47.909Z,2026-01-30T08:24:49.441Z,1532,FG-A,BATCH-1001,DAY,normal,0,0
828,2026-01-30T08:24:49.441Z,2026-01-30T08:24:50.906Z,1465,FG-A,BATCH-1001,DAY,normal,0,0
829,2026-01-30T08:24:50.906Z,2026-01-30T08:24:52.487Z,1581,FG-A,BATCH-1001,DAY,normal,0,0
830,2026-01-30T08:24:52.487Z,2026-01-30T08:24:54.002Z,1515,FG-A,BATCH-1001,DAY,normal,0,0
831,2026-01-30T08:24:54.002Z,2026-01-30T08:24:55.718Z,1716,FG-A,BATCH-1001,DAY,normal,0,0
832,2026-01-30T08:24:55.718Z,2026-01-30T08:24:57.374Z,1656,FG-A,BATCH-1001,DAY,normal,0,0
833,2026-01-30T08:24:57.374Z,2026-01-30T08:25:00.109Z,2735,FG-A,BATCH-1001,DAY,slow_cycle,0,1
834,2026-01-30T08:25:00.109Z,2026-01-30T08:25:01.883Z,1774,FG-A,BATCH-1001,DAY,normal,0,0
835,2026-01-30T08:25:01.883Z,2026-01-30T08:25:03.461Z,1578,FG-A,BATCH-1001,DAY,normal,0,0
836,2026-01-30T08:25:03.461Z,2026-01-30T08:25:05.050Z,1589,FG-A,BATCH-1001,DAY,normal,0,0
837,2026-01-30T08:25:05.050Z,2026-01-30T08:25:06.538Z,1488,FG-A,BATCH-1001,DAY,normal,0,0
838,2026-01-30T08:25:06.538Z,2026-01-30T08:25:08.017Z,1479,FG-A,BATCH-1001,DAY,normal,0,0
839,2026-01-30T08:25:08.017Z,2026-01-30T08:25:09.504Z,1487,FG-A,BATCH-1001,DAY,normal,0,0
840,2026-01-30T08:25:09.504Z,2026-01-30T08:25:11.343Z,1839,FG-A,BATCH-1001,DAY,normal,0,0
841,2026-01-30T08:25:11.343Z,2026-01-30T08:25:14.077Z,2734,FG-A,BATCH-1001,DAY,slow_cycle,0,1
842,2026-01-30T08:25:14.077Z,2026-01-30T08:25:15.773Z,1696,FG-A,BATCH-1001,DAY,normal,0,0
843,2026-01-30T08:25:15.773Z,2026-01-30T08:25:17.503Z,1730,FG-A,BATCH-1001,DAY,normal,0,0
844,2026-01-30T08:25:17.503Z,2026-01-30T08:25:19.284Z,1781,FG-A,BATCH-1001,DAY,normal,0,0
845,2026-01-30T08:25:19.284Z,2026-01-30T08:25:20.804Z,1520,FG-A,BATCH-1001,DAY,normal,0,0
846,2026-01-30T08:25:20.804Z,2026-01-30T08:25:22.458Z,1654,FG-A,BATCH-1001,DAY,normal,0,0
847,2026-01-30T08:25:22.458Z,2026-01-30T08:25:24.120Z,1662,FG-A,BATCH-1001,DAY,normal,0,0
848,2026-01-30T08:25:24.120Z,2026-01-30T08:25:25.651Z,1531,FG-A,BATCH-1001,DAY,normal,0,0
849,2026-01-30T08:25:25.651Z,2026-01-30T08:25:27.250Z,1599,FG-A,BATCH-1001,DAY,normal,0,0
850,2026-01-30T08:25:27.250Z,2026-01-30T08:25:28.814Z,1564,FG-A,BATCH-1001,DAY,normal,0,0
851,2026-01-30T08:25:28.814Z,2026-01-30T08:25:30.501Z,1687,FG-A,BATCH-1001,DAY,normal,0,0
852,2026-01-30T08:25:30.501Z,2026-01-30T08:25:32.023Z,1522,FG-A,BATCH-1001,DAY,normal,0,0
853,2026-01-30T08:25:32.023Z,2026-01-30T08:25:33.521Z,1498,FG-A,BATCH-1001,DAY,normal,0,0
854,2026-01-30T08:25:33.521Z,2026-01-30T08:25:35.136Z,1615,FG-A,BATCH-1001,DAY,normal,0,0
855,2026-01-30T08:25:35.136Z,2026-01-30T08:25:36.870Z,1734,FG-A,BATCH-1001,DAY,normal,0,0
856,2026-01-30T08:25:36.870Z,2026-01-30T08:25:38.459Z,1589,FG-A,BATCH-1001,DAY,normal,0,0
857,2026-01-30T08:25:38.459Z,2026-01-30T08:25:40.146Z,1687,FG-A,BATCH-1001,DAY,normal,0,0
858,2026-01-30T08:25:40.146Z,2026-01-30T08:25:41.723Z,1577,FG-A,BATCH-1001,DAY,normal,0,0
859,2026-01-30T08:25:41.723Z,2026-01-30T08:25:43.416Z,1693,FG-A,BATCH-1001,DAY,normal,0,0
860,2026-01-30T08:25:43.416Z,2026-01-30T08:25:45.021Z,1605,FG-A,BATCH-1001,DAY,normal,0,0
861,2026-01-30T08:25:45.021Z,2026-01-30T08:25:46.681Z,1660,FG-A,BATCH-1001,DAY,normal,0,0
862,2026-01-30T08:25:46.681Z,2026-01-30T08:25:48.468Z,1787,FG-A,BATCH-1001,DAY,normal,0,0
863,2026-01-30T08:25:48.468Z,2026-01-30T08:25:50.059Z,1591,FG-A,BATCH-1001,DAY,normal,0,0
864,2026-01-30T08:25:50.059Z,2026-01-30T08:25:51.652Z,1593,FG-A,BATCH-1001,DAY,normal,0,0
865,2026-01-30T08:25:51.652Z,2026-01-30T08:25:53.340Z,1688,FG-A,BATCH-1001,DAY,normal,0,0
866,2026-01-30T08:25:53.340Z,2026-01-30T08:25:54.884Z,1544,FG-A,BATCH-1001,DAY,normal,0,0
867,2026-01-30T08:25:54.884Z,2026-01-30T08:25:56.523Z,1639,FG-A,BATCH-1001,DAY,normal,0,0
868,2026-01-30T08:25:56.523Z,2026-01-30T08:25:57.921Z,1398,FG-A,BATCH-1001,DAY,normal,0,0
869,2026-01-30T08:25:57.921Z,2026-01-30T08:25:59.481Z,1560,FG-A,BATCH-1001,DAY,normal,0,0
870,2026-01-30T08:25:59.481Z,2026-01-30T08:26:00.999Z,1518,FG-A,BATCH-1001,DAY,normal,0,0
871,2026-01-30T08:26:00.999Z,2026-01-30T08:26:02.528Z,1529,FG-A,BATCH-1001,DAY,normal,0,0
872,2026-01-30T08:26:02.528Z,2026-01-30T08:26:03.758Z,1230,FG-A,BATCH-1001,DAY,fast_cycle,0,0
873,2026-01-30T08:26:03.758Z,2026-01-30T08:26:05.345Z,1587,FG-A,BATCH-1001,DAY,normal,0,0
874,2026-01-30T08:26:05.345Z,2026-01-30T08:26:17.133Z,11788,FG-A,BATCH-1001,DAY,long_gap,1,1
875,2026-01-30T08:26:17.133Z,2026-01-30T08:26:18.842Z,1709,FG-A,BATCH-1001,DAY,normal,0,0
876,2026-01-30T08:26:18.842Z,2026-01-30T08:26:20.270Z,1428,FG-A,BATCH-1001,DAY,normal,0,0
877,2026-01-30T08:26:20.270Z,2026-01-30T08:26:22.006Z,1736,FG-A,BATCH-1001,DAY,normal,0,0
878,2026-01-30T08:26:22.006Z,2026-01-30T08:26:23.696Z,1690,FG-A,BATCH-1001,DAY,normal,0,0
879,2026-01-30T08:26:23.696Z,2026-01-30T08:26:25.542Z,1846,FG-A,BATCH-1001,DAY,normal,0,0
880,2026-01-30T08:26:25.542Z,2026-01-30T08:26:27.190Z,1648,FG-A,BATCH-1001,DAY,normal,0,0
881,2026-01-30T08:26:27.190Z,2026-01-30T08:26:28.781Z,1591,FG-A,BATCH-1001,DAY,normal,0,0
882,2026-01-30T08:26:28.781Z,2026-01-30T08:26:30.357Z,1576,FG-A,BATCH-1001,DAY,normal,0,0
883,2026-01-30T08:26:30.357Z,2026-01-30T08:26:31.750Z,1393,FG-A,BATCH-1001,DAY,normal,0,0
884,2026-01-30T08:26:31.750Z,2026-01-30T08:26:33.407Z,1657,FG-A,BATCH-1001,DAY,normal,0,0
885,2026-01-30T08:26:33.407Z,2026-01-30T08:26:34.980Z,1573,FG-A,BATCH-1001,DAY,normal,0,0
886,2026-01-30T08:26:34.980Z,2026-01-30T08:26:36.505Z,1525,FG-A,BATCH-1001,DAY,normal,0,0
887,2026-01-30T08:26:36.505Z,2026-01-30T08:26:38.185Z,1680,FG-A,BATCH-1001,DAY,normal,0,0
888,2026-01-30T08:26:38.185Z,2026-01-30T08:26:50.170Z,11985,FG-A,BATCH-1001,DAY,long_gap,1,1
889,2026-01-30T08:26:50.170Z,2026-01-30T08:26:51.696Z,1526,FG-A,BATCH-1001,DAY,normal,0,0
890,2026-01-30T08:26:51.696Z,2026-01-30T08:26:53.387Z,1691,FG-A,BATCH-1001,DAY,normal,0,0
891,2026-01-30T08:26:53.387Z,2026-01-30T08:26:54.992Z,1605,FG-A,BATCH-1001,DAY,normal,0,0
892,2026-01-30T08:26:54.992Z,2026-01-30T08:26:56.381Z,1389,FG-A,BATCH-1001,DAY,normal,0,0
893,2026-01-30T08:26:56.381Z,2026-01-30T08:26:58.003Z,1622,FG-A,BATCH-1001,DAY,normal,0,0
894,2026-01-30T08:26:58.003Z,2026-01-30T08:26:59.633Z,1630,FG-A,BATCH-1001,DAY,normal,0,0
895,2026-01-30T08:26:59.633Z,2026-01-30T08:27:01.290Z,1657,FG-A,BATCH-1001,DAY,normal,0,0
896,2026-01-30T08:27:01.290Z,2026-01-30T08:27:02.901Z,1611,FG-A,BATCH-1001,DAY,normal,0,0
897,2026-01-30T08:27:02.901Z,2026-01-30T08:27:04.575Z,1674,FG-A,BATCH-1001,DAY,normal,0,0
898,2026-01-30T08:27:04.575Z,2026-01-30T08:27:06.043Z,1468,FG-A,BATCH-1001,DAY,normal,0,0
899,2026-01-30T08:27:06.043Z,2026-01-30T08:27:07.591Z,1548,FG-A,BATCH-1001,DAY,normal,0,0
900,2026-01-30T08:27:07.591Z,2026-01-30T08:27:09.347Z,1756,FG-A,BATCH-1001,DAY,normal,0,0
901,2026-01-30T08:27:09.347Z,2026-01-30T08:27:10.853Z,1506,FG-A,BATCH-1001,DAY,normal,0,0
902,2026-01-30T08:27:10.853Z,2026-01-30T08:27:12.437Z,1584,FG-A,BATCH-1001,DAY,normal,0,0
903,2026-01-30T08:27:12.437Z,2026-01-30T08:27:13.998Z,1561,FG-A,BATCH-1001,DAY,normal,0,0
904,2026-01-30T08:27:13.998Z,2026-01-30T08:27:15.613Z,1615,FG-A,BATCH-1001,DAY,normal,0,0
905,2026-01-30T08:27:15.613Z,2026-01-30T08:27:17.301Z,1688,FG-A,BATCH-1001,DAY,normal,0,0
906,2026-01-30T08:27:17.301Z,2026-01-30T08:27:18.992Z,1691,FG-A,BATCH-1001,DAY,normal,0,0
907,2026-01-30T08:27:18.992Z,2026-01-30T08:27:22.067Z,3075,FG-A,BATCH-1001,DAY,slow_cycle,0,1
908,2026-01-30T08:27:22.067Z,2026-01-30T08:27:23.669Z,1602,FG-A,BATCH-1001,DAY,normal,0,0
909,2026-01-30T08:27:23.669Z,2026-01-30T08:27:25.251Z,1582,FG-A,BATCH-1001,DAY,normal,0,0
910,2026-01-30T08:27:25.251Z,2026-01-30T08:27:26.772Z,1521,FG-A,BATCH-1001,DAY,normal,0,0
911,2026-01-30T08:27:26.772Z,2026-01-30T08:27:28.449Z,1677,FG-A,BATCH-1001,DAY,normal,0,0
912,2026-01-30T08:27:28.449Z,2026-01-30T08:27:30.045Z,1596,FG-A,BATCH-1001,DAY,normal,0,0
913,2026-01-30T08:27:30.045Z,2026-01-30T08:27:31.703Z,1658,FG-A,BATCH-1001,DAY,normal,0,0
914,2026-01-30T08:27:31.703Z,2026-01-30T08:27:33.267Z,1564,FG-A,BATCH-1001,DAY,normal,0,0
915,2026-01-30T08:27:33.267Z,2026-01-30T08:27:34.837Z,1570,FG-A,BATCH-1001,DAY,normal,0,0
916,2026-01-30T08:27:34.837Z,2026-01-30T08:27:36.449Z,1612,FG-A,BATCH-1001,DAY,normal,0,0
917,2026-01-30T08:27:36.449Z,2026-01-30T08:27:37.933Z,1484,FG-A,BATCH-1001,DAY,normal,0,0
918,2026-01-30T08:27:37.933Z,2026-01-30T08:27:39.431Z,1498,FG-A,BATCH-1001,DAY,normal,0,0
919,2026-01-30T08:27:39.431Z,2026-01-30T08:27:41.067Z,1636,FG-A,BATCH-1001,DAY,normal,0,0
920,2026-01-30T08:27:41.067Z,2026-01-30T08:27:42.684Z,1617,FG-A,BATCH-1001,DAY,normal,0,0
921,2026-01-30T08:27:42.684Z,2026-01-30T08:27:44.457Z,1773,FG-A,BATCH-1001,DAY,normal,0,0
922,2026-01-30T08:27:44.457Z,2026-01-30T08:27:45.931Z,1474,FG-A,BATCH-1001,DAY,normal,0,0
923,2026-01-30T08:27:45.931Z,2026-01-30T08:27:47.594Z,1663,FG-A,BATCH-1001,DAY,normal,0,0
924,2026-01-30T08:27:47.594Z,2026-01-30T08:27:49.319Z,1725,FG-A,BATCH-1001,DAY,normal,0,0
925,2026-01-30T08:27:49.319Z,2026-01-30T08:27:50.978Z,1659,FG-A,BATCH-1001,DAY,normal,0,0
926,2026-01-30T08:27:50.978Z,2026-01-30T08:27:52.642Z,1664,FG-A,BATCH-1001,DAY,normal,0,0
927,2026-01-30T08:27:52.642Z,2026-01-30T08:27:54.325Z,1683,FG-A,BATCH-1001,DAY,normal,0,0
928,2026-01-30T08:27:54.325Z,2026-01-30T08:27:55.974Z,1649,FG-A,BATCH-1001,DAY,normal,0,0
929,2026-01-30T08:27:55.974Z,2026-01-30T08:27:57.709Z,1735,FG-A,BATCH-1001,DAY,normal,0,0
930,2026-01-30T08:27:57.709Z,2026-01-30T08:27:59.361Z,1652,FG-A,BATCH-1001,DAY,normal,0,0
931,2026-01-30T08:27:59.361Z,2026-01-30T08:28:00.878Z,1517,FG-A,BATCH-1001,DAY,normal,0,0
932,2026-01-30T08:28:00.878Z,2026-01-30T08:28:02.591Z,1713,FG-A,BATCH-1001,DAY,normal,0,0
933,2026-01-30T08:28:02.591Z,2026-01-30T08:28:04.243Z,1652,FG-A,BATCH-1001,DAY,normal,0,0
934,2026-01-30T08:28:04.243Z,2026-01-30T08:28:05.718Z,1475,FG-A,BATCH-1001,DAY,normal,0,0
935,2026-01-30T08:28:05.718Z,2026-01-30T08:28:07.439Z,1721,FG-A,BATCH-1001,DAY,normal,0,0
936,2026-01-30T08:28:07.439Z,2026-01-30T08:28:09.137Z,1698,FG-A,BATCH-1001,DAY,normal,0,0
937,2026-01-30T08:28:09.137Z,2026-01-30T08:28:10.776Z,1639,FG-A,BATCH-1001,DAY,normal,0,0
938,2026-01-30T08:28:10.776Z,2026-01-30T08:28:12.423Z,1647,FG-A,BATCH-1001,DAY,normal,0,0
939,2026-01-30T08:28:12.423Z,2026-01-30T08:28:17.041Z,4618,FG-A,BATCH-1001,DAY,jam_recovery,0,1
940,2026-01-30T08:28:17.041Z,2026-01-30T08:28:18.675Z,1634,FG-A,BATCH-1001,DAY,normal,0,0
941,2026-01-30T08:28:18.675Z,2026-01-30T08:28:20.129Z,1454,FG-A,BATCH-1001,DAY,normal,0,0
942,2026-01-30T08:28:20.129Z,2026-01-30T08:28:21.481Z,1352,FG-A,BATCH-1001,DAY,normal,0,0
943,2026-01-30T08:28:21.481Z,2026-01-30T08:28:23.239Z,1758,FG-A,BATCH-1001,DAY,normal,0,0
944,2026-01-30T08:28:23.239Z,2026-01-30T08:28:24.930Z,1691,FG-A,BATCH-1001,DAY,normal,0,0
945,2026-01-30T08:28:24.930Z,2026-01-30T08:28:26.493Z,1563,FG-A,BATCH-1001,DAY,normal,0,0
946,2026-01-30T08:28:26.493Z,2026-01-30T08:28:27.973Z,1480,FG-A,BATCH-1001,DAY,normal,0,0
947,2026-01-30T08:28:27.973Z,2026-01-30T08:28:29.554Z,1581,FG-A,BATCH-1001,DAY,normal,0,0
948,2026-01-30T08:28:29.554Z,2026-01-30T08:28:31.055Z,1501,FG-A,BATCH-1001,DAY,normal,0,0
949,2026-01-30T08:28:31.055Z,2026-01-30T08:28:32.642Z,1587,FG-A,BATCH-1001,DAY,normal,0,0
950,2026-01-30T08:28:32.642Z,2026-01-30T08:28:34.277Z,1635,FG-A,BATCH-1001,DAY,normal,0,0
951,2026-01-30T08:28:34.277Z,2026-01-30T08:28:35.892Z,1615,FG-A,BATCH-1001,DAY,normal,0,0
952,2026-01-30T08:28:35.892Z,2026-01-30T08:28:37.394Z,1502,FG-A,BATCH-1001,DAY,normal,0,0
953,2026-01-30T08:28:37.394Z,2026-01-30T08:28:38.976Z,1582,FG-A,BATCH-1001,DAY,normal,0,0
954,2026-01-30T08:28:38.976Z,2026-01-30T08:28:40.547Z,1571,FG-A,BATCH-1001,DAY,normal,0,0
955,2026-01-30T08:28:40.547Z,2026-01-30T08:28:42.224Z,1677,FG-A,BATCH-1001,DAY,normal,0,0
956,2026-01-30T08:28:42.224Z,2026-01-30T08:28:43.970Z,1746,FG-A,BATCH-1001,DAY,normal,0,0
957,2026-01-30T08:28:43.970Z,2026-01-30T08:28:45.697Z,1727,FG-A,BATCH-1001,DAY,normal,0,0
958,2026-01-30T08:28:45.697Z,2026-01-30T08:28:47.324Z,1627,FG-A,BATCH-1001,DAY,normal,0,0
959,2026-01-30T08:28:47.324Z,2026-01-30T08:28:48.927Z,1603,FG-A,BATCH-1001,DAY,normal,0,0
960,2026-01-30T08:28:48.927Z,2026-01-30T08:28:50.667Z,1740,FG-A,BATCH-1001,DAY,normal,0,0
961,2026-01-30T08:28:50.667Z,2026-01-30T08:28:52.003Z,1336,FG-A,BATCH-1001,DAY,fast_cycle,0,0
962,2026-01-30T08:28:52.003Z,2026-01-30T08:28:53.561Z,1558,FG-A,BATCH-1001,DAY,normal,0,0
963,2026-01-30T08:28:53.561Z,2026-01-30T08:28:55.216Z,1655,FG-A,BATCH-1001,DAY,normal,0,0
964,2026-01-30T08:28:55.216Z,2026-01-30T08:28:56.936Z,1720,FG-A,BATCH-1001,DAY,normal,0,0
965,2026-01-30T08:28:56.936Z,2026-01-30T08:28:58.590Z,1654,FG-A,BATCH-1001,DAY,normal,0,0
966,2026-01-30T08:28:58.590Z,2026-01-30T08:29:00.195Z,1605,FG-A,BATCH-1001,DAY,normal,0,0
967,2026-01-30T08:29:00.195Z,2026-01-30T08:29:01.727Z,1532,FG-A,BATCH-1001,DAY,normal,0,0
968,2026-01-30T08:29:01.727Z,2026-01-30T08:29:03.307Z,1580,FG-A,BATCH-1001,DAY,normal,0,0
969,2026-01-30T08:29:03.307Z,2026-01-30T08:29:04.994Z,1687,FG-A,BATCH-1001,DAY,normal,0,0
970,2026-01-30T08:29:04.994Z,2026-01-30T08:29:06.623Z,1629,FG-A,BATCH-1001,DAY,normal,0,0
971,2026-01-30T08:29:06.623Z,2026-01-30T08:29:08.317Z,1694,FG-A,BATCH-1001,DAY,normal,0,0
972,2026-01-30T08:29:08.317Z,2026-01-30T08:29:10.084Z,1767,FG-A,BATCH-1001,DAY,normal,0,0
973,2026-01-30T08:29:10.084Z,2026-01-30T08:29:11.555Z,1471,FG-A,BATCH-1001,DAY,normal,0,0
974,2026-01-30T08:29:11.555Z,2026-01-30T08:29:12.915Z,1360,FG-A,BATCH-1001,DAY,normal,0,0
975,2026-01-30T08:29:12.915Z,2026-01-30T08:29:14.537Z,1622,FG-A,BATCH-1001,DAY,normal,0,0
976,2026-01-30T08:29:14.537Z,2026-01-30T08:29:16.170Z,1633,FG-A,BATCH-1001,DAY,normal,0,0
977,2026-01-30T08:29:16.170Z,2026-01-30T08:29:17.704Z,1534,FG-A,BATCH-1001,DAY,normal,0,0
978,2026-01-30T08:29:17.704Z,2026-01-30T08:29:19.205Z,1501,FG-A,BATCH-1001,DAY,normal,0,0
979,2026-01-30T08:29:19.205Z,2026-01-30T08:29:20.931Z,1726,FG-A,BATCH-1001,DAY,normal,0,0
980,2026-01-30T08:29:20.931Z,2026-01-30T08:29:22.499Z,1568,FG-A,BATCH-1001,DAY,normal,0,0
981,2026-01-30T08:29:22.499Z,2026-01-30T08:29:24.255Z,1756,FG-A,BATCH-1001,DAY,normal,0,0
982,2026-01-30T08:29:24.255Z,2026-01-30T08:29:25.640Z,1385,FG-A,BATCH-1001,DAY,normal,0,0
983,2026-01-30T08:29:25.640Z,2026-01-30T08:29:27.160Z,1520,FG-A,BATCH-1001,DAY,normal,0,0
984,2026-01-30T08:29:27.160Z,2026-01-30T08:29:28.778Z,1618,FG-A,BATCH-1001,DAY,normal,0,0
985,2026-01-30T08:29:28.778Z,2026-01-30T08:29:30.457Z,1679,FG-A,BATCH-1001,DAY,normal,0,0
986,2026-01-30T08:29:30.457Z,2026-01-30T08:29:32.096Z,1639,FG-A,BATCH-1001,DAY,normal,0,0
987,2026-01-30T08:29:32.096Z,2026-01-30T08:29:33.677Z,1581,FG-A,BATCH-1001,DAY,normal,0,0
988,2026-01-30T08:29:33.677Z,2026-01-30T08:29:35.275Z,1598,FG-A,BATCH-1001,DAY,normal,0,0
989,2026-01-30T08:29:35.275Z,2026-01-30T08:29:37.031Z,1756,FG-A,BATCH-1001,DAY,normal,0,0
990,2026-01-30T08:29:37.031Z,2026-01-30T08:29:38.707Z,1676,FG-A,BATCH-1001,DAY,normal,0,0
991,2026-01-30T08:29:38.707Z,2026-01-30T08:29:40.471Z,1764,FG-A,BATCH-1001,DAY,normal,0,0
992,2026-01-30T08:29:40.471Z,2026-01-30T08:29:41.896Z,1425,FG-A,BATCH-1001,DAY,normal,0,0
993,2026-01-30T08:29:41.896Z,2026-01-30T08:29:43.536Z,1640,FG-A,BATCH-1001,DAY,normal,0,0
994,2026-01-30T08:29:43.536Z,2026-01-30T08:29:45.373Z,1837,FG-A,BATCH-1001,DAY,normal,0,0
995,2026-01-30T08:29:45.373Z,2026-01-30T08:29:47.009Z,1636,FG-A,BATCH-1001,DAY,normal,0,0
996,2026-01-30T08:29:47.009Z,2026-01-30T08:29:48.732Z,1723,FG-A,BATCH-1001,DAY,normal,0,0
997,2026-01-30T08:29:48.732Z,2026-01-30T08:29:50.347Z,1615,FG-A,BATCH-1001,DAY,normal,0,0
998,2026-01-30T08:29:50.347Z,2026-01-30T08:29:52.021Z,1674,FG-A,BATCH-1001,DAY,normal,0,0
999,2026-01-30T08:29:52.021Z,2026-01-30T08:29:53.838Z,1817,FG-A,BATCH-1001,DAY,normal,0,0
1000,2026-01-30T08:29:53.838Z,2026-01-30T08:29:55.367Z,1529,FG-A,BATCH-1002,DAY,normal,0,0
1001,2026-01-30T08:29:55.367Z,2026-01-30T08:29:57.062Z,1695,FG-A,BATCH-1002,DAY,normal,0,0
1002,2026-01-30T08:29:57.062Z,2026-01-30T08:29:58.566Z,1504,FG-A,BATCH-1002,DAY,normal,0,0
1003,2026-01-30T08:29:58.566Z,2026-01-30T08:30:00.172Z,1606,FG-A,BATCH-1002,DAY,normal,0,0
1004,2026-01-30T08:30:00.172Z,2026-01-30T08:30:01.609Z,1437,FG-A,BATCH-1002,DAY,normal,0,0
1005,2026-01-30T08:30:01.609Z,2026-01-30T08:30:03.259Z,1650,FG-A,BATCH-1002,DAY,normal,0,0
1006,2026-01-30T08:30:03.259Z,2026-01-30T08:30:04.769Z,1510,FG-A,BATCH-1002,DAY,normal,0,0
1007,2026-01-30T08:30:04.769Z,2026-01-30T08:30:06.447Z,1678,FG-A,BATCH-1002,DAY,normal,0,0
1008,2026-01-30T08:30:06.447Z,2026-01-30T08:30:08.047Z,1600,FG-A,BATCH-1002,DAY,normal,0,0
1009,2026-01-30T08:30:08.047Z,2026-01-30T08:30:09.883Z,1836,FG-A,BATCH-1002,DAY,normal,0,0
1010,2026-01-30T08:30:09.883Z,2026-01-30T08:30:11.547Z,1664,FG-A,BATCH-1002,DAY,normal,0,0
1011,2026-01-30T08:30:11.547Z,2026-01-30T08:30:13.232Z,1685,FG-A,BATCH-1002,DAY,normal,0,0
1012,2026-01-30T08:30:13.232Z,2026-01-30T08:30:14.708Z,1476,FG-A,BATCH-1002,DAY,normal,0,0
1013,2026-01-30T08:30:14.708Z,2026-01-30T08:30:16.324Z,1616,FG-A,BATCH-1002,DAY,normal,0,0
1014,2026-01-30T08:30:16.324Z,2026-01-30T08:30:18.047Z,1723,FG-A,BATCH-1002,DAY,normal,0,0
1015,2026-01-30T08:30:18.047Z,2026-01-30T08:30:19.439Z,1392,FG-A,BATCH-1002,DAY,normal,0,0
1016,2026-01-30T08:30:19.439Z,2026-01-30T08:30:21.137Z,1698,FG-A,BATCH-1002,DAY,normal,0,0
1017,2026-01-30T08:30:21.137Z,2026-01-30T08:30:22.899Z,1762,FG-A,BATCH-1002,DAY,normal,0,0
1018,2026-01-30T08:30:22.899Z,2026-01-30T08:30:24.303Z,1404,FG-A,BATCH-1002,DAY,normal,0,0
1019,2026-01-30T08:30:24.303Z,2026-01-30T08:30:25.934Z,1631,FG-A,BATCH-1002,DAY,normal,0,0
1020,2026-01-30T08:30:25.934Z,2026-01-30T08:30:27.572Z,1638,FG-A,BATCH-1002,DAY,normal,0,0
1021,2026-01-30T08:30:27.572Z,2026-01-30T08:30:29.196Z,1624,FG-A,BATCH-1002,DAY,normal,0,0
1022,2026-01-30T08:30:29.196Z,2026-01-30T08:30:30.732Z,1536,FG-A,BATCH-1002,DAY,normal,0,0
1023,2026-01-30T08:30:30.732Z,2026-01-30T08:30:32.206Z,1474,FG-A,BATCH-1002,DAY,normal,0,0
1024,2026-01-30T08:30:32.206Z,2026-01-30T08:30:43.489Z,11283,FG-A,BATCH-1002,DAY,long_gap,1,1
1025,2026-01-30T08:30:43.489Z,2026-01-30T08:30:45.252Z,1763,FG-A,BATCH-1002,DAY,normal,0,0
1026,2026-01-30T08:30:45.252Z,2026-01-30T08:30:46.763Z,1511,FG-A,BATCH-1002,DAY,normal,0,0
1027,2026-01-30T08:30:46.763Z,2026-01-30T08:30:48.283Z,1520,FG-A,BATCH-1002,DAY,normal,0,0
1028,2026-01-30T08:30:48.283Z,2026-01-30T08:30:49.887Z,1604,FG-A,BATCH-1002,DAY,normal,0,0
1029,2026-01-30T08:30:49.887Z,2026-01-30T08:30:52.838Z,2951,FG-A,BATCH-1002,DAY,slow_cycle,0,1
1030,2026-01-30T08:30:52.838Z,2026-01-30T08:30:56.088Z,3250,FG-A,BATCH-1002,DAY,slow_cycle,0,1
1031,2026-01-30T08:30:56.088Z,2026-01-30T08:30:57.962Z,1874,FG-A,BATCH-1002,DAY,normal,0,0
1032,2026-01-30T08:30:57.962Z,2026-01-30T08:30:59.649Z,1687,FG-A,BATCH-1002,DAY,normal,0,0
1033,2026-01-30T08:30:59.649Z,2026-01-30T08:31:01.068Z,1419,FG-A,BATCH-1002,DAY,normal,0,0
1034,2026-01-30T08:31:01.068Z,2026-01-30T08:31:02.720Z,1652,FG-A,BATCH-1002,DAY,normal,0,0
1035,2026-01-30T08:31:02.720Z,2026-01-30T08:31:04.385Z,1665,FG-A,BATCH-1002,DAY,normal,0,0
1036,2026-01-30T08:31:04.385Z,2026-01-30T08:31:05.990Z,1605,FG-A,BATCH-1002,DAY,normal,0,0
1037,2026-01-30T08:31:05.990Z,2026-01-30T08:31:07.700Z,1710,FG-A,BATCH-1002,DAY,normal,0,0
1038,2026-01-30T08:31:07.700Z,2026-01-30T08:31:09.050Z,1350,FG-A,BATCH-1002,DAY,normal,0,0
1039,2026-01-30T08:31:09.050Z,2026-01-30T08:31:10.550Z,1500,FG-A,BATCH-1002,DAY,normal,0,0
1040,2026-01-30T08:31:10.550Z,2026-01-30T08:31:12.245Z,1695,FG-A,BATCH-1002,DAY,normal,0,0
1041,2026-01-30T08:31:12.245Z,2026-01-30T08:31:13.747Z,1502,FG-A,BATCH-1002,DAY,normal,0,0
1042,2026-01-30T08:31:13.747Z,2026-01-30T08:31:15.439Z,1692,FG-A,BATCH-1002,DAY,normal,0,0
1043,2026-01-30T08:31:15.439Z,2026-01-30T08:31:16.924Z,1485,FG-A,BATCH-1002,DAY,fast_cycle,0,0
1044,2026-01-30T08:31:16.924Z,2026-01-30T08:31:18.592Z,1668,FG-A,BATCH-1002,DAY,normal,0,0
1045,2026-01-30T08:31:18.592Z,2026-01-30T08:31:20.305Z,1713,FG-A,BATCH-1002,DAY,normal,0,0
1046,2026-01-30T08:31:20.305Z,2026-01-30T08:31:21.748Z,1443,FG-A,BATCH-1002,DAY,normal,0,0
1047,2026-01-30T08:31:21.748Z,2026-01-30T08:31:23.287Z,1539,FG-A,BATCH-1002,DAY,normal,0,0
1048,2026-01-30T08:31:23.287Z,2026-01-30T08:31:24.965Z,1678,FG-A,BATCH-1002,DAY,normal,0,0
1049,2026-01-30T08:31:24.965Z,2026-01-30T08:31:26.597Z,1632,FG-A,BATCH-1002,DAY,normal,0,0
1050,2026-01-30T08:31:26.597Z,2026-01-30T08:31:28.183Z,1586,FG-A,BATCH-1002,DAY,normal,0,0
1051,2026-01-30T08:31:28.183Z,2026-01-30T08:31:29.802Z,1619,FG-A,BATCH-1002,DAY,normal,0,0
1052,2026-01-30T08:31:29.802Z,2026-01-30T08:31:35.573Z,5771,FG-A,BATCH-1002,DAY,jam_recovery,1,1
1053,2026-01-30T08:31:35.573Z,2026-01-30T08:31:37.116Z,1543,FG-A,BATCH-1002,DAY,normal,0,0
1054,2026-01-30T08:31:37.116Z,2026-01-30T08:31:38.854Z,1738,FG-A,BATCH-1002,DAY,normal,0,0
1055,2026-01-30T08:31:38.854Z,2026-01-30T08:31:40.439Z,1585,FG-A,BATCH-1002,DAY,normal,0,0
1056,2026-01-30T08:31:40.439Z,2026-01-30T08:31:42.023Z,1584,FG-A,BATCH-1002,DAY,normal,0,0
1057,2026-01-30T08:31:42.023Z,2026-01-30T08:31:43.661Z,1638,FG-A,BATCH-1002,DAY,normal,0,0
1058,2026-01-30T08:31:43.661Z,2026-01-30T08:31:45.324Z,1663,FG-A,BATCH-1002,DAY,normal,0,0
1059,2026-01-30T08:31:45.324Z,2026-01-30T08:31:46.858Z,1534,FG-A,BATCH-1002,DAY,normal,0,0
1060,2026-01-30T08:31:46.858Z,2026-01-30T08:31:48.475Z,1617,FG-A,BATCH-1002,DAY,normal,0,0
1061,2026-01-30T08:31:48.475Z,2026-01-30T08:31:50.038Z,1563,FG-A,BATCH-1002,DAY,normal,0,0
1062,2026-01-30T08:31:50.038Z,2026-01-30T08:31:51.141Z,1103,FG-A,BATCH-1002,DAY,fast_cycle,0,0
1063,2026-01-30T08:31:51.141Z,2026-01-30T08:31:52.755Z,1614,FG-A,BATCH-1002,DAY,normal,0,0
1064,2026-01-30T08:31:52.755Z,2026-01-30T08:31:54.282Z,1527,FG-A,BATCH-1002,DAY,normal,0,0
1065,2026-01-30T08:31:54.282Z,2026-01-30T08:31:56.034Z,1752,FG-A,BATCH-1002,DAY,normal,0,0
1066,2026-01-30T08:31:56.034Z,2026-01-30T08:31:57.652Z,1618,FG-A,BATCH-1002,DAY,normal,0,0
1067,2026-01-30T08:31:57.652Z,2026-01-30T08:31:59.244Z,1592,FG-A,BATCH-1002,DAY,normal,0,0
1068,2026-01-30T08:31:59.244Z,2026-01-30T08:32:00.770Z,1526,FG-A,BATCH-1002,DAY,normal,0,0
1069,2026-01-30T08:32:00.770Z,2026-01-30T08:32:02.390Z,1620,FG-A,BATCH-1002,DAY,normal,0,0
1070,2026-01-30T08:32:02.390Z,2026-01-30T08:32:03.945Z,1555,FG-A,BATCH-1002,DAY,normal,0,0
1071,2026-01-30T08:32:03.945Z,2026-01-30T08:32:05.433Z,1488,FG-A,BATCH-1002,DAY,normal,0,0
1072,2026-01-30T08:32:05.433Z,2026-01-30T08:32:07.092Z,1659,FG-A,BATCH-1002,DAY,normal,0,0
1073,2026-01-30T08:32:07.092Z,2026-01-30T08:32:08.563Z,1471,FG-A,BATCH-1002,DAY,normal,0,0
1074,2026-01-30T08:32:08.563Z,2026-01-30T08:32:10.146Z,1583,FG-A,BATCH-1002,DAY,normal,0,0
1075,2026-01-30T08:32:10.146Z,2026-01-30T08:32:11.630Z,1484,FG-A,BATCH-1002,DAY,normal,0,0
1076,2026-01-30T08:32:11.630Z,2026-01-30T08:32:13.252Z,1622,FG-A,BATCH-1002,DAY,normal,0,0
1077,2026-01-30T08:32:13.252Z,2026-01-30T08:32:14.873Z,1621,FG-A,BATCH-1002,DAY,normal,0,0
1078,2026-01-30T08:32:14.873Z,2026-01-30T08:32:16.481Z,1608,FG-A,BATCH-1002,DAY,normal,0,0
1079,2026-01-30T08:32:16.481Z,2026-01-30T08:32:18.146Z,1665,FG-A,BATCH-1002,DAY,normal,0,0
1080,2026-01-30T08:32:18.146Z,2026-01-30T08:32:20.794Z,2648,FG-A,BATCH-1002,DAY,slow_cycle,0,1
1081,2026-01-30T08:32:20.794Z,2026-01-30T08:32:22.376Z,1582,FG-A,BATCH-1002,DAY,normal,0,0
1082,2026-01-30T08:32:22.376Z,2026-01-30T08:32:23.922Z,1546,FG-A,BATCH-1002,DAY,normal,0,0
1083,2026-01-30T08:32:23.922Z,2026-01-30T08:32:25.488Z,1566,FG-A,BATCH-1002,DAY,normal,0,0
1084,2026-01-30T08:32:25.488Z,2026-01-30T08:32:27.072Z,1584,FG-A,BATCH-1002,DAY,normal,0,0
1085,2026-01-30T08:32:27.072Z,2026-01-30T08:32:28.713Z,1641,FG-A,BATCH-1002,DAY,normal,0,0
1086,2026-01-30T08:32:28.713Z,2026-01-30T08:32:30.450Z,1737,FG-A,BATCH-1002,DAY,normal,0,0
1087,2026-01-30T08:32:30.450Z,2026-01-30T08:32:32.048Z,1598,FG-A,BATCH-1002,DAY,normal,0,0
1088,2026-01-30T08:32:32.048Z,2026-01-30T08:32:33.714Z,1666,FG-A,BATCH-1002,DAY,normal,0,0
1089,2026-01-30T08:32:33.714Z,2026-01-30T08:32:35.390Z,1676,FG-A,BATCH-1002,DAY,normal,0,0
1090,2026-01-30T08:32:35.390Z,2026-01-30T08:32:36.913Z,1523,FG-A,BATCH-1002,DAY,normal,0,0
1091,2026-01-30T08:32:36.913Z,2026-01-30T08:32:38.567Z,1654,FG-A,BATCH-1002,DAY,normal,0,0
1092,2026-01-30T08:32:38.567Z,2026-01-30T08:32:40.181Z,1614,FG-A,BATCH-1002,DAY,normal,0,0
1093,2026-01-30T08:32:40.181Z,2026-01-30T08:32:41.867Z,1686,FG-A,BATCH-1002,DAY,normal,0,0
1094,2026-01-30T08:32:41.867Z,2026-01-30T08:32:43.497Z,1630,FG-A,BATCH-1002,DAY,normal,0,0
1095,2026-01-30T08:32:43.497Z,2026-01-30T08:32:45.154Z,1657,FG-A,BATCH-1002,DAY,normal,0,0
1096,2026-01-30T08:32:45.154Z,2026-01-30T08:32:46.703Z,1549,FG-A,BATCH-1002,DAY,normal,0,0
1097,2026-01-30T08:32:46.703Z,2026-01-30T08:32:48.432Z,1729,FG-A,BATCH-1002,DAY,normal,0,0
1098,2026-01-30T08:32:48.432Z,2026-01-30T08:32:49.958Z,1526,FG-A,BATCH-1002,DAY,normal,0,0
1099,2026-01-30T08:32:49.958Z,2026-01-30T08:32:51.723Z,1765,FG-A,BATCH-1002,DAY,normal,0,0
1100,2026-01-30T08:32:51.723Z,2026-01-30T08:32:53.392Z,1669,FG-A,BATCH-1002,DAY,normal,0,0
1101,2026-01-30T08:32:53.392Z,2026-01-30T08:32:55.069Z,1677,FG-A,BATCH-1002,DAY,normal,0,0
1102,2026-01-30T08:32:55.069Z,2026-01-30T08:32:56.587Z,1518,FG-A,BATCH-1002,DAY,normal,0,0
1103,2026-01-30T08:32:56.587Z,2026-01-30T08:32:58.427Z,1840,FG-A,BATCH-1002,DAY,normal,0,0
1104,2026-01-30T08:32:58.427Z,2026-01-30T08:33:00.004Z,1577,FG-A,BATCH-1002,DAY,normal,0,0
1105,2026-01-30T08:33:00.004Z,2026-01-30T08:33:01.514Z,1510,FG-A,BATCH-1002,DAY,normal,0,0
1106,2026-01-30T08:33:01.514Z,2026-01-30T08:33:03.004Z,1490,FG-A,BATCH-1002,DAY,normal,0,0
1107,2026-01-30T08:33:03.004Z,2026-01-30T08:33:04.741Z,1737,FG-A,BATCH-1002,DAY,normal,0,0
1108,2026-01-30T08:33:04.741Z,2026-01-30T08:33:06.238Z,1497,FG-A,BATCH-1002,DAY,normal,0,0
1109,2026-01-30T08:33:06.238Z,2026-01-30T08:33:07.803Z,1565,FG-A,BATCH-1002,DAY,normal,0,0
1110,2026-01-30T08:33:07.803Z,2026-01-30T08:33:09.194Z,1391,FG-A,BATCH-1002,DAY,normal,0,0
1111,2026-01-30T08:33:09.194Z,2026-01-30T08:33:10.735Z,1541,FG-A,BATCH-1002,DAY,normal,0,0
1112,2026-01-30T08:33:10.735Z,2026-01-30T08:33:12.276Z,1541,FG-A,BATCH-1002,DAY,normal,0,0
1113,2026-01-30T08:33:12.276Z,2026-01-30T08:33:13.920Z,1644,FG-A,BATCH-1002,DAY,normal,0,0
1114,2026-01-30T08:33:13.920Z,2026-01-30T08:33:15.562Z,1642,FG-A,BATCH-1002,DAY,normal,0,0
1115,2026-01-30T08:33:15.562Z,2026-01-30T08:33:17.083Z,1521,FG-A,BATCH-1002,DAY,normal,0,0
1116,2026-01-30T08:33:17.083Z,2026-01-30T08:33:18.704Z,1621,FG-A,BATCH-1002,DAY,normal,0,0
1117,2026-01-30T08:33:18.704Z,2026-01-30T08:33:20.457Z,1753,FG-A,BATCH-1002,DAY,normal,0,0
1118,2026-01-30T08:33:20.457Z,2026-01-30T08:33:22.331Z,1874,FG-A,BATCH-1002,DAY,normal,0,0
1119,2026-01-30T08:33:22.331Z,2026-01-30T08:33:24.075Z,1744,FG-A,BATCH-1002,DAY,normal,0,0
1120,2026-01-30T08:33:24.075Z,2026-01-30T08:33:25.476Z,1401,FG-A,BATCH-1002,DAY,normal,0,0
1121,2026-01-30T08:33:25.476Z,2026-01-30T08:33:27.081Z,1605,FG-A,BATCH-1002,DAY,normal,0,0
1122,2026-01-30T08:33:27.081Z,2026-01-30T08:33:28.718Z,1637,FG-A,BATCH-1002,DAY,normal,0,0
1123,2026-01-30T08:33:28.718Z,2026-01-30T08:33:30.245Z,1527,FG-A,BATCH-1002,DAY,normal,0,0
1124,2026-01-30T08:33:30.245Z,2026-01-30T08:33:31.833Z,1588,FG-A,BATCH-1002,DAY,normal,0,0
1125,2026-01-30T08:33:31.833Z,2026-01-30T08:33:33.416Z,1583,FG-A,BATCH-1002,DAY,normal,0,0
1126,2026-01-30T08:33:33.416Z,2026-01-30T08:33:39.113Z,5697,FG-A,BATCH-1002,DAY,jam_recovery,1,1
1127,2026-01-30T08:33:39.113Z,2026-01-30T08:33:40.835Z,1722,FG-A,BATCH-1002,DAY,normal,0,0
1128,2026-01-30T08:33:40.835Z,2026-01-30T08:33:42.321Z,1486,FG-A,BATCH-1002,DAY,normal,0,0
1129,2026-01-30T08:33:42.321Z,2026-01-30T08:33:44.029Z,1708,FG-A,BATCH-1002,DAY,normal,0,0
1130,2026-01-30T08:33:44.029Z,2026-01-30T08:33:45.716Z,1687,FG-A,BATCH-1002,DAY,normal,0,0
1131,2026-01-30T08:33:45.716Z,2026-01-30T08:33:47.335Z,1619,FG-A,BATCH-1002,DAY,normal,0,0
1132,2026-01-30T08:33:47.335Z,2026-01-30T08:33:48.840Z,1505,FG-A,BATCH-1002,DAY,normal,0,0
1133,2026-01-30T08:33:48.840Z,2026-01-30T08:33:50.394Z,1554,FG-A,BATCH-1002,DAY,normal,0,0
1134,2026-01-30T08:33:50.394Z,2026-01-30T08:33:52.026Z,1632,FG-A,BATCH-1002,DAY,normal,0,0
1135,2026-01-30T08:33:52.026Z,2026-01-30T08:33:53.514Z,1488,FG-A,BATCH-1002,DAY,normal,0,0
1136,2026-01-30T08:33:53.514Z,2026-01-30T08:33:55.172Z,1658,FG-A,BATCH-1002,DAY,normal,0,0
1137,2026-01-30T08:33:55.172Z,2026-01-30T08:33:56.793Z,1621,FG-A,BATCH-1002,DAY,normal,0,0
1138,2026-01-30T08:33:56.793Z,2026-01-30T08:33:58.575Z,1782,FG-A,BATCH-1002,DAY,normal,0,0
1139,2026-01-30T08:33:58.575Z,2026-01-30T08:34:00.339Z,1764,FG-A,BATCH-1002,DAY,normal,0,0
1140,2026-01-30T08:34:00.339Z,2026-01-30T08:34:01.891Z,1552,FG-A,BATCH-1002,DAY,normal,0,0
1141,2026-01-30T08:34:01.891Z,2026-01-30T08:34:03.523Z,1632,FG-A,BATCH-1002,DAY,normal,0,0
1142,2026-01-30T08:34:03.523Z,2026-01-30T08:34:05.001Z,1478,FG-A,BATCH-1002,DAY,normal,0,0
1143,2026-01-30T08:34:05.001Z,2026-01-30T08:34:06.670Z,1669,FG-A,BATCH-1002,DAY,normal,0,0
1144,2026-01-30T08:34:06.670Z,2026-01-30T08:34:08.301Z,1631,FG-A,BATCH-1002,DAY,normal,0,0
1145,2026-01-30T08:34:08.301Z,2026-01-30T08:34:09.871Z,1570,FG-A,BATCH-1002,DAY,normal,0,0
1146,2026-01-30T08:34:09.871Z,2026-01-30T08:34:11.459Z,1588,FG-A,BATCH-1002,DAY,normal,0,0
1147,2026-01-30T08:34:11.459Z,2026-01-30T08:34:13.021Z,1562,FG-A,BATCH-1002,DAY,normal,0,0
1148,2026-01-30T08:34:13.021Z,2026-01-30T08:34:14.660Z,1639,FG-A,BATCH-1002,DAY,normal,0,0
1149,2026-01-30T08:34:14.660Z,2026-01-30T08:34:16.323Z,1663,FG-A,BATCH-1002,DAY,normal,0,0
1150,2026-01-30T08:34:16.323Z,2026-01-30T08:34:17.947Z,1624,FG-A,BATCH-1002,DAY,normal,0,0
1151,2026-01-30T08:34:17.947Z,2026-01-30T08:34:19.657Z,1710,FG-A,BATCH-1002,DAY,normal,0,0
1152,2026-01-30T08:34:19.657Z,2026-01-30T08:34:21.249Z,1592,FG-A,BATCH-1002,DAY,normal,0,0
1153,2026-01-30T08:34:21.249Z,2026-01-30T08:34:22.872Z,1623,FG-A,BATCH-1002,DAY,normal,0,0
1154,2026-01-30T08:34:22.872Z,2026-01-30T08:34:24.406Z,1534,FG-A,BATCH-1002,DAY,normal,0,0
1155,2026-01-30T08:34:24.406Z,2026-01-30T08:34:25.968Z,1562,FG-A,BATCH-1002,DAY,normal,0,0
1156,2026-01-30T08:34:25.968Z,2026-01-30T08:34:27.584Z,1616,FG-A,BATCH-1002,DAY,normal,0,0
1157,2026-01-30T08:34:27.584Z,2026-01-30T08:34:29.024Z,1440,FG-A,BATCH-1002,DAY,normal,0,0
1158,2026-01-30T08:34:29.024Z,2026-01-30T08:34:30.680Z,1656,FG-A,BATCH-1002,DAY,normal,0,0
1159,2026-01-30T08:34:30.680Z,2026-01-30T08:34:32.249Z,1569,FG-A,BATCH-1002,DAY,normal,0,0
1160,2026-01-30T08:34:32.249Z,2026-01-30T08:34:33.848Z,1599,FG-A,BATCH-1002,DAY,normal,0,0
1161,2026-01-30T08:34:33.848Z,2026-01-30T08:34:35.650Z,1802,FG-A,BATCH-1002,DAY,normal,0,0
1162,2026-01-30T08:34:35.650Z,2026-01-30T08:34:37.156Z,1506,FG-A,BATCH-1002,DAY,normal,0,0
1163,2026-01-30T08:34:37.156Z,2026-01-30T08:34:38.694Z,1538,FG-A,BATCH-1002,DAY,normal,0,0
1164,2026-01-30T08:34:38.694Z,2026-01-30T08:34:40.381Z,1687,FG-A,BATCH-1002,DAY,normal,0,0
1165,2026-01-30T08:34:40.381Z,2026-01-30T08:34:41.885Z,1504,FG-A,BATCH-1002,DAY,normal,0,0
1166,2026-01-30T08:34:41.885Z,2026-01-30T08:34:43.459Z,1574,FG-A,BATCH-1002,DAY,normal,0,0
1167,2026-01-30T08:34:43.459Z,2026-01-30T08:34:45.197Z,1738,FG-A,BATCH-1002,DAY,normal,0,0
1168,2026-01-30T08:34:45.197Z,2026-01-30T08:34:46.870Z,1673,FG-A,BATCH-1002,DAY,normal,0,0
1169,2026-01-30T08:34:46.870Z,2026-01-30T08:34:48.538Z,1668,FG-A,BATCH-1002,DAY,normal,0,0
1170,2026-01-30T08:34:48.538Z,2026-01-30T08:34:50.052Z,1514,FG-A,BATCH-1002,DAY,normal,0,0
1171,2026-01-30T08:34:50.052Z,2026-01-30T08:34:51.658Z,1606,FG-A,BATCH-1002,DAY,normal,0,0
1172,2026-01-30T08:34:51.658Z,2026-01-30T08:34:53.324Z,1666,FG-A,BATCH-1002,DAY,normal,0,0
1173,2026-01-30T08:34:53.324Z,2026-01-30T08:34:55.061Z,1737,FG-A,BATCH-1002,DAY,normal,0,0
1174,2026-01-30T08:34:55.061Z,2026-01-30T08:34:56.795Z,1734,FG-A,BATCH-1002,DAY,normal,0,0
1175,2026-01-30T08:34:56.795Z,2026-01-30T08:34:58.408Z,1613,FG-A,BATCH-1002,DAY,normal,0,0
1176,2026-01-30T08:34:58.408Z,2026-01-30T08:34:59.739Z,1331,FG-A,BATCH-1002,DAY,fast_cycle,0,0
1177,2026-01-30T08:34:59.739Z,2026-01-30T08:35:07.849Z,8110,FG-A,BATCH-1002,DAY,long_gap,1,1
1178,2026-01-30T08:35:07.849Z,2026-01-30T08:35:09.559Z,1710,FG-A,BATCH-1002,DAY,normal,0,0
1179,2026-01-30T08:35:09.559Z,2026-01-30T08:35:10.947Z,1388,FG-A,BATCH-1002,DAY,normal,0,0
1180,2026-01-30T08:35:10.947Z,2026-01-30T08:35:12.520Z,1573,FG-A,BATCH-1002,DAY,normal,0,0
1181,2026-01-30T08:35:12.520Z,2026-01-30T08:35:14.042Z,1522,FG-A,BATCH-1002,DAY,normal,0,0
1182,2026-01-30T08:35:14.042Z,2026-01-30T08:35:15.675Z,1633,FG-A,BATCH-1002,DAY,normal,0,0
1183,2026-01-30T08:35:15.675Z,2026-01-30T08:35:17.299Z,1624,FG-A,BATCH-1002,DAY,normal,0,0
1184,2026-01-30T08:35:17.299Z,2026-01-30T08:35:18.893Z,1594,FG-A,BATCH-1002,DAY,normal,0,0
1185,2026-01-30T08:35:18.893Z,2026-01-30T08:35:20.622Z,1729,FG-A,BATCH-1002,DAY,normal,0,0
1186,2026-01-30T08:35:20.622Z,2026-01-30T08:35:22.227Z,1605,FG-A,BATCH-1002,DAY,normal,0,0
1187,2026-01-30T08:35:22.227Z,2026-01-30T08:35:23.678Z,1451,FG-A,BATCH-1002,DAY,normal,0,0
1188,2026-01-30T08:35:23.678Z,2026-01-30T08:35:25.414Z,1736,FG-A,BATCH-1002,DAY,normal,0,0
1189,2026-01-30T08:35:25.414Z,2026-01-30T08:35:27.134Z,1720,FG-A,BATCH-1002,DAY,normal,0,0
1190,2026-01-30T08:35:27.134Z,2026-01-30T08:35:28.759Z,1625,FG-A,BATCH-1002,DAY,normal,0,0
1191,2026-01-30T08:35:28.759Z,2026-01-30T08:35:30.346Z,1587,FG-A,BATCH-1002,DAY,normal,0,0
1192,2026-01-30T08:35:30.346Z,2026-01-30T08:35:32.002Z,1656,FG-A,BATCH-1002,DAY,normal,0,0
1193,2026-01-30T08:35:32.002Z,2026-01-30T08:35:33.611Z,1609,FG-A,BATCH-1002,DAY,normal,0,0
1194,2026-01-30T08:35:33.611Z,2026-01-30T08:35:35.116Z,1505,FG-A,BATCH-1002,DAY,normal,0,0
1195,2026-01-30T08:35:35.116Z,2026-01-30T08:35:37.075Z,1959,FG-A,BATCH-1002,DAY,normal,0,0
1196,2026-01-30T08:35:37.075Z,2026-01-30T08:35:38.729Z,1654,FG-A,BATCH-1002,DAY,normal,0,0
1197,2026-01-30T08:35:38.729Z,2026-01-30T08:35:40.248Z,1519,FG-A,BATCH-1002,DAY,normal,0,0
1198,2026-01-30T08:35:40.248Z,2026-01-30T08:35:41.874Z,1626,FG-A,BATCH-1002,DAY,normal,0,0
1199,2026-01-30T08:35:41.874Z,2026-01-30T08:35:43.659Z,1785,FG-A,BATCH-1002,DAY,normal,0,0
1200,2026-01-30T08:35:43.659Z,2026-01-30T08:35:45.238Z,1579,FG-A,BATCH-1002,DAY,normal,0,0
1201,2026-01-30T08:35:45.238Z,2026-01-30T08:35:46.720Z,1482,FG-A,BATCH-1002,DAY,normal,0,0
1202,2026-01-30T08:35:46.720Z,2026-01-30T08:35:48.110Z,1390,FG-A,BATCH-1002,DAY,fast_cycle,0,0
1203,2026-01-30T08:35:48.110Z,2026-01-30T08:35:49.784Z,1674,FG-A,BATCH-1002,DAY,normal,0,0
1204,2026-01-30T08:35:49.784Z,2026-01-30T08:35:51.314Z,1530,FG-A,BATCH-1002,DAY,normal,0,0
1205,2026-01-30T08:35:51.314Z,2026-01-30T08:35:52.906Z,1592,FG-A,BATCH-1002,DAY,normal,0,0
1206,2026-01-30T08:35:52.906Z,2026-01-30T08:35:54.497Z,1591,FG-A,BATCH-1002,DAY,normal,0,0
1207,2026-01-30T08:35:54.497Z,2026-01-30T08:35:56.295Z,1798,FG-A,BATCH-1002,DAY,normal,0,0
1208,2026-01-30T08:35:56.295Z,2026-01-30T08:35:58.108Z,1813,FG-A,BATCH-1002,DAY,normal,0,0
1209,2026-01-30T08:35:58.108Z,2026-01-30T08:35:59.857Z,1749,FG-A,BATCH-1002,DAY,normal,0,0
1210,2026-01-30T08:35:59.857Z,2026-01-30T08:36:01.659Z,1802,FG-A,BATCH-1002,DAY,normal,0,0
1211,2026-01-30T08:36:01.659Z,2026-01-30T08:36:03.262Z,1603,FG-A,BATCH-1002,DAY,normal,0,0
1212,2026-01-30T08:36:03.262Z,2026-01-30T08:36:04.874Z,1612,FG-A,BATCH-1002,DAY,normal,0,0
1213,2026-01-30T08:36:04.874Z,2026-01-30T08:36:06.635Z,1761,FG-A,BATCH-1002,DAY,normal,0,0
1214,2026-01-30T08:36:06.635Z,2026-01-30T08:36:08.197Z,1562,FG-A,BATCH-1002,DAY,normal,0,0
1215,2026-01-30T08:36:08.197Z,2026-01-30T08:36:09.710Z,1513,FG-A,BATCH-1002,DAY,normal,0,0
1216,2026-01-30T08:36:09.710Z,2026-01-30T08:36:11.232Z,1522,FG-A,BATCH-1002,DAY,normal,0,0
1217,2026-01-30T08:36:11.232Z,2026-01-30T08:36:12.897Z,1665,FG-A,BATCH-1002,DAY,normal,0,0
1218,2026-01-30T08:36:12.897Z,2026-01-30T08:36:14.604Z,1707,FG-A,BATCH-1002,DAY,normal,0,0
1219,2026-01-30T08:36:14.604Z,2026-01-30T08:36:16.278Z,1674,FG-A,BATCH-1002,DAY,normal,0,0
1220,2026-01-30T08:36:16.278Z,2026-01-30T08:36:17.731Z,1453,FG-A,BATCH-1002,DAY,normal,0,0
1221,2026-01-30T08:36:17.731Z,2026-01-30T08:36:31.525Z,13794,FG-A,BATCH-1002,DAY,long_gap,1,1
1222,2026-01-30T08:36:31.525Z,2026-01-30T08:36:33.120Z,1595,FG-A,BATCH-1002,DAY,normal,0,0
1223,2026-01-30T08:36:33.120Z,2026-01-30T08:36:34.578Z,1458,FG-A,BATCH-1002,DAY,normal,0,0
1224,2026-01-30T08:36:34.578Z,2026-01-30T08:36:36.168Z,1590,FG-A,BATCH-1002,DAY,normal,0,0
1225,2026-01-30T08:36:36.168Z,2026-01-30T08:36:37.806Z,1638,FG-A,BATCH-1002,DAY,normal,0,0
1226,2026-01-30T08:36:37.806Z,2026-01-30T08:36:39.358Z,1552,FG-A,BATCH-1002,DAY,normal,0,0
1227,2026-01-30T08:36:39.358Z,2026-01-30T08:36:40.997Z,1639,FG-A,BATCH-1002,DAY,normal,0,0
1228,2026-01-30T08:36:40.997Z,2026-01-30T08:36:42.543Z,1546,FG-A,BATCH-1002,DAY,normal,0,0
1229,2026-01-30T08:36:42.543Z,2026-01-30T08:36:44.260Z,1717,FG-A,BATCH-1002,DAY,normal,0,0
1230,2026-01-30T08:36:44.260Z,2026-01-30T08:36:45.594Z,1334,FG-A,BATCH-1002,DAY,fast_cycle,0,0
1231,2026-01-30T08:36:45.594Z,2026-01-30T08:36:47.325Z,1731,FG-A,BATCH-1002,DAY,normal,0,0
1232,2026-01-30T08:36:47.325Z,2026-01-30T08:36:48.888Z,1563,FG-A,BATCH-1002,DAY,normal,0,0
1233,2026-01-30T08:36:48.888Z,2026-01-30T08:36:50.511Z,1623,FG-A,BATCH-1002,DAY,normal,0,0
1234,2026-01-30T08:36:50.511Z,2026-01-30T08:36:52.361Z,1850,FG-A,BATCH-1002,DAY,normal,0,0
1235,2026-01-30T08:36:52.361Z,2026-01-30T08:36:53.973Z,1612,FG-A,BATCH-1002,DAY,normal,0,0
1236,2026-01-30T08:36:53.973Z,2026-01-30T08:36:55.677Z,1704,FG-A,BATCH-1002,DAY,normal,0,0
1237,2026-01-30T08:36:55.677Z,2026-01-30T08:36:57.389Z,1712,FG-A,BATCH-1002,DAY,normal,0,0
1238,2026-01-30T08:36:57.389Z,2026-01-30T08:36:58.979Z,1590,FG-A,BATCH-1002,DAY,normal,0,0
1239,2026-01-30T08:36:58.979Z,2026-01-30T08:37:00.726Z,1747,FG-A,BATCH-1002,DAY,normal,0,0
1240,2026-01-30T08:37:00.726Z,2026-01-30T08:37:02.384Z,1658,FG-A,BATCH-1002,DAY,normal,0,0
1241,2026-01-30T08:37:02.384Z,2026-01-30T08:37:03.962Z,1578,FG-A,BATCH-1002,DAY,normal,0,0
1242,2026-01-30T08:37:03.962Z,2026-01-30T08:37:05.551Z,1589,FG-A,BATCH-1002,DAY,normal,0,0
1243,2026-01-30T08:37:05.551Z,2026-01-30T08:37:07.095Z,1544,FG-A,BATCH-1002,DAY,normal,0,0
1244,2026-01-30T08:37:07.095Z,2026-01-30T08:37:08.813Z,1718,FG-A,BATCH-1002,DAY,normal,0,0
1245,2026-01-30T08:37:08.813Z,2026-01-30T08:37:10.424Z,1611,FG-A,BATCH-1002,DAY,normal,0,0
1246,2026-01-30T08:37:10.424Z,2026-01-30T08:37:12.029Z,1605,FG-A,BATCH-1002,DAY,normal,0,0
1247,2026-01-30T08:37:12.029Z,2026-01-30T08:37:13.627Z,1598,FG-A,BATCH-1002,DAY,normal,0,0
1248,2026-01-30T08:37:13.627Z,2026-01-30T08:37:15.336Z,1709,FG-A,BATCH-1002,DAY,normal,0,0
1249,2026-01-30T08:37:15.336Z,2026-01-30T08:37:16.939Z,1603,FG-A,BATCH-1002,DAY,normal,0,0
1250,2026-01-30T08:37:16.939Z,2026-01-30T08:37:18.435Z,1496,FG-A,BATCH-1002,DAY,normal,0,0
1251,2026-01-30T08:37:18.435Z,2026-01-30T08:37:20.148Z,1713,FG-A,BATCH-1002,DAY,normal,0,0
1252,2026-01-30T08:37:20.148Z,2026-01-30T08:37:21.796Z,1648,FG-A,BATCH-1002,DAY,normal,0,0
1253,2026-01-30T08:37:21.796Z,2026-01-30T08:37:23.371Z,1575,FG-A,BATCH-1002,DAY,normal,0,0
1254,2026-01-30T08:37:23.371Z,2026-01-30T08:37:25.181Z,1810,FG-A,BATCH-1002,DAY,normal,0,0
1255,2026-01-30T08:37:25.181Z,2026-01-30T08:37:27.013Z,1832,FG-A,BATCH-1002,DAY,normal,0,0
1256,2026-01-30T08:37:27.013Z,2026-01-30T08:37:28.760Z,1747,FG-A,BATCH-1002,DAY,normal,0,0
1257,2026-01-30T08:37:28.760Z,2026-01-30T08:37:30.377Z,1617,FG-A,BATCH-1002,DAY,normal,0,0
1258,2026-01-30T08:37:30.377Z,2026-01-30T08:37:31.949Z,1572,FG-A,BATCH-1002,DAY,normal,0,0
1259,2026-01-30T08:37:31.949Z,2026-01-30T08:37:33.519Z,1570,FG-A,BATCH-1002,DAY,normal,0,0
1260,2026-01-30T08:37:33.519Z,2026-01-30T08:37:35.154Z,1635,FG-A,BATCH-1002,DAY,normal,0,0
1261,2026-01-30T08:37:35.154Z,2026-01-30T08:37:36.732Z,1578,FG-A,BATCH-1002,DAY,normal,0,0
1262,2026-01-30T08:37:36.732Z,2026-01-30T08:37:38.262Z,1530,FG-A,BATCH-1002,DAY,normal,0,0
1263,2026-01-30T08:37:38.262Z,2026-01-30T08:37:39.822Z,1560,FG-A,BATCH-1002,DAY,normal,0,0
1264,2026-01-30T08:37:39.822Z,2026-01-30T08:37:41.480Z,1658,FG-A,BATCH-1002,DAY,normal,0,0
1265,2026-01-30T08:37:41.480Z,2026-01-30T08:37:43.148Z,1668,FG-A,BATCH-1002,DAY,normal,0,0
1266,2026-01-30T08:37:43.148Z,2026-01-30T08:37:44.652Z,1504,FG-A,BATCH-1002,DAY,normal,0,0
1267,2026-01-30T08:37:44.652Z,2026-01-30T08:37:46.185Z,1533,FG-A,BATCH-1002,DAY,normal,0,0
1268,2026-01-30T08:37:46.185Z,2026-01-30T08:37:47.875Z,1690,FG-A,BATCH-1002,DAY,normal,0,0
1269,2026-01-30T08:37:47.875Z,2026-01-30T08:37:49.371Z,1496,FG-A,BATCH-1002,DAY,normal,0,0
1270,2026-01-30T08:37:49.371Z,2026-01-30T08:37:50.823Z,1452,FG-A,BATCH-1002,DAY,normal,0,0
1271,2026-01-30T08:37:50.823Z,2026-01-30T08:37:52.090Z,1267,FG-A,BATCH-1002,DAY,fast_cycle,0,0
1272,2026-01-30T08:37:52.090Z,2026-01-30T08:37:53.806Z,1716,FG-A,BATCH-1002,DAY,normal,0,0
1273,2026-01-30T08:37:53.806Z,2026-01-30T08:37:55.384Z,1578,FG-A,BATCH-1002,DAY,normal,0,0
1274,2026-01-30T08:37:55.384Z,2026-01-30T08:37:56.896Z,1512,FG-A,BATCH-1002,DAY,normal,0,0
1275,2026-01-30T08:37:56.896Z,2026-01-30T08:37:58.440Z,1544,FG-A,BATCH-1002,DAY,normal,0,0
1276,2026-01-30T08:37:58.440Z,2026-01-30T08:38:00.095Z,1655,FG-A,BATCH-1002,DAY,normal,0,0
1277,2026-01-30T08:38:00.095Z,2026-01-30T08:38:01.683Z,1588,FG-A,BATCH-1002,DAY,normal,0,0
1278,2026-01-30T08:38:01.683Z,2026-01-30T08:38:03.196Z,1513,FG-A,BATCH-1002,DAY,normal,0,0
1279,2026-01-30T08:38:03.196Z,2026-01-30T08:38:04.913Z,1717,FG-A,BATCH-1002,DAY,normal,0,0
1280,2026-01-30T08:38:04.913Z,2026-01-30T08:38:06.524Z,1611,FG-A,BATCH-1002,DAY,normal,0,0
1281,2026-01-30T08:38:06.524Z,2026-01-30T08:38:08.115Z,1591,FG-A,BATCH-1002,DAY,normal,0,0
1282,2026-01-30T08:38:08.115Z,2026-01-30T08:38:09.756Z,1641,FG-A,BATCH-1002,DAY,normal,0,0
1283,2026-01-30T08:38:09.756Z,2026-01-30T08:38:11.373Z,1617,FG-A,BATCH-1002,DAY,normal,0,0
1284,2026-01-30T08:38:11.373Z,2026-01-30T08:38:12.904Z,1531,FG-A,BATCH-1002,DAY,normal,0,0
1285,2026-01-30T08:38:12.904Z,2026-01-30T08:38:14.432Z,1528,FG-A,BATCH-1002,DAY,normal,0,0
1286,2026-01-30T08:38:14.432Z,2026-01-30T08:38:16.143Z,1711,FG-A,BATCH-1002,DAY,normal,0,0
1287,2026-01-30T08:38:16.143Z,2026-01-30T08:38:17.810Z,1667,FG-A,BATCH-1002,DAY,normal,0,0
1288,2026-01-30T08:38:17.810Z,2026-01-30T08:38:19.377Z,1567,FG-A,BATCH-1002,DAY,normal,0,0
1289,2026-01-30T08:38:19.377Z,2026-01-30T08:38:21.091Z,1714,FG-A,BATCH-1002,DAY,normal,0,0
1290,2026-01-30T08:38:21.091Z,2026-01-30T08:38:22.607Z,1516,FG-A,BATCH-1002,DAY,normal,0,0
1291,2026-01-30T08:38:22.607Z,2026-01-30T08:38:24.194Z,1587,FG-A,BATCH-1002,DAY,normal,0,0
1292,2026-01-30T08:38:24.194Z,2026-01-30T08:38:25.787Z,1593,FG-A,BATCH-1002,DAY,normal,0,0
1293,2026-01-30T08:38:25.787Z,2026-01-30T08:38:27.363Z,1576,FG-A,BATCH-1002,DAY,normal,0,0
1294,2026-01-30T08:38:27.363Z,2026-01-30T08:38:28.990Z,1627,FG-A,BATCH-1002,DAY,normal,0,0
1295,2026-01-30T08:38:28.990Z,2026-01-30T08:38:30.571Z,1581,FG-A,BATCH-1002,DAY,normal,0,0
1296,2026-01-30T08:38:30.571Z,2026-01-30T08:38:32.054Z,1483,FG-A,BATCH-1002,DAY,normal,0,0
1297,2026-01-30T08:38:32.054Z,2026-01-30T08:38:33.699Z,1645,FG-A,BATCH-1002,DAY,normal,0,0
1298,2026-01-30T08:38:33.699Z,2026-01-30T08:38:35.304Z,1605,FG-A,BATCH-1002,DAY,normal,0,0
1299,2026-01-30T08:38:35.304Z,2026-01-30T08:38:36.864Z,1560,FG-A,BATCH-1002,DAY,normal,0,0
1300,2026-01-30T08:38:36.864Z,2026-01-30T08:38:38.593Z,1729,FG-A,BATCH-1002,DAY,normal,0,0
1301,2026-01-30T08:38:38.593Z,2026-01-30T08:38:40.402Z,1809,FG-A,BATCH-1002,DAY,normal,0,0
1302,2026-01-30T08:38:40.402Z,2026-01-30T08:38:41.999Z,1597,FG-A,BATCH-1002,DAY,normal,0,0
1303,2026-01-30T08:38:41.999Z,2026-01-30T08:38:43.550Z,1551,FG-A,BATCH-1002,DAY,normal,0,0
1304,2026-01-30T08:38:43.550Z,2026-01-30T08:38:45.134Z,1584,FG-A,BATCH-1002,DAY,normal,0,0
1305,2026-01-30T08:38:45.134Z,2026-01-30T08:38:48.607Z,3473,FG-A,BATCH-1002,DAY,slow_cycle,0,1
1306,2026-01-30T08:38:48.607Z,2026-01-30T08:38:50.210Z,1603,FG-A,BATCH-1002,DAY,normal,0,0
1307,2026-01-30T08:38:50.210Z,2026-01-30T08:38:51.852Z,1642,FG-A,BATCH-1002,DAY,normal,0,0
1308,2026-01-30T08:38:51.852Z,2026-01-30T08:38:53.552Z,1700,FG-A,BATCH-1002,DAY,normal,0,0
1309,2026-01-30T08:38:53.552Z,2026-01-30T08:38:55.208Z,1656,FG-A,BATCH-1002,DAY,normal,0,0
1310,2026-01-30T08:38:55.208Z,2026-01-30T08:38:56.732Z,1524,FG-A,BATCH-1002,DAY,normal,0,0
1311,2026-01-30T08:38:56.732Z,2026-01-30T08:38:58.302Z,1570,FG-A,BATCH-1002,DAY,normal,0,0
1312,2026-01-30T08:38:58.302Z,2026-01-30T08:38:59.773Z,1471,FG-A,BATCH-1002,DAY,normal,0,0
1313,2026-01-30T08:38:59.773Z,2026-01-30T08:39:01.312Z,1539,FG-A,BATCH-1002,DAY,normal,0,0
1314,2026-01-30T08:39:01.312Z,2026-01-30T08:39:03.101Z,1789,FG-A,BATCH-1002,DAY,normal,0,0
1315,2026-01-30T08:39:03.101Z,2026-01-30T08:39:04.760Z,1659,FG-A,BATCH-1002,DAY,normal,0,0
1316,2026-01-30T08:39:04.760Z,2026-01-30T08:39:06.327Z,1567,FG-A,BATCH-1002,DAY,normal,0,0
1317,2026-01-30T08:39:06.327Z,2026-01-30T08:39:07.970Z,1643,FG-A,BATCH-1002,DAY,normal,0,0
1318,2026-01-30T08:39:07.970Z,2026-01-30T08:39:09.378Z,1408,FG-A,BATCH-1002,DAY,normal,0,0
1319,2026-01-30T08:39:09.378Z,2026-01-30T08:39:10.916Z,1538,FG-A,BATCH-1002,DAY,normal,0,0
1320,2026-01-30T08:39:10.916Z,2026-01-30T08:39:12.480Z,1564,FG-A,BATCH-1002,DAY,normal,0,0
1321,2026-01-30T08:39:12.480Z,2026-01-30T08:39:14.175Z,1695,FG-A,BATCH-1002,DAY,normal,0,0
1322,2026-01-30T08:39:14.175Z,2026-01-30T08:39:15.863Z,1688,FG-A,BATCH-1002,DAY,normal,0,0
1323,2026-01-30T08:39:15.863Z,2026-01-30T08:39:17.513Z,1650,FG-A,BATCH-1002,DAY,normal,0,0
1324,2026-01-30T08:39:17.513Z,2026-01-30T08:39:19.193Z,1680,FG-A,BATCH-1002,DAY,normal,0,0
1325,2026-01-30T08:39:19.193Z,2026-01-30T08:39:20.954Z,1761,FG-A,BATCH-1002,DAY,normal,0,0
1326,2026-01-30T08:39:20.954Z,2026-01-30T08:39:22.657Z,1703,FG-A,BATCH-1002,DAY,normal,0,0
1327,2026-01-30T08:39:22.657Z,2026-01-30T08:39:24.308Z,1651,FG-A,BATCH-1002,DAY,normal,0,0
1328,2026-01-30T08:39:24.308Z,2026-01-30T08:39:32.824Z,8516,FG-A,BATCH-1002,DAY,long_gap,1,1
1329,2026-01-30T08:39:32.824Z,2026-01-30T08:39:34.537Z,1713,FG-A,BATCH-1002,DAY,normal,0,0
1330,2026-01-30T08:39:34.537Z,2026-01-30T08:39:36.099Z,1562,FG-A,BATCH-1002,DAY,normal,0,0
1331,2026-01-30T08:39:36.099Z,2026-01-30T08:39:37.830Z,1731,FG-A,BATCH-1002,DAY,normal,0,0
1332,2026-01-30T08:39:37.830Z,2026-01-30T08:39:39.273Z,1443,FG-A,BATCH-1002,DAY,normal,0,0
1333,2026-01-30T08:39:39.273Z,2026-01-30T08:39:40.886Z,1613,FG-A,BATCH-1002,DAY,normal,0,0
1334,2026-01-30T08:39:40.886Z,2026-01-30T08:39:51.305Z,10419,FG-A,BATCH-1002,DAY,long_gap,1,1
1335,2026-01-30T08:39:51.305Z,2026-01-30T08:39:52.840Z,1535,FG-A,BATCH-1002,DAY,normal,0,0
1336,2026-01-30T08:39:52.840Z,2026-01-30T08:39:54.342Z,1502,FG-A,BATCH-1002,DAY,normal,0,0
1337,2026-01-30T08:39:54.342Z,2026-01-30T08:39:56.097Z,1755,FG-A,BATCH-1002,DAY,normal,0,0
1338,2026-01-30T08:39:56.097Z,2026-01-30T08:39:57.842Z,1745,FG-A,BATCH-1002,DAY,normal,0,0
1339,2026-01-30T08:39:57.842Z,2026-01-30T08:39:59.449Z,1607,FG-A,BATCH-1002,DAY,normal,0,0
1340,2026-01-30T08:39:59.449Z,2026-01-30T08:40:01.147Z,1698,FG-A,BATCH-1002,DAY,normal,0,0
1341,2026-01-30T08:40:01.147Z,2026-01-30T08:40:02.823Z,1676,FG-A,BATCH-1002,DAY,normal,0,0
1342,2026-01-30T08:40:02.823Z,2026-01-30T08:40:04.729Z,1906,FG-A,BATCH-1002,DAY,normal,0,0
1343,2026-01-30T08:40:04.729Z,2026-01-30T08:40:06.453Z,1724,FG-A,BATCH-1002,DAY,normal,0,0
1344,2026-01-30T08:40:06.453Z,2026-01-30T08:40:08.237Z,1784,FG-A,BATCH-1002,DAY,normal,0,0
1345,2026-01-30T08:40:08.237Z,2026-01-30T08:40:09.746Z,1509,FG-A,BATCH-1002,DAY,normal,0,0
1346,2026-01-30T08:40:09.746Z,2026-01-30T08:40:11.172Z,1426,FG-A,BATCH-1002,DAY,normal,0,0
1347,2026-01-30T08:40:11.172Z,2026-01-30T08:40:12.962Z,1790,FG-A,BATCH-1002,DAY,normal,0,0
1348,2026-01-30T08:40:12.962Z,2026-01-30T08:40:14.685Z,1723,FG-A,BATCH-1002,DAY,normal,0,0
1349,2026-01-30T08:40:14.685Z,2026-01-30T08:40:16.421Z,1736,FG-A,BATCH-1002,DAY,normal,0,0
1350,2026-01-30T08:40:16.421Z,2026-01-30T08:40:17.801Z,1380,FG-A,BATCH-1002,DAY,normal,0,0
1351,2026-01-30T08:40:17.801Z,2026-01-30T08:40:19.503Z,1702,FG-A,BATCH-1002,DAY,normal,0,0
1352,2026-01-30T08:40:19.503Z,2026-01-30T08:40:21.040Z,1537,FG-A,BATCH-1002,DAY,normal,0,0
1353,2026-01-30T08:40:21.040Z,2026-01-30T08:40:22.801Z,1761,FG-A,BATCH-1002,DAY,normal,0,0
1354,2026-01-30T08:40:22.801Z,2026-01-30T08:40:24.374Z,1573,FG-A,BATCH-1002,DAY,normal,0,0
1355,2026-01-30T08:40:24.374Z,2026-01-30T08:40:26.048Z,1674,FG-A,BATCH-1002,DAY,normal,0,0
1356,2026-01-30T08:40:26.048Z,2026-01-30T08:40:27.676Z,1628,FG-A,BATCH-1002,DAY,normal,0,0
1357,2026-01-30T08:40:27.676Z,2026-01-30T08:40:29.157Z,1481,FG-A,BATCH-1002,DAY,normal,0,0
1358,2026-01-30T08:40:29.157Z,2026-01-30T08:40:30.667Z,1510,FG-A,BATCH-1002,DAY,normal,0,0
1359,2026-01-30T08:40:30.667Z,2026-01-30T08:40:32.292Z,1625,FG-A,BATCH-1002,DAY,normal,0,0
1360,2026-01-30T08:40:32.292Z,2026-01-30T08:40:33.918Z,1626,FG-A,BATCH-1002,DAY,normal,0,0
1361,2026-01-30T08:40:33.918Z,2026-01-30T08:40:35.601Z,1683,FG-A,BATCH-1002,DAY,normal,0,0
1362,2026-01-30T08:40:35.601Z,2026-01-30T08:40:37.285Z,1684,FG-A,BATCH-1002,DAY,normal,0,0
1363,2026-01-30T08:40:37.285Z,2026-01-30T08:40:39.010Z,1725,FG-A,BATCH-1002,DAY,normal,0,0
1364,2026-01-30T08:40:39.010Z,2026-01-30T08:40:40.789Z,1779,FG-A,BATCH-1002,DAY,normal,0,0
1365,2026-01-30T08:40:40.789Z,2026-01-30T08:40:42.438Z,1649,FG-A,BATCH-1002,DAY,normal,0,0
1366,2026-01-30T08:40:42.438Z,2026-01-30T08:40:44.043Z,1605,FG-A,BATCH-1002,DAY,normal,0,0
1367,2026-01-30T08:40:44.043Z,2026-01-30T08:40:45.736Z,1693,FG-A,BATCH-1002,DAY,normal,0,0
1368,2026-01-30T08:40:45.736Z,2026-01-30T08:40:50.330Z,4594,FG-A,BATCH-1002,DAY,jam_recovery,0,1
1369,2026-01-30T08:40:50.330Z,2026-01-30T08:40:52.224Z,1894,FG-A,BATCH-1002,DAY,normal,0,0
1370,2026-01-30T08:40:52.224Z,2026-01-30T08:40:53.827Z,1603,FG-A,BATCH-1002,DAY,normal,0,0
1371,2026-01-30T08:40:53.827Z,2026-01-30T08:40:55.359Z,1532,FG-A,BATCH-1002,DAY,normal,0,0
1372,2026-01-30T08:40:55.359Z,2026-01-30T08:40:56.972Z,1613,FG-A,BATCH-1002,DAY,normal,0,0
1373,2026-01-30T08:40:56.972Z,2026-01-30T08:40:58.587Z,1615,FG-A,BATCH-1002,DAY,normal,0,0
1374,2026-01-30T08:40:58.587Z,2026-01-30T08:41:00.311Z,1724,FG-A,BATCH-1002,DAY,normal,0,0
1375,2026-01-30T08:41:00.311Z,2026-01-30T08:41:02.044Z,1733,FG-A,BATCH-1002,DAY,normal,0,0
1376,2026-01-30T08:41:02.044Z,2026-01-30T08:41:03.570Z,1526,FG-A,BATCH-1002,DAY,normal,0,0
1377,2026-01-30T08:41:03.570Z,2026-01-30T08:41:05.074Z,1504,FG-A,BATCH-1002,DAY,normal,0,0
1378,2026-01-30T08:41:05.074Z,2026-01-30T08:41:06.712Z,1638,FG-A,BATCH-1002,DAY,normal,0,0
1379,2026-01-30T08:41:06.712Z,2026-01-30T08:41:08.320Z,1608,FG-A,BATCH-1002,DAY,normal,0,0
1380,2026-01-30T08:41:08.320Z,2026-01-30T08:41:10.065Z,1745,FG-A,BATCH-1002,DAY,normal,0,0
1381,2026-01-30T08:41:10.065Z,2026-01-30T08:41:11.817Z,1752,FG-A,BATCH-1002,DAY,normal,0,0
1382,2026-01-30T08:41:11.817Z,2026-01-30T08:41:13.522Z,1705,FG-A,BATCH-1002,DAY,normal,0,0
1383,2026-01-30T08:41:13.522Z,2026-01-30T08:41:15.153Z,1631,FG-A,BATCH-1002,DAY,normal,0,0
1384,2026-01-30T08:41:15.153Z,2026-01-30T08:41:18.317Z,3164,FG-A,BATCH-1002,DAY,slow_cycle,0,1
1385,2026-01-30T08:41:18.317Z,2026-01-30T08:41:19.834Z,1517,FG-A,BATCH-1002,DAY,normal,0,0
1386,2026-01-30T08:41:19.834Z,2026-01-30T08:41:21.450Z,1616,FG-A,BATCH-1002,DAY,normal,0,0
1387,2026-01-30T08:41:21.450Z,2026-01-30T08:41:23.112Z,1662,FG-A,BATCH-1002,DAY,normal,0,0
1388,2026-01-30T08:41:23.112Z,2026-01-30T08:41:24.843Z,1731,FG-A,BATCH-1002,DAY,normal,0,0
1389,2026-01-30T08:41:24.843Z,2026-01-30T08:41:26.474Z,1631,FG-A,BATCH-1002,DAY,normal,0,0
1390,2026-01-30T08:41:26.474Z,2026-01-30T08:41:27.974Z,1500,FG-A,BATCH-1002,DAY,normal,0,0
1391,2026-01-30T08:41:27.974Z,2026-01-30T08:41:29.640Z,1666,FG-A,BATCH-1002,DAY,normal,0,0
1392,2026-01-30T08:41:29.640Z,2026-01-30T08:41:31.284Z,1644,FG-A,BATCH-1002,DAY,normal,0,0
1393,2026-01-30T08:41:31.284Z,2026-01-30T08:41:32.934Z,1650,FG-A,BATCH-1002,DAY,normal,0,0
1394,2026-01-30T08:41:32.934Z,2026-01-30T08:41:34.420Z,1486,FG-A,BATCH-1002,DAY,normal,0,0
1395,2026-01-30T08:41:34.420Z,2026-01-30T08:41:35.897Z,1477,FG-A,BATCH-1002,DAY,normal,0,0
1396,2026-01-30T08:41:35.897Z,2026-01-30T08:41:37.517Z,1620,FG-A,BATCH-1002,DAY,normal,0,0
1397,2026-01-30T08:41:37.517Z,2026-01-30T08:41:39.031Z,1514,FG-A,BATCH-1002,DAY,normal,0,0
1398,2026-01-30T08:41:39.031Z,2026-01-30T08:41:40.729Z,1698,FG-A,BATCH-1002,DAY,normal,0,0
1399,2026-01-30T08:41:40.729Z,2026-01-30T08:41:42.272Z,1543,FG-A,BATCH-1002,DAY,normal,0,0
1400,2026-01-30T08:41:42.272Z,2026-01-30T08:41:43.846Z,1574,FG-A,BATCH-1002,DAY,normal,0,0
1401,2026-01-30T08:41:43.846Z,2026-01-30T08:41:45.508Z,1662,FG-A,BATCH-1002,DAY,normal,0,0
1402,2026-01-30T08:41:45.508Z,2026-01-30T08:41:47.383Z,1875,FG-A,BATCH-1002,DAY,normal,0,0
1403,2026-01-30T08:41:47.383Z,2026-01-30T08:41:49.090Z,1707,FG-A,BATCH-1002,DAY,normal,0,0
1404,2026-01-30T08:41:49.090Z,2026-01-30T08:41:50.948Z,1858,FG-A,BATCH-1002,DAY,normal,0,0
1405,2026-01-30T08:41:50.948Z,2026-01-30T08:41:52.549Z,1601,FG-A,BATCH-1002,DAY,normal,0,0
1406,2026-01-30T08:41:52.549Z,2026-01-30T08:41:54.132Z,1583,FG-A,BATCH-1002,DAY,normal,0,0
1407,2026-01-30T08:41:54.132Z,2026-01-30T08:41:55.558Z,1426,FG-A,BATCH-1002,DAY,fast_cycle,0,0
1408,2026-01-30T08:41:55.558Z,2026-01-30T08:41:57.194Z,1636,FG-A,BATCH-1002,DAY,normal,0,0
1409,2026-01-30T08:41:57.194Z,2026-01-30T08:41:58.976Z,1782,FG-A,BATCH-1002,DAY,normal,0,0
1410,2026-01-30T08:41:58.976Z,2026-01-30T08:42:00.675Z,1699,FG-A,BATCH-1002,DAY,normal,0,0
1411,2026-01-30T08:42:00.675Z,2026-01-30T08:42:02.121Z,1446,FG-A,BATCH-1002,DAY,normal,0,0
1412,2026-01-30T08:42:02.121Z,2026-01-30T08:42:03.773Z,1652,FG-A,BATCH-1002,DAY,normal,0,0
1413,2026-01-30T08:42:03.773Z,2026-01-30T08:42:06.777Z,3004,FG-A,BATCH-1002,DAY,slow_cycle,0,1
1414,2026-01-30T08:42:06.777Z,2026-01-30T08:42:08.494Z,1717,FG-A,BATCH-1002,DAY,normal,0,0
1415,2026-01-30T08:42:08.494Z,2026-01-30T08:42:10.055Z,1561,FG-A,BATCH-1002,DAY,normal,0,0
1416,2026-01-30T08:42:10.055Z,2026-01-30T08:42:11.851Z,1796,FG-A,BATCH-1002,DAY,normal,0,0
1417,2026-01-30T08:42:11.851Z,2026-01-30T08:42:13.437Z,1586,FG-A,BATCH-1002,DAY,normal,0,0
1418,2026-01-30T08:42:13.437Z,2026-01-30T08:42:14.996Z,1559,FG-A,BATCH-1002,DAY,normal,0,0
1419,2026-01-30T08:42:14.996Z,2026-01-30T08:42:16.599Z,1603,FG-A,BATCH-1002,DAY,normal,0,0
1420,2026-01-30T08:42:16.599Z,2026-01-30T08:42:18.196Z,1597,FG-A,BATCH-1002,DAY,normal,0,0
1421,2026-01-30T08:42:18.196Z,2026-01-30T08:42:19.796Z,1600,FG-A,BATCH-1002,DAY,normal,0,0
1422,2026-01-30T08:42:19.796Z,2026-01-30T08:42:21.499Z,1703,FG-A,BATCH-1002,DAY,normal,0,0
1423,2026-01-30T08:42:21.499Z,2026-01-30T08:42:23.210Z,1711,FG-A,BATCH-1002,DAY,normal,0,0
1424,2026-01-30T08:42:23.210Z,2026-01-30T08:42:24.801Z,1591,FG-A,BATCH-1002,DAY,normal,0,0
1425,2026-01-30T08:42:24.801Z,2026-01-30T08:42:26.419Z,1618,FG-A,BATCH-1002,DAY,normal,0,0
1426,2026-01-30T08:42:26.419Z,2026-01-30T08:42:28.047Z,1628,FG-A,BATCH-1002,DAY,normal,0,0
1427,2026-01-30T08:42:28.047Z,2026-01-30T08:42:29.465Z,1418,FG-A,BATCH-1002,DAY,normal,0,0
1428,2026-01-30T08:42:29.465Z,2026-01-30T08:42:30.906Z,1441,FG-A,BATCH-1002,DAY,normal,0,0
1429,2026-01-30T08:42:30.906Z,2026-01-30T08:42:32.667Z,1761,FG-A,BATCH-1002,DAY,normal,0,0
1430,2026-01-30T08:42:32.667Z,2026-01-30T08:42:34.250Z,1583,FG-A,BATCH-1002,DAY,normal,0,0
1431,2026-01-30T08:42:34.250Z,2026-01-30T08:42:35.898Z,1648,FG-A,BATCH-1002,DAY,normal,0,0
1432,2026-01-30T08:42:35.898Z,2026-01-30T08:42:37.560Z,1662,FG-A,BATCH-1002,DAY,normal,0,0
1433,2026-01-30T08:42:37.560Z,2026-01-30T08:42:38.926Z,1366,FG-A,BATCH-1002,DAY,normal,0,0
1434,2026-01-30T08:42:38.926Z,2026-01-30T08:42:40.669Z,1743,FG-A,BATCH-1002,DAY,normal,0,0
1435,2026-01-30T08:42:40.669Z,2026-01-30T08:42:42.240Z,1571,FG-A,BATCH-1002,DAY,normal,0,0
1436,2026-01-30T08:42:42.240Z,2026-01-30T08:42:43.860Z,1620,FG-A,BATCH-1002,DAY,normal,0,0
1437,2026-01-30T08:42:43.860Z,2026-01-30T08:42:45.584Z,1724,FG-A,BATCH-1002,DAY,normal,0,0
1438,2026-01-30T08:42:45.584Z,2026-01-30T08:42:47.164Z,1580,FG-A,BATCH-1002,DAY,normal,0,0
1439,2026-01-30T08:42:47.164Z,2026-01-30T08:42:48.717Z,1553,FG-A,BATCH-1002,DAY,normal,0,0
1440,2026-01-30T08:42:48.717Z,2026-01-30T08:42:50.406Z,1689,FG-A,BATCH-1002,DAY,normal,0,0
1441,2026-01-30T08:42:50.406Z,2026-01-30T08:42:51.975Z,1569,FG-A,BATCH-1002,DAY,normal,0,0
1442,2026-01-30T08:42:51.975Z,2026-01-30T08:42:53.700Z,1725,FG-A,BATCH-1002,DAY,normal,0,0
1443,2026-01-30T08:42:53.700Z,2026-01-30T08:42:55.325Z,1625,FG-A,BATCH-1002,DAY,normal,0,0
1444,2026-01-30T08:42:55.325Z,2026-01-30T08:42:56.946Z,1621,FG-A,BATCH-1002,DAY,normal,0,0
1445,2026-01-30T08:42:56.946Z,2026-01-30T08:42:58.665Z,1719,FG-A,BATCH-1002,DAY,normal,0,0
1446,2026-01-30T08:42:58.665Z,2026-01-30T08:43:00.261Z,1596,FG-A,BATCH-1002,DAY,normal,0,0
1447,2026-01-30T08:43:00.261Z,2026-01-30T08:43:01.789Z,1528,FG-A,BATCH-1002,DAY,normal,0,0
1448,2026-01-30T08:43:01.789Z,2026-01-30T08:43:03.418Z,1629,FG-A,BATCH-1002,DAY,normal,0,0
1449,2026-01-30T08:43:03.418Z,2026-01-30T08:43:04.989Z,1571,FG-A,BATCH-1002,DAY,normal,0,0
1450,2026-01-30T08:43:04.989Z,2026-01-30T08:43:06.665Z,1676,FG-A,BATCH-1002,DAY,normal,0,0
1451,2026-01-30T08:43:06.665Z,2026-01-30T08:43:08.196Z,1531,FG-A,BATCH-1002,DAY,normal,0,0
1452,2026-01-30T08:43:08.196Z,2026-01-30T08:43:09.861Z,1665,FG-A,BATCH-1002,DAY,normal,0,0
1453,2026-01-30T08:43:09.861Z,2026-01-30T08:43:20.085Z,10224,FG-A,BATCH-1002,DAY,long_gap,1,1
1454,2026-01-30T08:43:20.085Z,2026-01-30T08:43:21.656Z,1571,FG-A,BATCH-1002,DAY,normal,0,0
1455,2026-01-30T08:43:21.656Z,2026-01-30T08:43:23.005Z,1349,FG-A,BATCH-1002,DAY,normal,0,0
1456,2026-01-30T08:43:23.005Z,2026-01-30T08:43:24.516Z,1511,FG-A,BATCH-1002,DAY,normal,0,0
1457,2026-01-30T08:43:24.516Z,2026-01-30T08:43:26.196Z,1680,FG-A,BATCH-1002,DAY,normal,0,0
1458,2026-01-30T08:43:26.196Z,2026-01-30T08:43:27.884Z,1688,FG-A,BATCH-1002,DAY,normal,0,0
1459,2026-01-30T08:43:27.884Z,2026-01-30T08:43:29.378Z,1494,FG-A,BATCH-1002,DAY,normal,0,0
1460,2026-01-30T08:43:29.378Z,2026-01-30T08:43:31.140Z,1762,FG-A,BATCH-1002,DAY,normal,0,0
1461,2026-01-30T08:43:31.140Z,2026-01-30T08:43:32.819Z,1679,FG-A,BATCH-1002,DAY,normal,0,0
1462,2026-01-30T08:43:32.819Z,2026-01-30T08:43:34.452Z,1633,FG-A,BATCH-1002,DAY,normal,0,0
1463,2026-01-30T08:43:34.452Z,2026-01-30T08:43:36.038Z,1586,FG-A,BATCH-1002,DAY,normal,0,0
1464,2026-01-30T08:43:36.038Z,2026-01-30T08:43:37.622Z,1584,FG-A,BATCH-1002,DAY,normal,0,0
1465,2026-01-30T08:43:37.622Z,2026-01-30T08:43:39.100Z,1478,FG-A,BATCH-1002,DAY,normal,0,0
1466,2026-01-30T08:43:39.100Z,2026-01-30T08:43:40.588Z,1488,FG-A,BATCH-1002,DAY,normal,0,0
1467,2026-01-30T08:43:40.588Z,2026-01-30T08:43:46.197Z,5609,FG-A,BATCH-1002,DAY,jam_recovery,1,1
1468,2026-01-30T08:43:46.197Z,2026-01-30T08:43:47.895Z,1698,FG-A,BATCH-1002,DAY,normal,0,0
1469,2026-01-30T08:43:47.895Z,2026-01-30T08:43:49.663Z,1768,FG-A,BATCH-1002,DAY,normal,0,0
1470,2026-01-30T08:43:49.663Z,2026-01-30T08:43:51.277Z,1614,FG-A,BATCH-1002,DAY,normal,0,0
1471,2026-01-30T08:43:51.277Z,2026-01-30T08:43:52.933Z,1656,FG-A,BATCH-1002,DAY,normal,0,0
1472,2026-01-30T08:43:52.933Z,2026-01-30T08:43:54.520Z,1587,FG-A,BATCH-1002,DAY,normal,0,0
1473,2026-01-30T08:43:54.520Z,2026-01-30T08:43:56.042Z,1522,FG-A,BATCH-1002,DAY,normal,0,0
1474,2026-01-30T08:43:56.042Z,2026-01-30T08:43:57.756Z,1714,FG-A,BATCH-1002,DAY,normal,0,0
1475,2026-01-30T08:43:57.756Z,2026-01-30T08:43:59.390Z,1634,FG-A,BATCH-1002,DAY,normal,0,0
1476,2026-01-30T08:43:59.390Z,2026-01-30T08:44:00.922Z,1532,FG-A,BATCH-1002,DAY,normal,0,0
1477,2026-01-30T08:44:00.922Z,2026-01-30T08:44:02.595Z,1673,FG-A,BATCH-1002,DAY,normal,0,0
1478,2026-01-30T08:44:02.595Z,2026-01-30T08:44:05.045Z,2450,FG-A,BATCH-1002,DAY,slow_cycle,0,1
1479,2026-01-30T08:44:05.045Z,2026-01-30T08:44:06.604Z,1559,FG-A,BATCH-1002,DAY,normal,0,0
1480,2026-01-30T08:44:06.604Z,2026-01-30T08:44:08.359Z,1755,FG-A,BATCH-1002,DAY,normal,0,0
1481,2026-01-30T08:44:08.359Z,2026-01-30T08:44:10.045Z,1686,FG-A,BATCH-1002,DAY,normal,0,0
1482,2026-01-30T08:44:10.045Z,2026-01-30T08:44:11.501Z,1456,FG-A,BATCH-1002,DAY,normal,0,0
1483,2026-01-30T08:44:11.501Z,2026-01-30T08:44:13.106Z,1605,FG-A,BATCH-1002,DAY,normal,0,0
1484,2026-01-30T08:44:13.106Z,2026-01-30T08:44:14.780Z,1674,FG-A,BATCH-1002,DAY,normal,0,0
1485,2026-01-30T08:44:14.780Z,2026-01-30T08:44:16.557Z,1777,FG-A,BATCH-1002,DAY,normal,0,0
1486,2026-01-30T08:44:16.557Z,2026-01-30T08:44:18.144Z,1587,FG-A,BATCH-1002,DAY,normal,0,0
1487,2026-01-30T08:44:18.144Z,2026-01-30T08:44:19.845Z,1701,FG-A,BATCH-1002,DAY,normal,0,0
1488,2026-01-30T08:44:19.845Z,2026-01-30T08:44:21.587Z,1742,FG-A,BATCH-1002,DAY,normal,0,0
1489,2026-01-30T08:44:21.587Z,2026-01-30T08:44:23.242Z,1655,FG-A,BATCH-1002,DAY,normal,0,0
1490,2026-01-30T08:44:23.242Z,2026-01-30T08:44:24.771Z,1529,FG-A,BATCH-1002,DAY,normal,0,0
1491,2026-01-30T08:44:24.771Z,2026-01-30T08:44:26.465Z,1694,FG-A,BATCH-1002,DAY,normal,0,0
1492,2026-01-30T08:44:26.465Z,2026-01-30T08:44:27.888Z,1423,FG-A,BATCH-1002,DAY,normal,0,0
1493,2026-01-30T08:44:27.888Z,2026-01-30T08:44:29.423Z,1535,FG-A,BATCH-1002,DAY,normal,0,0
1494,2026-01-30T08:44:29.423Z,2026-01-30T08:44:30.832Z,1409,FG-A,BATCH-1002,DAY,normal,0,0
1495,2026-01-30T08:44:30.832Z,2026-01-30T08:44:32.384Z,1552,FG-A,BATCH-1002,DAY,normal,0,0
1496,2026-01-30T08:44:32.384Z,2026-01-30T08:44:33.940Z,1556,FG-A,BATCH-1002,DAY,normal,0,0
1497,2026-01-30T08:44:33.940Z,2026-01-30T08:44:35.540Z,1600,FG-A,BATCH-1002,DAY,normal,0,0
1498,2026-01-30T08:44:35.540Z,2026-01-30T08:44:36.930Z,1390,FG-A,BATCH-1002,DAY,normal,0,0
1499,2026-01-30T08:44:36.930Z,2026-01-30T08:44:38.522Z,1592,FG-A,BATCH-1002,DAY,normal,0,0
1500,2026-01-30T08:44:38.522Z,2026-01-30T08:44:40.146Z,1624,FG-B,BATCH-1003,DAY,normal,0,0
1501,2026-01-30T08:44:40.146Z,2026-01-30T08:44:41.772Z,1626,FG-B,BATCH-1003,DAY,normal,0,0
1502,2026-01-30T08:44:41.772Z,2026-01-30T08:44:43.684Z,1912,FG-B,BATCH-1003,DAY,normal,0,0
1503,2026-01-30T08:44:43.684Z,2026-01-30T08:44:45.318Z,1634,FG-B,BATCH-1003,DAY,normal,0,0
1504,2026-01-30T08:44:45.318Z,2026-01-30T08:44:46.726Z,1408,FG-B,BATCH-1003,DAY,normal,0,0
1505,2026-01-30T08:44:46.726Z,2026-01-30T08:44:48.516Z,1790,FG-B,BATCH-1003,DAY,normal,0,0
1506,2026-01-30T08:44:48.516Z,2026-01-30T08:44:50.049Z,1533,FG-B,BATCH-1003,DAY,normal,0,0
1507,2026-01-30T08:44:50.049Z,2026-01-30T08:44:51.579Z,1530,FG-B,BATCH-1003,DAY,normal,0,0
1508,2026-01-30T08:44:51.579Z,2026-01-30T08:44:53.268Z,1689,FG-B,BATCH-1003,DAY,normal,0,0
1509,2026-01-30T08:44:53.268Z,2026-01-30T08:44:54.908Z,1640,FG-B,BATCH-1003,DAY,normal,0,0
1510,2026-01-30T08:44:54.908Z,2026-01-30T08:44:56.531Z,1623,FG-B,BATCH-1003,DAY,normal,0,0
1511,2026-01-30T08:44:56.531Z,2026-01-30T08:44:58.257Z,1726,FG-B,BATCH-1003,DAY,normal,0,0
1512,2026-01-30T08:44:58.257Z,2026-01-30T08:44:59.945Z,1688,FG-B,BATCH-1003,DAY,normal,0,0
1513,2026-01-30T08:44:59.945Z,2026-01-30T08:45:01.474Z,1529,FG-B,BATCH-1003,DAY,normal,0,0
1514,2026-01-30T08:45:01.474Z,2026-01-30T08:45:03.086Z,1612,FG-B,BATCH-1003,DAY,normal,0,0
1515,2026-01-30T08:45:03.086Z,2026-01-30T08:45:04.772Z,1686,FG-B,BATCH-1003,DAY,normal,0,0
1516,2026-01-30T08:45:04.772Z,2026-01-30T08:45:06.631Z,1859,FG-B,BATCH-1003,DAY,normal,0,0
1517,2026-01-30T08:45:06.631Z,2026-01-30T08:45:08.209Z,1578,FG-B,BATCH-1003,DAY,normal,0,0
1518,2026-01-30T08:45:08.209Z,2026-01-30T08:45:09.840Z,1631,FG-B,BATCH-1003,DAY,normal,0,0
1519,2026-01-30T08:45:09.840Z,2026-01-30T08:45:11.612Z,1772,FG-B,BATCH-1003,DAY,normal,0,0
1520,2026-01-30T08:45:11.612Z,2026-01-30T08:45:13.188Z,1576,FG-B,BATCH-1003,DAY,normal,0,0
1521,2026-01-30T08:45:13.188Z,2026-01-30T08:45:17.670Z,4482,FG-B,BATCH-1003,DAY,jam_recovery,0,1
1522,2026-01-30T08:45:17.670Z,2026-01-30T08:45:19.408Z,1738,FG-B,BATCH-1003,DAY,normal,0,0
1523,2026-01-30T08:45:19.408Z,2026-01-30T08:45:25.147Z,5739,FG-B,BATCH-1003,DAY,jam_recovery,1,1
1524,2026-01-30T08:45:25.147Z,2026-01-30T08:45:26.770Z,1623,FG-B,BATCH-1003,DAY,normal,0,0
1525,2026-01-30T08:45:26.770Z,2026-01-30T08:45:28.488Z,1718,FG-B,BATCH-1003,DAY,normal,0,0
1526,2026-01-30T08:45:28.488Z,2026-01-30T08:45:30.160Z,1672,FG-B,BATCH-1003,DAY,normal,0,0
1527,2026-01-30T08:45:30.160Z,2026-01-30T08:45:31.805Z,1645,FG-B,BATCH-1003,DAY,normal,0,0
1528,2026-01-30T08:45:31.805Z,2026-01-30T08:45:33.441Z,1636,FG-B,BATCH-1003,DAY,normal,0,0
1529,2026-01-30T08:45:33.441Z,2026-01-30T08:45:35.206Z,1765,FG-B,BATCH-1003,DAY,normal,0,0
1530,2026-01-30T08:45:35.206Z,2026-01-30T08:45:36.897Z,1691,FG-B,BATCH-1003,DAY,normal,0,0
1531,2026-01-30T08:45:36.897Z,2026-01-30T08:45:38.516Z,1619,FG-B,BATCH-1003,DAY,normal,0,0
1532,2026-01-30T08:45:38.516Z,2026-01-30T08:45:40.207Z,1691,FG-B,BATCH-1003,DAY,normal,0,0
1533,2026-01-30T08:45:40.207Z,2026-01-30T08:45:41.797Z,1590,FG-B,BATCH-1003,DAY,normal,0,0
1534,2026-01-30T08:45:41.797Z,2026-01-30T08:45:43.478Z,1681,FG-B,BATCH-1003,DAY,normal,0,0
1535,2026-01-30T08:45:43.478Z,2026-01-30T08:45:45.195Z,1717,FG-B,BATCH-1003,DAY,normal,0,0
1536,2026-01-30T08:45:45.195Z,2026-01-30T08:45:46.863Z,1668,FG-B,BATCH-1003,DAY,normal,0,0
1537,2026-01-30T08:45:46.863Z,2026-01-30T08:45:48.329Z,1466,FG-B,BATCH-1003,DAY,normal,0,0
1538,2026-01-30T08:45:48.329Z,2026-01-30T08:45:50.029Z,1700,FG-B,BATCH-1003,DAY,normal,0,0
1539,2026-01-30T08:45:50.029Z,2026-01-30T08:45:51.754Z,1725,FG-B,BATCH-1003,DAY,normal,0,0
1540,2026-01-30T08:45:51.754Z,2026-01-30T08:45:54.457Z,2703,FG-B,BATCH-1003,DAY,slow_cycle,0,1
1541,2026-01-30T08:45:54.457Z,2026-01-30T08:45:55.956Z,1499,FG-B,BATCH-1003,DAY,normal,0,0
1542,2026-01-30T08:45:55.956Z,2026-01-30T08:45:57.649Z,1693,FG-B,BATCH-1003,DAY,normal,0,0
1543,2026-01-30T08:45:57.649Z,2026-01-30T08:45:59.243Z,1594,FG-B,BATCH-1003,DAY,normal,0,0
1544,2026-01-30T08:45:59.243Z,2026-01-30T08:46:00.877Z,1634,FG-B,BATCH-1003,DAY,normal,0,0
1545,2026-01-30T08:46:00.877Z,2026-01-30T08:46:02.459Z,1582,FG-B,BATCH-1003,DAY,normal,0,0
1546,2026-01-30T08:46:02.459Z,2026-01-30T08:46:07.027Z,4568,FG-B,BATCH-1003,DAY,jam_recovery,0,1
1547,2026-01-30T08:46:07.027Z,2026-01-30T08:46:08.645Z,1618,FG-B,BATCH-1003,DAY,normal,0,0
1548,2026-01-30T08:46:08.645Z,2026-01-30T08:46:10.385Z,1740,FG-B,BATCH-1003,DAY,normal,0,0
1549,2026-01-30T08:46:10.385Z,2026-01-30T08:46:12.213Z,1828,FG-B,BATCH-1003,DAY,normal,0,0
1550,2026-01-30T08:46:12.213Z,2026-01-30T08:46:13.972Z,1759,FG-B,BATCH-1003,DAY,normal,0,0
1551,2026-01-30T08:46:13.972Z,2026-01-30T08:46:15.799Z,1827,FG-B,BATCH-1003,DAY,normal,0,0
1552,2026-01-30T08:46:15.799Z,2026-01-30T08:46:17.433Z,1634,FG-B,BATCH-1003,DAY,normal,0,0
1553,2026-01-30T08:46:17.433Z,2026-01-30T08:46:19.179Z,1746,FG-B,BATCH-1003,DAY,normal,0,0
1554,2026-01-30T08:46:19.179Z,2026-01-30T08:46:21.016Z,1837,FG-B,BATCH-1003,DAY,normal,0,0
1555,2026-01-30T08:46:21.016Z,2026-01-30T08:46:22.630Z,1614,FG-B,BATCH-1003,DAY,normal,0,0
1556,2026-01-30T08:46:22.630Z,2026-01-30T08:46:25.909Z,3279,FG-B,BATCH-1003,DAY,slow_cycle,0,1
1557,2026-01-30T08:46:25.909Z,2026-01-30T08:46:27.660Z,1751,FG-B,BATCH-1003,DAY,normal,0,0
1558,2026-01-30T08:46:27.660Z,2026-01-30T08:46:29.523Z,1863,FG-B,BATCH-1003,DAY,normal,0,0
1559,2026-01-30T08:46:29.523Z,2026-01-30T08:46:31.189Z,1666,FG-B,BATCH-1003,DAY,normal,0,0
1560,2026-01-30T08:46:31.189Z,2026-01-30T08:46:32.915Z,1726,FG-B,BATCH-1003,DAY,normal,0,0
1561,2026-01-30T08:46:32.915Z,2026-01-30T08:46:34.573Z,1658,FG-B,BATCH-1003,DAY,normal,0,0
1562,2026-01-30T08:46:34.573Z,2026-01-30T08:46:36.360Z,1787,FG-B,BATCH-1003,DAY,normal,0,0
1563,2026-01-30T08:46:36.360Z,2026-01-30T08:46:37.986Z,1626,FG-B,BATCH-1003,DAY,normal,0,0
1564,2026-01-30T08:46:37.986Z,2026-01-30T08:46:39.598Z,1612,FG-B,BATCH-1003,DAY,normal,0,0
1565,2026-01-30T08:46:39.598Z,2026-01-30T08:46:41.310Z,1712,FG-B,BATCH-1003,DAY,normal,0,0
1566,2026-01-30T08:46:41.310Z,2026-01-30T08:46:43.007Z,1697,FG-B,BATCH-1003,DAY,normal,0,0
1567,2026-01-30T08:46:43.007Z,2026-01-30T08:46:44.575Z,1568,FG-B,BATCH-1003,DAY,normal,0,0
1568,2026-01-30T08:46:44.575Z,2026-01-30T08:46:46.133Z,1558,FG-B,BATCH-1003,DAY,normal,0,0
1569,2026-01-30T08:46:46.133Z,2026-01-30T08:46:47.630Z,1497,FG-B,BATCH-1003,DAY,normal,0,0
1570,2026-01-30T08:46:47.630Z,2026-01-30T08:46:49.221Z,1591,FG-B,BATCH-1003,DAY,normal,0,0
1571,2026-01-30T08:46:49.221Z,2026-01-30T08:46:50.823Z,1602,FG-B,BATCH-1003,DAY,normal,0,0
1572,2026-01-30T08:46:50.823Z,2026-01-30T08:46:52.611Z,1788,FG-B,BATCH-1003,DAY,normal,0,0
1573,2026-01-30T08:46:52.611Z,2026-01-30T08:46:54.254Z,1643,FG-B,BATCH-1003,DAY,normal,0,0
1574,2026-01-30T08:46:54.254Z,2026-01-30T08:46:55.858Z,1604,FG-B,BATCH-1003,DAY,normal,0,0
1575,2026-01-30T08:46:55.858Z,2026-01-30T08:46:57.316Z,1458,FG-B,BATCH-1003,DAY,normal,0,0
1576,2026-01-30T08:46:57.316Z,2026-01-30T08:46:58.988Z,1672,FG-B,BATCH-1003,DAY,normal,0,0
1577,2026-01-30T08:46:58.988Z,2026-01-30T08:47:00.438Z,1450,FG-B,BATCH-1003,DAY,normal,0,0
1578,2026-01-30T08:47:00.438Z,2026-01-30T08:47:01.977Z,1539,FG-B,BATCH-1003,DAY,normal,0,0
1579,2026-01-30T08:47:01.977Z,2026-01-30T08:47:03.547Z,1570,FG-B,BATCH-1003,DAY,normal,0,0
1580,2026-01-30T08:47:03.547Z,2026-01-30T08:47:05.015Z,1468,FG-B,BATCH-1003,DAY,normal,0,0
1581,2026-01-30T08:47:05.015Z,2026-01-30T08:47:06.395Z,1380,FG-B,BATCH-1003,DAY,normal,0,0
1582,2026-01-30T08:47:06.395Z,2026-01-30T08:47:08.028Z,1633,FG-B,BATCH-1003,DAY,normal,0,0
1583,2026-01-30T08:47:08.028Z,2026-01-30T08:47:09.696Z,1668,FG-B,BATCH-1003,DAY,normal,0,0
1584,2026-01-30T08:47:09.696Z,2026-01-30T08:47:11.404Z,1708,FG-B,BATCH-1003,DAY,normal,0,0
1585,2026-01-30T08:47:11.404Z,2026-01-30T08:47:13.198Z,1794,FG-B,BATCH-1003,DAY,normal,0,0
1586,2026-01-30T08:47:13.198Z,2026-01-30T08:47:14.895Z,1697,FG-B,BATCH-1003,DAY,normal,0,0
1587,2026-01-30T08:47:14.895Z,2026-01-30T08:47:16.345Z,1450,FG-B,BATCH-1003,DAY,normal,0,0
1588,2026-01-30T08:47:16.345Z,2026-01-30T08:47:18.099Z,1754,FG-B,BATCH-1003,DAY,normal,0,0
1589,2026-01-30T08:47:18.099Z,2026-01-30T08:47:19.600Z,1501,FG-B,BATCH-1003,DAY,normal,0,0
1590,2026-01-30T08:47:19.600Z,2026-01-30T08:47:21.292Z,1692,FG-B,BATCH-1003,DAY,normal,0,0
1591,2026-01-30T08:47:21.292Z,2026-01-30T08:47:22.972Z,1680,FG-B,BATCH-1003,DAY,normal,0,0
1592,2026-01-30T08:47:22.972Z,2026-01-30T08:47:24.628Z,1656,FG-B,BATCH-1003,DAY,normal,0,0
1593,2026-01-30T08:47:24.628Z,2026-01-30T08:47:26.219Z,1591,FG-B,BATCH-1003,DAY,normal,0,0
1594,2026-01-30T08:47:26.219Z,2026-01-30T08:47:27.945Z,1726,FG-B,BATCH-1003,DAY,normal,0,0
1595,2026-01-30T08:47:27.945Z,2026-01-30T08:47:29.643Z,1698,FG-B,BATCH-1003,DAY,normal,0,0
1596,2026-01-30T08:47:29.643Z,2026-01-30T08:47:31.314Z,1671,FG-B,BATCH-1003,DAY,normal,0,0
1597,2026-01-30T08:47:31.314Z,2026-01-30T08:47:32.882Z,1568,FG-B,BATCH-1003,DAY,normal,0,0
1598,2026-01-30T08:47:32.882Z,2026-01-30T08:47:34.596Z,1714,FG-B,BATCH-1003,DAY,normal,0,0
1599,2026-01-30T08:47:34.596Z,2026-01-30T08:47:36.160Z,1564,FG-B,BATCH-1003,DAY,normal,0,0
1600,2026-01-30T08:47:36.160Z,2026-01-30T08:47:37.845Z,1685,FG-B,BATCH-1003,DAY,normal,0,0
1601,2026-01-30T08:47:37.845Z,2026-01-30T08:47:39.483Z,1638,FG-B,BATCH-1003,DAY,normal,0,0
1602,2026-01-30T08:47:39.483Z,2026-01-30T08:47:41.196Z,1713,FG-B,BATCH-1003,DAY,normal,0,0
1603,2026-01-30T08:47:41.196Z,2026-01-30T08:47:42.452Z,1256,FG-B,BATCH-1003,DAY,fast_cycle,0,0
1604,2026-01-30T08:47:42.452Z,2026-01-30T08:47:44.143Z,1691,FG-B,BATCH-1003,DAY,normal,0,0
1605,2026-01-30T08:47:44.143Z,2026-01-30T08:47:45.841Z,1698,FG-B,BATCH-1003,DAY,normal,0,0
1606,2026-01-30T08:47:45.841Z,2026-01-30T08:47:47.578Z,1737,FG-B,BATCH-1003,DAY,normal,0,0
1607,2026-01-30T08:47:47.578Z,2026-01-30T08:47:49.169Z,1591,FG-B,BATCH-1003,DAY,normal,0,0
1608,2026-01-30T08:47:49.169Z,2026-01-30T08:47:50.838Z,1669,FG-B,BATCH-1003,DAY,normal,0,0
1609,2026-01-30T08:47:50.838Z,2026-01-30T08:47:52.379Z,1541,FG-B,BATCH-1003,DAY,normal,0,0
1610,2026-01-30T08:47:52.379Z,2026-01-30T08:47:54.022Z,1643,FG-B,BATCH-1003,DAY,normal,0,0
1611,2026-01-30T08:47:54.022Z,2026-01-30T08:47:55.664Z,1642,FG-B,BATCH-1003,DAY,normal,0,0
1612,2026-01-30T08:47:55.664Z,2026-01-30T08:47:57.392Z,1728,FG-B,BATCH-1003,DAY,normal,0,0
1613,2026-01-30T08:47:57.392Z,2026-01-30T08:47:59.182Z,1790,FG-B,BATCH-1003,DAY,normal,0,0
1614,2026-01-30T08:47:59.182Z,2026-01-30T08:48:00.943Z,1761,FG-B,BATCH-1003,DAY,normal,0,0
1615,2026-01-30T08:48:00.943Z,2026-01-30T08:48:02.661Z,1718,FG-B,BATCH-1003,DAY,normal,0,0
1616,2026-01-30T08:48:02.661Z,2026-01-30T08:48:07.000Z,4339,FG-B,BATCH-1003,DAY,jam_recovery,0,1
1617,2026-01-30T08:48:07.000Z,2026-01-30T08:48:08.628Z,1628,FG-B,BATCH-1003,DAY,normal,0,0
1618,2026-01-30T08:48:08.628Z,2026-01-30T08:48:10.360Z,1732,FG-B,BATCH-1003,DAY,normal,0,0
1619,2026-01-30T08:48:10.360Z,2026-01-30T08:48:12.016Z,1656,FG-B,BATCH-1003,DAY,normal,0,0
1620,2026-01-30T08:48:12.016Z,2026-01-30T08:48:13.605Z,1589,FG-B,BATCH-1003,DAY,normal,0,0
1621,2026-01-30T08:48:13.605Z,2026-01-30T08:48:15.134Z,1529,FG-B,BATCH-1003,DAY,normal,0,0
1622,2026-01-30T08:48:15.134Z,2026-01-30T08:48:16.754Z,1620,FG-B,BATCH-1003,DAY,normal,0,0
1623,2026-01-30T08:48:16.754Z,2026-01-30T08:48:18.443Z,1689,FG-B,BATCH-1003,DAY,normal,0,0
1624,2026-01-30T08:48:18.443Z,2026-01-30T08:48:20.179Z,1736,FG-B,BATCH-1003,DAY,normal,0,0
1625,2026-01-30T08:48:20.179Z,2026-01-30T08:48:21.980Z,1801,FG-B,BATCH-1003,DAY,normal,0,0
1626,2026-01-30T08:48:21.980Z,2026-01-30T08:48:23.610Z,1630,FG-B,BATCH-1003,DAY,normal,0,0
1627,2026-01-30T08:48:23.610Z,2026-01-30T08:48:25.131Z,1521,FG-B,BATCH-1003,DAY,normal,0,0
1628,2026-01-30T08:48:25.131Z,2026-01-30T08:48:26.866Z,1735,FG-B,BATCH-1003,DAY,normal,0,0
1629,2026-01-30T08:48:26.866Z,2026-01-30T08:48:28.511Z,1645,FG-B,BATCH-1003,DAY,normal,0,0
1630,2026-01-30T08:48:28.511Z,2026-01-30T08:48:30.246Z,1735,FG-B,BATCH-1003,DAY,normal,0,0
1631,2026-01-30T08:48:30.246Z,2026-01-30T08:48:32.107Z,1861,FG-B,BATCH-1003,DAY,normal,0,0
1632,2026-01-30T08:48:32.107Z,2026-01-30T08:48:33.775Z,1668,FG-B,BATCH-1003,DAY,normal,0,0
1633,2026-01-30T08:48:33.775Z,2026-01-30T08:48:35.574Z,1799,FG-B,BATCH-1003,DAY,normal,0,0
1634,2026-01-30T08:48:35.574Z,2026-01-30T08:48:37.172Z,1598,FG-B,BATCH-1003,DAY,normal,0,0
1635,2026-01-30T08:48:37.172Z,2026-01-30T08:48:38.788Z,1616,FG-B,BATCH-1003,DAY,normal,0,0
1636,2026-01-30T08:48:38.788Z,2026-01-30T08:48:40.624Z,1836,FG-B,BATCH-1003,DAY,normal,0,0
1637,2026-01-30T08:48:40.624Z,2026-01-30T08:48:42.316Z,1692,FG-B,BATCH-1003,DAY,normal,0,0
1638,2026-01-30T08:48:42.316Z,2026-01-30T08:48:44.256Z,1940,FG-B,BATCH-1003,DAY,normal,0,0
1639,2026-01-30T08:48:44.256Z,2026-01-30T08:48:45.995Z,1739,FG-B,BATCH-1003,DAY,normal,0,0
1640,2026-01-30T08:48:45.995Z,2026-01-30T08:48:47.786Z,1791,FG-B,BATCH-1003,DAY,normal,0,0
1641,2026-01-30T08:48:47.786Z,2026-01-30T08:48:49.450Z,1664,FG-B,BATCH-1003,DAY,normal,0,0
1642,2026-01-30T08:48:49.450Z,2026-01-30T08:48:50.993Z,1543,FG-B,BATCH-1003,DAY,normal,0,0
1643,2026-01-30T08:48:50.993Z,2026-01-30T08:48:52.608Z,1615,FG-B,BATCH-1003,DAY,normal,0,0
1644,2026-01-30T08:48:52.608Z,2026-01-30T08:48:54.199Z,1591,FG-B,BATCH-1003,DAY,normal,0,0
1645,2026-01-30T08:48:54.199Z,2026-01-30T08:48:55.786Z,1587,FG-B,BATCH-1003,DAY,normal,0,0
1646,2026-01-30T08:48:55.786Z,2026-01-30T08:48:57.416Z,1630,FG-B,BATCH-1003,DAY,normal,0,0
1647,2026-01-30T08:48:57.416Z,2026-01-30T08:48:59.190Z,1774,FG-B,BATCH-1003,DAY,normal,0,0
1648,2026-01-30T08:48:59.190Z,2026-01-30T08:49:00.955Z,1765,FG-B,BATCH-1003,DAY,normal,0,0
1649,2026-01-30T08:49:00.955Z,2026-01-30T08:49:02.693Z,1738,FG-B,BATCH-1003,DAY,normal,0,0
1650,2026-01-30T08:49:02.693Z,2026-01-30T08:49:04.388Z,1695,FG-B,BATCH-1003,DAY,normal,0,0
1651,2026-01-30T08:49:04.388Z,2026-01-30T08:49:06.072Z,1684,FG-B,BATCH-1003,DAY,normal,0,0
1652,2026-01-30T08:49:06.072Z,2026-01-30T08:49:07.654Z,1582,FG-B,BATCH-1003,DAY,normal,0,0
1653,2026-01-30T08:49:07.654Z,2026-01-30T08:49:09.290Z,1636,FG-B,BATCH-1003,DAY,normal,0,0
1654,2026-01-30T08:49:09.290Z,2026-01-30T08:49:11.043Z,1753,FG-B,BATCH-1003,DAY,normal,0,0
1655,2026-01-30T08:49:11.043Z,2026-01-30T08:49:12.715Z,1672,FG-B,BATCH-1003,DAY,normal,0,0
1656,2026-01-30T08:49:12.715Z,2026-01-30T08:49:14.356Z,1641,FG-B,BATCH-1003,DAY,normal,0,0
1657,2026-01-30T08:49:14.356Z,2026-01-30T08:49:16.007Z,1651,FG-B,BATCH-1003,DAY,normal,0,0
1658,2026-01-30T08:49:16.007Z,2026-01-30T08:49:17.724Z,1717,FG-B,BATCH-1003,DAY,normal,0,0
1659,2026-01-30T08:49:17.724Z,2026-01-30T08:49:19.247Z,1523,FG-B,BATCH-1003,DAY,normal,0,0
1660,2026-01-30T08:49:19.247Z,2026-01-30T08:49:20.739Z,1492,FG-B,BATCH-1003,DAY,normal,0,0
1661,2026-01-30T08:49:20.739Z,2026-01-30T08:49:22.372Z,1633,FG-B,BATCH-1003,DAY,normal,0,0
1662,2026-01-30T08:49:22.372Z,2026-01-30T08:49:24.050Z,1678,FG-B,BATCH-1003,DAY,normal,0,0
1663,2026-01-30T08:49:24.050Z,2026-01-30T08:49:25.976Z,1926,FG-B,BATCH-1003,DAY,normal,0,0
1664,2026-01-30T08:49:25.976Z,2026-01-30T08:49:30.449Z,4473,FG-B,BATCH-1003,DAY,jam_recovery,0,1
1665,2026-01-30T08:49:30.449Z,2026-01-30T08:49:32.127Z,1678,FG-B,BATCH-1003,DAY,normal,0,0
1666,2026-01-30T08:49:32.127Z,2026-01-30T08:49:33.711Z,1584,FG-B,BATCH-1003,DAY,normal,0,0
1667,2026-01-30T08:49:33.711Z,2026-01-30T08:49:35.498Z,1787,FG-B,BATCH-1003,DAY,normal,0,0
1668,2026-01-30T08:49:35.498Z,2026-01-30T08:49:37.320Z,1822,FG-B,BATCH-1003,DAY,normal,0,0
1669,2026-01-30T08:49:37.320Z,2026-01-30T08:49:39.016Z,1696,FG-B,BATCH-1003,DAY,normal,0,0
1670,2026-01-30T08:49:39.016Z,2026-01-30T08:49:40.596Z,1580,FG-B,BATCH-1003,DAY,normal,0,0
1671,2026-01-30T08:49:40.596Z,2026-01-30T08:49:42.319Z,1723,FG-B,BATCH-1003,DAY,normal,0,0
1672,2026-01-30T08:49:42.319Z,2026-01-30T08:49:44.108Z,1789,FG-B,BATCH-1003,DAY,normal,0,0
1673,2026-01-30T08:49:44.108Z,2026-01-30T08:49:45.847Z,1739,FG-B,BATCH-1003,DAY,normal,0,0
1674,2026-01-30T08:49:45.847Z,2026-01-30T08:49:47.563Z,1716,FG-B,BATCH-1003,DAY,normal,0,0
1675,2026-01-30T08:49:47.563Z,2026-01-30T08:49:49.188Z,1625,FG-B,BATCH-1003,DAY,normal,0,0
1676,2026-01-30T08:49:49.188Z,2026-01-30T08:49:50.873Z,1685,FG-B,BATCH-1003,DAY,normal,0,0
1677,2026-01-30T08:49:50.873Z,2026-01-30T08:49:52.385Z,1512,FG-B,BATCH-1003,DAY,normal,0,0
1678,2026-01-30T08:49:52.385Z,2026-01-30T08:49:54.017Z,1632,FG-B,BATCH-1003,DAY,normal,0,0
1679,2026-01-30T08:49:54.017Z,2026-01-30T08:49:55.628Z,1611,FG-B,BATCH-1003,DAY,normal,0,0
1680,2026-01-30T08:49:55.628Z,2026-01-30T08:49:57.161Z,1533,FG-B,BATCH-1003,DAY,normal,0,0
1681,2026-01-30T08:49:57.161Z,2026-01-30T08:49:58.867Z,1706,FG-B,BATCH-1003,DAY,normal,0,0
1682,2026-01-30T08:49:58.867Z,2026-01-30T08:50:00.548Z,1681,FG-B,BATCH-1003,DAY,normal,0,0
1683,2026-01-30T08:50:00.548Z,2026-01-30T08:50:03.796Z,3248,FG-B,BATCH-1003,DAY,slow_cycle,0,1
1684,2026-01-30T08:50:03.796Z,2026-01-30T08:50:05.573Z,1777,FG-B,BATCH-1003,DAY,normal,0,0
1685,2026-01-30T08:50:05.573Z,2026-01-30T08:50:06.997Z,1424,FG-B,BATCH-1003,DAY,normal,0,0
1686,2026-01-30T08:50:06.997Z,2026-01-30T08:50:08.488Z,1491,FG-B,BATCH-1003,DAY,fast_cycle,0,0
1687,2026-01-30T08:50:08.488Z,2026-01-30T08:50:10.193Z,1705,FG-B,BATCH-1003,DAY,normal,0,0
1688,2026-01-30T08:50:10.193Z,2026-01-30T08:50:11.794Z,1601,FG-B,BATCH-1003,DAY,normal,0,0
1689,2026-01-30T08:50:11.794Z,2026-01-30T08:50:13.298Z,1504,FG-B,BATCH-1003,DAY,normal,0,0
1690,2026-01-30T08:50:13.298Z,2026-01-30T08:50:14.699Z,1401,FG-B,BATCH-1003,DAY,normal,0,0
1691,2026-01-30T08:50:14.699Z,2026-01-30T08:50:16.236Z,1537,FG-B,BATCH-1003,DAY,normal,0,0
1692,2026-01-30T08:50:16.236Z,2026-01-30T08:50:17.731Z,1495,FG-B,BATCH-1003,DAY,normal,0,0
1693,2026-01-30T08:50:17.731Z,2026-01-30T08:50:19.351Z,1620,FG-B,BATCH-1003,DAY,normal,0,0
1694,2026-01-30T08:50:19.351Z,2026-01-30T08:50:20.993Z,1642,FG-B,BATCH-1003,DAY,normal,0,0
1695,2026-01-30T08:50:20.993Z,2026-01-30T08:50:22.721Z,1728,FG-B,BATCH-1003,DAY,normal,0,0
1696,2026-01-30T08:50:22.721Z,2026-01-30T08:50:24.426Z,1705,FG-B,BATCH-1003,DAY,normal,0,0
1697,2026-01-30T08:50:24.426Z,2026-01-30T08:50:25.674Z,1248,FG-B,BATCH-1003,DAY,fast_cycle,0,0
1698,2026-01-30T08:50:25.674Z,2026-01-30T08:50:27.416Z,1742,FG-B,BATCH-1003,DAY,normal,0,0
1699,2026-01-30T08:50:27.416Z,2026-01-30T08:50:29.210Z,1794,FG-B,BATCH-1003,DAY,normal,0,0
1700,2026-01-30T08:50:29.210Z,2026-01-30T08:50:30.949Z,1739,FG-B,BATCH-1003,DAY,normal,0,0
1701,2026-01-30T08:50:30.949Z,2026-01-30T08:50:32.639Z,1690,FG-B,BATCH-1003,DAY,normal,0,0
1702,2026-01-30T08:50:32.639Z,2026-01-30T08:50:34.343Z,1704,FG-B,BATCH-1003,DAY,normal,0,0
1703,2026-01-30T08:50:34.343Z,2026-01-30T08:50:36.004Z,1661,FG-B,BATCH-1003,DAY,normal,0,0
1704,2026-01-30T08:50:36.004Z,2026-01-30T08:50:37.654Z,1650,FG-B,BATCH-1003,DAY,normal,0,0
1705,2026-01-30T08:50:37.654Z,2026-01-30T08:50:39.398Z,1744,FG-B,BATCH-1003,DAY,normal,0,0
1706,2026-01-30T08:50:39.398Z,2026-01-30T08:50:41.102Z,1704,FG-B,BATCH-1003,DAY,normal,0,0
1707,2026-01-30T08:50:41.102Z,2026-01-30T08:50:42.660Z,1558,FG-B,BATCH-1003,DAY,normal,0,0
1708,2026-01-30T08:50:42.660Z,2026-01-30T08:50:44.274Z,1614,FG-B,BATCH-1003,DAY,normal,0,0
1709,2026-01-30T08:50:44.274Z,2026-01-30T08:50:45.877Z,1603,FG-B,BATCH-1003,DAY,normal,0,0
1710,2026-01-30T08:50:45.877Z,2026-01-30T08:50:47.558Z,1681,FG-B,BATCH-1003,DAY,normal,0,0
1711,2026-01-30T08:50:47.558Z,2026-01-30T08:50:49.197Z,1639,FG-B,BATCH-1003,DAY,normal,0,0
1712,2026-01-30T08:50:49.197Z,2026-01-30T08:50:50.798Z,1601,FG-B,BATCH-1003,DAY,normal,0,0
1713,2026-01-30T08:50:50.798Z,2026-01-30T08:50:52.543Z,1745,FG-B,BATCH-1003,DAY,normal,0,0
1714,2026-01-30T08:50:52.543Z,2026-01-30T08:50:54.050Z,1507,FG-B,BATCH-1003,DAY,fast_cycle,0,0
1715,2026-01-30T08:50:54.050Z,2026-01-30T08:50:55.661Z,1611,FG-B,BATCH-1003,DAY,normal,0,0
1716,2026-01-30T08:50:55.661Z,2026-01-30T08:50:57.177Z,1516,FG-B,BATCH-1003,DAY,normal,0,0
1717,2026-01-30T08:50:57.177Z,2026-01-30T08:50:58.767Z,1590,FG-B,BATCH-1003,DAY,normal,0,0
1718,2026-01-30T08:50:58.767Z,2026-01-30T08:51:00.395Z,1628,FG-B,BATCH-1003,DAY,normal,0,0
1719,2026-01-30T08:51:00.395Z,2026-01-30T08:51:01.987Z,1592,FG-B,BATCH-1003,DAY,normal,0,0
1720,2026-01-30T08:51:01.987Z,2026-01-30T08:51:03.528Z,1541,FG-B,BATCH-1003,DAY,normal,0,0
1721,2026-01-30T08:51:03.528Z,2026-01-30T08:51:05.316Z,1788,FG-B,BATCH-1003,DAY,normal,0,0
1722,2026-01-30T08:51:05.316Z,2026-01-30T08:51:06.599Z,1283,FG-B,BATCH-1003,DAY,fast_cycle,0,0
1723,2026-01-30T08:51:06.599Z,2026-01-30T08:51:08.216Z,1617,FG-B,BATCH-1003,DAY,normal,0,0
1724,2026-01-30T08:51:08.216Z,2026-01-30T08:51:09.822Z,1606,FG-B,BATCH-1003,DAY,normal,0,0
1725,2026-01-30T08:51:09.822Z,2026-01-30T08:51:11.311Z,1489,FG-B,BATCH-1003,DAY,normal,0,0
1726,2026-01-30T08:51:11.311Z,2026-01-30T08:51:13.032Z,1721,FG-B,BATCH-1003,DAY,normal,0,0
1727,2026-01-30T08:51:13.032Z,2026-01-30T08:51:14.872Z,1840,FG-B,BATCH-1003,DAY,normal,0,0
1728,2026-01-30T08:51:14.872Z,2026-01-30T08:51:16.539Z,1667,FG-B,BATCH-1003,DAY,normal,0,0
1729,2026-01-30T08:51:16.539Z,2026-01-30T08:51:18.028Z,1489,FG-B,BATCH-1003,DAY,normal,0,0
1730,2026-01-30T08:51:18.028Z,2026-01-30T08:51:19.827Z,1799,FG-B,BATCH-1003,DAY,normal,0,0
1731,2026-01-30T08:51:19.827Z,2026-01-30T08:51:21.383Z,1556,FG-B,BATCH-1003,DAY,normal,0,0
1732,2026-01-30T08:51:21.383Z,2026-01-30T08:51:22.887Z,1504,FG-B,BATCH-1003,DAY,normal,0,0
1733,2026-01-30T08:51:22.887Z,2026-01-30T08:51:24.566Z,1679,FG-B,BATCH-1003,DAY,normal,0,0
1734,2026-01-30T08:51:24.566Z,2026-01-30T08:51:25.747Z,1181,FG-B,BATCH-1003,DAY,fast_cycle,0,0
1735,2026-01-30T08:51:25.747Z,2026-01-30T08:51:27.384Z,1637,FG-B,BATCH-1003,DAY,normal,0,0
1736,2026-01-30T08:51:27.384Z,2026-01-30T08:51:28.908Z,1524,FG-B,BATCH-1003,DAY,normal,0,0
1737,2026-01-30T08:51:28.908Z,2026-01-30T08:51:30.556Z,1648,FG-B,BATCH-1003,DAY,normal,0,0
1738,2026-01-30T08:51:30.556Z,2026-01-30T08:51:32.057Z,1501,FG-B,BATCH-1003,DAY,normal,0,0
1739,2026-01-30T08:51:32.057Z,2026-01-30T08:51:33.620Z,1563,FG-B,BATCH-1003,DAY,normal,0,0
1740,2026-01-30T08:51:33.620Z,2026-01-30T08:51:35.097Z,1477,FG-B,BATCH-1003,DAY,normal,0,0
1741,2026-01-30T08:51:35.097Z,2026-01-30T08:51:36.617Z,1520,FG-B,BATCH-1003,DAY,normal,0,0
1742,2026-01-30T08:51:36.617Z,2026-01-30T08:51:38.462Z,1845,FG-B,BATCH-1003,DAY,normal,0,0
1743,2026-01-30T08:51:38.462Z,2026-01-30T08:51:40.070Z,1608,FG-B,BATCH-1003,DAY,normal,0,0
1744,2026-01-30T08:51:40.070Z,2026-01-30T08:51:41.951Z,1881,FG-B,BATCH-1003,DAY,normal,0,0
1745,2026-01-30T08:51:41.951Z,2026-01-30T08:51:43.529Z,1578,FG-B,BATCH-1003,DAY,normal,0,0
1746,2026-01-30T08:51:43.529Z,2026-01-30T08:51:45.038Z,1509,FG-B,BATCH-1003,DAY,normal,0,0
1747,2026-01-30T08:51:45.038Z,2026-01-30T08:51:46.750Z,1712,FG-B,BATCH-1003,DAY,normal,0,0
1748,2026-01-30T08:51:46.750Z,2026-01-30T08:51:48.328Z,1578,FG-B,BATCH-1003,DAY,normal,0,0
1749,2026-01-30T08:51:48.328Z,2026-01-30T08:51:49.783Z,1455,FG-B,BATCH-1003,DAY,normal,0,0
1750,2026-01-30T08:51:49.783Z,2026-01-30T08:51:51.375Z,1592,FG-B,BATCH-1003,DAY,normal,0,0
1751,2026-01-30T08:51:51.375Z,2026-01-30T08:51:52.963Z,1588,FG-B,BATCH-1003,DAY,normal,0,0
1752,2026-01-30T08:51:52.963Z,2026-01-30T08:51:54.518Z,1555,FG-B,BATCH-1003,DAY,normal,0,0
1753,2026-01-30T08:51:54.518Z,2026-01-30T08:51:56.270Z,1752,FG-B,BATCH-1003,DAY,normal,0,0
1754,2026-01-30T08:51:56.270Z,2026-01-30T08:51:58.013Z,1743,FG-B,BATCH-1003,DAY,normal,0,0
1755,2026-01-30T08:51:58.013Z,2026-01-30T08:51:59.618Z,1605,FG-B,BATCH-1003,DAY,normal,0,0
1756,2026-01-30T08:51:59.618Z,2026-01-30T08:52:01.318Z,1700,FG-B,BATCH-1003,DAY,normal,0,0
1757,2026-01-30T08:52:01.318Z,2026-01-30T08:52:03.011Z,1693,FG-B,BATCH-1003,DAY,normal,0,0
1758,2026-01-30T08:52:03.011Z,2026-01-30T08:52:04.596Z,1585,FG-B,BATCH-1003,DAY,normal,0,0
1759,2026-01-30T08:52:04.596Z,2026-01-30T08:52:06.144Z,1548,FG-B,BATCH-1003,DAY,normal,0,0
1760,2026-01-30T08:52:06.144Z,2026-01-30T08:52:07.736Z,1592,FG-B,BATCH-1003,DAY,normal,0,0
1761,2026-01-30T08:52:07.736Z,2026-01-30T08:52:09.549Z,1813,FG-B,BATCH-1003,DAY,normal,0,0
1762,2026-01-30T08:52:09.549Z,2026-01-30T08:52:11.235Z,1686,FG-B,BATCH-1003,DAY,normal,0,0
1763,2026-01-30T08:52:11.235Z,2026-01-30T08:52:12.877Z,1642,FG-B,BATCH-1003,DAY,normal,0,0
1764,2026-01-30T08:52:12.877Z,2026-01-30T08:52:14.510Z,1633,FG-B,BATCH-1003,DAY,normal,0,0
1765,2026-01-30T08:52:14.510Z,2026-01-30T08:52:16.087Z,1577,FG-B,BATCH-1003,DAY,normal,0,0
1766,2026-01-30T08:52:16.087Z,2026-01-30T08:52:17.797Z,1710,FG-B,BATCH-1003,DAY,normal,0,0
1767,2026-01-30T08:52:17.797Z,2026-01-30T08:52:19.307Z,1510,FG-B,BATCH-1003,DAY,normal,0,0
1768,2026-01-30T08:52:19.307Z,2026-01-30T08:52:21.110Z,1803,FG-B,BATCH-1003,DAY,normal,0,0
1769,2026-01-30T08:52:21.110Z,2026-01-30T08:52:22.778Z,1668,FG-B,BATCH-1003,DAY,normal,0,0
1770,2026-01-30T08:52:22.778Z,2026-01-30T08:52:24.398Z,1620,FG-B,BATCH-1003,DAY,normal,0,0
1771,2026-01-30T08:52:24.398Z,2026-01-30T08:52:25.841Z,1443,FG-B,BATCH-1003,DAY,normal,0,0
1772,2026-01-30T08:52:25.841Z,2026-01-30T08:52:27.486Z,1645,FG-B,BATCH-1003,DAY,normal,0,0
1773,2026-01-30T08:52:27.486Z,2026-01-30T08:52:29.284Z,1798,FG-B,BATCH-1003,DAY,normal,0,0
1774,2026-01-30T08:52:29.284Z,2026-01-30T08:52:30.805Z,1521,FG-B,BATCH-1003,DAY,normal,0,0
1775,2026-01-30T08:52:30.805Z,2026-01-30T08:52:32.250Z,1445,FG-B,BATCH-1003,DAY,normal,0,0
1776,2026-01-30T08:52:32.250Z,2026-01-30T08:52:33.963Z,1713,FG-B,BATCH-1003,DAY,normal,0,0
1777,2026-01-30T08:52:33.963Z,2026-01-30T08:52:36.584Z,2621,FG-B,BATCH-1003,DAY,slow_cycle,0,1
1778,2026-01-30T08:52:36.584Z,2026-01-30T08:52:38.095Z,1511,FG-B,BATCH-1003,DAY,normal,0,0
1779,2026-01-30T08:52:38.095Z,2026-01-30T08:52:39.613Z,1518,FG-B,BATCH-1003,DAY,normal,0,0
1780,2026-01-30T08:52:39.613Z,2026-01-30T08:52:41.370Z,1757,FG-B,BATCH-1003,DAY,normal,0,0
1781,2026-01-30T08:52:41.370Z,2026-01-30T08:52:42.923Z,1553,FG-B,BATCH-1003,DAY,normal,0,0
1782,2026-01-30T08:52:42.923Z,2026-01-30T08:52:44.430Z,1507,FG-B,BATCH-1003,DAY,normal,0,0
1783,2026-01-30T08:52:44.430Z,2026-01-30T08:52:46.024Z,1594,FG-B,BATCH-1003,DAY,normal,0,0
1784,2026-01-30T08:52:46.024Z,2026-01-30T08:52:47.639Z,1615,FG-B,BATCH-1003,DAY,normal,0,0
1785,2026-01-30T08:52:47.639Z,2026-01-30T08:52:49.327Z,1688,FG-B,BATCH-1003,DAY,normal,0,0
1786,2026-01-30T08:52:49.327Z,2026-01-30T08:52:51.010Z,1683,FG-B,BATCH-1003,DAY,normal,0,0
1787,2026-01-30T08:52:51.010Z,2026-01-30T08:52:52.742Z,1732,FG-B,BATCH-1003,DAY,normal,0,0
1788,2026-01-30T08:52:52.742Z,2026-01-30T08:52:54.325Z,1583,FG-B,BATCH-1003,DAY,normal,0,0
1789,2026-01-30T08:52:54.325Z,2026-01-30T08:52:55.938Z,1613,FG-B,BATCH-1003,DAY,normal,0,0
1790,2026-01-30T08:52:55.938Z,2026-01-30T08:52:57.496Z,1558,FG-B,BATCH-1003,DAY,normal,0,0
1791,2026-01-30T08:52:57.496Z,2026-01-30T08:52:59.257Z,1761,FG-B,BATCH-1003,DAY,normal,0,0
1792,2026-01-30T08:52:59.257Z,2026-01-30T08:53:00.873Z,1616,FG-B,BATCH-1003,DAY,normal,0,0
1793,2026-01-30T08:53:00.873Z,2026-01-30T08:53:02.530Z,1657,FG-B,BATCH-1003,DAY,normal,0,0
1794,2026-01-30T08:53:02.530Z,2026-01-30T08:53:04.102Z,1572,FG-B,BATCH-1003,DAY,normal,0,0
1795,2026-01-30T08:53:04.102Z,2026-01-30T08:53:05.638Z,1536,FG-B,BATCH-1003,DAY,normal,0,0
1796,2026-01-30T08:53:05.638Z,2026-01-30T08:53:07.285Z,1647,FG-B,BATCH-1003,DAY,normal,0,0
1797,2026-01-30T08:53:07.285Z,2026-01-30T08:53:08.833Z,1548,FG-B,BATCH-1003,DAY,normal,0,0
1798,2026-01-30T08:53:08.833Z,2026-01-30T08:53:10.565Z,1732,FG-B,BATCH-1003,DAY,normal,0,0
1799,2026-01-30T08:53:10.565Z,2026-01-30T08:53:12.241Z,1676,FG-B,BATCH-1003,DAY,normal,0,0
1800,2026-01-30T08:53:12.241Z,2026-01-30T08:53:13.926Z,1685,FG-B,BATCH-1003,DAY,normal,0,0
1801,2026-01-30T08:53:13.926Z,2026-01-30T08:53:15.592Z,1666,FG-B,BATCH-1003,DAY,normal,0,0
1802,2026-01-30T08:53:15.592Z,2026-01-30T08:53:17.178Z,1586,FG-B,BATCH-1003,DAY,normal,0,0
1803,2026-01-30T08:53:17.178Z,2026-01-30T08:53:18.858Z,1680,FG-B,BATCH-1003,DAY,normal,0,0
1804,2026-01-30T08:53:18.858Z,2026-01-30T08:53:20.664Z,1806,FG-B,BATCH-1003,DAY,normal,0,0
1805,2026-01-30T08:53:20.664Z,2026-01-30T08:53:33.375Z,12711,FG-B,BATCH-1003,DAY,long_gap,1,1
1806,2026-01-30T08:53:33.375Z,2026-01-30T08:53:34.809Z,1434,FG-B,BATCH-1003,DAY,normal,0,0
1807,2026-01-30T08:53:34.809Z,2026-01-30T08:53:36.506Z,1697,FG-B,BATCH-1003,DAY,normal,0,0
1808,2026-01-30T08:53:36.506Z,2026-01-30T08:53:38.273Z,1767,FG-B,BATCH-1003,DAY,normal,0,0
1809,2026-01-30T08:53:38.273Z,2026-01-30T08:53:39.864Z,1591,FG-B,BATCH-1003,DAY,normal,0,0
1810,2026-01-30T08:53:39.864Z,2026-01-30T08:53:41.580Z,1716,FG-B,BATCH-1003,DAY,normal,0,0
1811,2026-01-30T08:53:41.580Z,2026-01-30T08:53:43.176Z,1596,FG-B,BATCH-1003,DAY,normal,0,0
1812,2026-01-30T08:53:43.176Z,2026-01-30T08:53:44.954Z,1778,FG-B,BATCH-1003,DAY,normal,0,0
1813,2026-01-30T08:53:44.954Z,2026-01-30T08:53:46.488Z,1534,FG-B,BATCH-1003,DAY,normal,0,0
1814,2026-01-30T08:53:46.488Z,2026-01-30T08:53:48.089Z,1601,FG-B,BATCH-1003,DAY,normal,0,0
1815,2026-01-30T08:53:48.089Z,2026-01-30T08:53:49.726Z,1637,FG-B,BATCH-1003,DAY,normal,0,0
1816,2026-01-30T08:53:49.726Z,2026-01-30T08:53:51.123Z,1397,FG-B,BATCH-1003,DAY,normal,0,0
1817,2026-01-30T08:53:51.123Z,2026-01-30T08:53:52.730Z,1607,FG-B,BATCH-1003,DAY,normal,0,0
1818,2026-01-30T08:53:52.730Z,2026-01-30T08:53:54.346Z,1616,FG-B,BATCH-1003,DAY,normal,0,0
1819,2026-01-30T08:53:54.346Z,2026-01-30T08:53:55.970Z,1624,FG-B,BATCH-1003,DAY,normal,0,0
1820,2026-01-30T08:53:55.970Z,2026-01-30T08:53:57.625Z,1655,FG-B,BATCH-1003,DAY,normal,0,0
1821,2026-01-30T08:53:57.625Z,2026-01-30T08:53:59.064Z,1439,FG-B,BATCH-1003,DAY,normal,0,0
1822,2026-01-30T08:53:59.064Z,2026-01-30T08:54:00.547Z,1483,FG-B,BATCH-1003,DAY,normal,0,0
1823,2026-01-30T08:54:00.547Z,2026-01-30T08:54:02.139Z,1592,FG-B,BATCH-1003,DAY,normal,0,0
1824,2026-01-30T08:54:02.139Z,2026-01-30T08:54:03.629Z,1490,FG-B,BATCH-1003,DAY,normal,0,0
1825,2026-01-30T08:54:03.629Z,2026-01-30T08:54:05.076Z,1447,FG-B,BATCH-1003,DAY,normal,0,0
1826,2026-01-30T08:54:05.076Z,2026-01-30T08:54:06.620Z,1544,FG-B,BATCH-1003,DAY,normal,0,0
1827,2026-01-30T08:54:06.620Z,2026-01-30T08:54:07.953Z,1333,FG-B,BATCH-1003,DAY,fast_cycle,0,0
1828,2026-01-30T08:54:07.953Z,2026-01-30T08:54:09.463Z,1510,FG-B,BATCH-1003,DAY,normal,0,0
1829,2026-01-30T08:54:09.463Z,2026-01-30T08:54:11.044Z,1581,FG-B,BATCH-1003,DAY,normal,0,0
1830,2026-01-30T08:54:11.044Z,2026-01-30T08:54:12.567Z,1523,FG-B,BATCH-1003,DAY,normal,0,0
1831,2026-01-30T08:54:12.567Z,2026-01-30T08:54:15.787Z,3220,FG-B,BATCH-1003,DAY,slow_cycle,0,1
1832,2026-01-30T08:54:15.787Z,2026-01-30T08:54:17.280Z,1493,FG-B,BATCH-1003,DAY,normal,0,0
1833,2026-01-30T08:54:17.280Z,2026-01-30T08:54:18.876Z,1596,FG-B,BATCH-1003,DAY,normal,0,0
1834,2026-01-30T08:54:18.876Z,2026-01-30T08:54:20.374Z,1498,FG-B,BATCH-1003,DAY,normal,0,0
1835,2026-01-30T08:54:20.374Z,2026-01-30T08:54:21.923Z,1549,FG-B,BATCH-1003,DAY,normal,0,0
1836,2026-01-30T08:54:21.923Z,2026-01-30T08:54:23.679Z,1756,FG-B,BATCH-1003,DAY,normal,0,0
1837,2026-01-30T08:54:23.679Z,2026-01-30T08:54:25.407Z,1728,FG-B,BATCH-1003,DAY,normal,0,0
1838,2026-01-30T08:54:25.407Z,2026-01-30T08:54:27.041Z,1634,FG-B,BATCH-1003,DAY,normal,0,0
1839,2026-01-30T08:54:27.041Z,2026-01-30T08:54:28.564Z,1523,FG-B,BATCH-1003,DAY,normal,0,0
1840,2026-01-30T08:54:28.564Z,2026-01-30T08:54:30.073Z,1509,FG-B,BATCH-1003,DAY,normal,0,0
1841,2026-01-30T08:54:30.073Z,2026-01-30T08:54:31.716Z,1643,FG-B,BATCH-1003,DAY,normal,0,0
1842,2026-01-30T08:54:31.716Z,2026-01-30T08:54:33.375Z,1659,FG-B,BATCH-1003,DAY,normal,0,0
1843,2026-01-30T08:54:33.375Z,2026-01-30T08:54:34.885Z,1510,FG-B,BATCH-1003,DAY,normal,0,0
1844,2026-01-30T08:54:34.885Z,2026-01-30T08:54:36.416Z,1531,FG-B,BATCH-1003,DAY,normal,0,0
1845,2026-01-30T08:54:36.416Z,2026-01-30T08:54:37.851Z,1435,FG-B,BATCH-1003,DAY,normal,0,0
1846,2026-01-30T08:54:37.851Z,2026-01-30T08:54:39.313Z,1462,FG-B,BATCH-1003,DAY,normal,0,0
1847,2026-01-30T08:54:39.313Z,2026-01-30T08:54:41.103Z,1790,FG-B,BATCH-1003,DAY,normal,0,0
1848,2026-01-30T08:54:41.103Z,2026-01-30T08:54:42.733Z,1630,FG-B,BATCH-1003,DAY,normal,0,0
1849,2026-01-30T08:54:42.733Z,2026-01-30T08:54:44.363Z,1630,FG-B,BATCH-1003,DAY,normal,0,0
1850,2026-01-30T08:54:44.363Z,2026-01-30T08:54:46.063Z,1700,FG-B,BATCH-1003,DAY,normal,0,0
1851,2026-01-30T08:54:46.063Z,2026-01-30T08:54:47.660Z,1597,FG-B,BATCH-1003,DAY,normal,0,0
1852,2026-01-30T08:54:47.660Z,2026-01-30T08:54:49.229Z,1569,FG-B,BATCH-1003,DAY,normal,0,0
1853,2026-01-30T08:54:49.229Z,2026-01-30T08:54:50.933Z,1704,FG-B,BATCH-1003,DAY,normal,0,0
1854,2026-01-30T08:54:50.933Z,2026-01-30T08:54:52.591Z,1658,FG-B,BATCH-1003,DAY,normal,0,0
1855,2026-01-30T08:54:52.591Z,2026-01-30T08:54:54.271Z,1680,FG-B,BATCH-1003,DAY,normal,0,0
1856,2026-01-30T08:54:54.271Z,2026-01-30T08:54:55.965Z,1694,FG-B,BATCH-1003,DAY,normal,0,0
1857,2026-01-30T08:54:55.965Z,2026-01-30T08:54:57.742Z,1777,FG-B,BATCH-1003,DAY,normal,0,0
1858,2026-01-30T08:54:57.742Z,2026-01-30T08:54:59.643Z,1901,FG-B,BATCH-1003,DAY,normal,0,0
1859,2026-01-30T08:54:59.643Z,2026-01-30T08:55:01.139Z,1496,FG-B,BATCH-1003,DAY,normal,0,0
1860,2026-01-30T08:55:01.139Z,2026-01-30T08:55:02.752Z,1613,FG-B,BATCH-1003,DAY,normal,0,0
1861,2026-01-30T08:55:02.752Z,2026-01-30T08:55:04.408Z,1656,FG-B,BATCH-1003,DAY,normal,0,0
1862,2026-01-30T08:55:04.408Z,2026-01-30T08:55:05.945Z,1537,FG-B,BATCH-1003,DAY,normal,0,0
1863,2026-01-30T08:55:05.945Z,2026-01-30T08:55:07.574Z,1629,FG-B,BATCH-1003,DAY,normal,0,0
1864,2026-01-30T08:55:07.574Z,2026-01-30T08:55:09.302Z,1728,FG-B,BATCH-1003,DAY,normal,0,0
1865,2026-01-30T08:55:09.302Z,2026-01-30T08:55:11.001Z,1699,FG-B,BATCH-1003,DAY,normal,0,0
1866,2026-01-30T08:55:11.001Z,2026-01-30T08:55:12.497Z,1496,FG-B,BATCH-1003,DAY,normal,0,0
1867,2026-01-30T08:55:12.497Z,2026-01-30T08:55:14.158Z,1661,FG-B,BATCH-1003,DAY,normal,0,0
1868,2026-01-30T08:55:14.158Z,2026-01-30T08:55:15.696Z,1538,FG-B,BATCH-1003,DAY,normal,0,0
1869,2026-01-30T08:55:15.696Z,2026-01-30T08:55:17.281Z,1585,FG-B,BATCH-1003,DAY,normal,0,0
1870,2026-01-30T08:55:17.281Z,2026-01-30T08:55:18.973Z,1692,FG-B,BATCH-1003,DAY,normal,0,0
1871,2026-01-30T08:55:18.973Z,2026-01-30T08:55:20.596Z,1623,FG-B,BATCH-1003,DAY,normal,0,0
1872,2026-01-30T08:55:20.596Z,2026-01-30T08:55:22.049Z,1453,FG-B,BATCH-1003,DAY,normal,0,0
1873,2026-01-30T08:55:22.049Z,2026-01-30T08:55:23.741Z,1692,FG-B,BATCH-1003,DAY,normal,0,0
1874,2026-01-30T08:55:23.741Z,2026-01-30T08:55:25.438Z,1697,FG-B,BATCH-1003,DAY,normal,0,0
1875,2026-01-30T08:55:25.438Z,2026-01-30T08:55:26.985Z,1547,FG-B,BATCH-1003,DAY,normal,0,0
1876,2026-01-30T08:55:26.985Z,2026-01-30T08:55:28.549Z,1564,FG-B,BATCH-1003,DAY,normal,0,0
1877,2026-01-30T08:55:28.549Z,2026-01-30T08:55:30.150Z,1601,FG-B,BATCH-1003,DAY,normal,0,0
1878,2026-01-30T08:55:30.150Z,2026-01-30T08:55:31.803Z,1653,FG-B,BATCH-1003,DAY,normal,0,0
1879,2026-01-30T08:55:31.803Z,2026-01-30T08:55:33.382Z,1579,FG-B,BATCH-1003,DAY,normal,0,0
1880,2026-01-30T08:55:33.382Z,2026-01-30T08:55:35.030Z,1648,FG-B,BATCH-1003,DAY,normal,0,0
1881,2026-01-30T08:55:35.030Z,2026-01-30T08:55:37.933Z,2903,FG-B,BATCH-1003,DAY,slow_cycle,0,1
1882,2026-01-30T08:55:37.933Z,2026-01-30T08:55:39.676Z,1743,FG-B,BATCH-1003,DAY,normal,0,0
1883,2026-01-30T08:55:39.676Z,2026-01-30T08:55:41.320Z,1644,FG-B,BATCH-1003,DAY,normal,0,0
1884,2026-01-30T08:55:41.320Z,2026-01-30T08:55:43.039Z,1719,FG-B,BATCH-1003,DAY,normal,0,0
1885,2026-01-30T08:55:43.039Z,2026-01-30T08:55:44.591Z,1552,FG-B,BATCH-1003,DAY,normal,0,0
1886,2026-01-30T08:55:44.591Z,2026-01-30T08:55:46.048Z,1457,FG-B,BATCH-1003,DAY,normal,0,0
1887,2026-01-30T08:55:46.048Z,2026-01-30T08:55:47.696Z,1648,FG-B,BATCH-1003,DAY,normal,0,0
1888,2026-01-30T08:55:47.696Z,2026-01-30T08:55:49.336Z,1640,FG-B,BATCH-1003,DAY,normal,0,0
1889,2026-01-30T08:55:49.336Z,2026-01-30T08:55:50.802Z,1466,FG-B,BATCH-1003,DAY,normal,0,0
1890,2026-01-30T08:55:50.802Z,2026-01-30T08:55:52.325Z,1523,FG-B,BATCH-1003,DAY,normal,0,0
1891,2026-01-30T08:55:52.325Z,2026-01-30T08:55:53.937Z,1612,FG-B,BATCH-1003,DAY,normal,0,0
1892,2026-01-30T08:55:53.937Z,2026-01-30T08:55:55.655Z,1718,FG-B,BATCH-1003,DAY,normal,0,0
1893,2026-01-30T08:55:55.655Z,2026-01-30T08:55:57.133Z,1478,FG-B,BATCH-1003,DAY,normal,0,0
1894,2026-01-30T08:55:57.133Z,2026-01-30T08:55:58.648Z,1515,FG-B,BATCH-1003,DAY,normal,0,0
1895,2026-01-30T08:55:58.648Z,2026-01-30T08:56:00.257Z,1609,FG-B,BATCH-1003,DAY,normal,0,0
1896,2026-01-30T08:56:00.257Z,2026-01-30T08:56:01.741Z,1484,FG-B,BATCH-1003,DAY,normal,0,0
1897,2026-01-30T08:56:01.741Z,2026-01-30T08:56:03.149Z,1408,FG-B,BATCH-1003,DAY,normal,0,0
1898,2026-01-30T08:56:03.149Z,2026-01-30T08:56:04.724Z,1575,FG-B,BATCH-1003,DAY,normal,0,0
1899,2026-01-30T08:56:04.724Z,2026-01-30T08:56:06.393Z,1669,FG-B,BATCH-1003,DAY,normal,0,0
1900,2026-01-30T08:56:06.393Z,2026-01-30T08:56:07.991Z,1598,FG-B,BATCH-1003,DAY,normal,0,0
1901,2026-01-30T08:56:07.991Z,2026-01-30T08:56:09.629Z,1638,FG-B,BATCH-1003,DAY,normal,0,0
1902,2026-01-30T08:56:09.629Z,2026-01-30T08:56:11.177Z,1548,FG-B,BATCH-1003,DAY,normal,0,0
1903,2026-01-30T08:56:11.177Z,2026-01-30T08:56:12.529Z,1352,FG-B,BATCH-1003,DAY,fast_cycle,0,0
1904,2026-01-30T08:56:12.529Z,2026-01-30T08:56:14.079Z,1550,FG-B,BATCH-1003,DAY,normal,0,0
1905,2026-01-30T08:56:14.079Z,2026-01-30T08:56:15.828Z,1749,FG-B,BATCH-1003,DAY,normal,0,0
1906,2026-01-30T08:56:15.828Z,2026-01-30T08:56:17.482Z,1654,FG-B,BATCH-1003,DAY,normal,0,0
1907,2026-01-30T08:56:17.482Z,2026-01-30T08:56:19.035Z,1553,FG-B,BATCH-1003,DAY,normal,0,0
1908,2026-01-30T08:56:19.035Z,2026-01-30T08:56:20.600Z,1565,FG-B,BATCH-1003,DAY,normal,0,0
1909,2026-01-30T08:56:20.600Z,2026-01-30T08:56:22.142Z,1542,FG-B,BATCH-1003,DAY,normal,0,0
1910,2026-01-30T08:56:22.142Z,2026-01-30T08:56:23.666Z,1524,FG-B,BATCH-1003,DAY,normal,0,0
1911,2026-01-30T08:56:23.666Z,2026-01-30T08:56:25.272Z,1606,FG-B,BATCH-1003,DAY,normal,0,0
1912,2026-01-30T08:56:25.272Z,2026-01-30T08:56:26.773Z,1501,FG-B,BATCH-1003,DAY,normal,0,0
1913,2026-01-30T08:56:26.773Z,2026-01-30T08:56:28.541Z,1768,FG-B,BATCH-1003,DAY,normal,0,0
1914,2026-01-30T08:56:28.541Z,2026-01-30T08:56:30.068Z,1527,FG-B,BATCH-1003,DAY,normal,0,0
1915,2026-01-30T08:56:30.068Z,2026-01-30T08:56:31.615Z,1547,FG-B,BATCH-1003,DAY,normal,0,0
1916,2026-01-30T08:56:31.615Z,2026-01-30T08:56:33.351Z,1736,FG-B,BATCH-1003,DAY,normal,0,0
1917,2026-01-30T08:56:33.351Z,2026-01-30T08:56:35.030Z,1679,FG-B,BATCH-1003,DAY,normal,0,0
1918,2026-01-30T08:56:35.030Z,2026-01-30T08:56:36.547Z,1517,FG-B,BATCH-1003,DAY,normal,0,0
1919,2026-01-30T08:56:36.547Z,2026-01-30T08:56:38.277Z,1730,FG-B,BATCH-1003,DAY,normal,0,0
1920,2026-01-30T08:56:38.277Z,2026-01-30T08:56:39.949Z,1672,FG-B,BATCH-1003,DAY,normal,0,0
1921,2026-01-30T08:56:39.949Z,2026-01-30T08:56:41.423Z,1474,FG-B,BATCH-1003,DAY,normal,0,0
1922,2026-01-30T08:56:41.423Z,2026-01-30T08:56:43.051Z,1628,FG-B,BATCH-1003,DAY,normal,0,0
1923,2026-01-30T08:56:43.051Z,2026-01-30T08:56:45.472Z,2421,FG-B,BATCH-1003,DAY,slow_cycle,0,1
1924,2026-01-30T08:56:45.472Z,2026-01-30T08:56:47.036Z,1564,FG-B,BATCH-1003,DAY,normal,0,0
1925,2026-01-30T08:56:47.036Z,2026-01-30T08:56:51.970Z,4934,FG-B,BATCH-1003,DAY,jam_recovery,0,1
1926,2026-01-30T08:56:51.970Z,2026-01-30T08:56:53.653Z,1683,FG-B,BATCH-1003,DAY,normal,0,0
1927,2026-01-30T08:56:53.653Z,2026-01-30T08:56:55.292Z,1639,FG-B,BATCH-1003,DAY,normal,0,0
1928,2026-01-30T08:56:55.292Z,2026-01-30T08:56:58.370Z,3078,FG-B,BATCH-1003,DAY,slow_cycle,0,1
1929,2026-01-30T08:56:58.370Z,2026-01-30T08:56:59.912Z,1542,FG-B,BATCH-1003,DAY,normal,0,0
1930,2026-01-30T08:56:59.912Z,2026-01-30T08:57:01.517Z,1605,FG-B,BATCH-1003,DAY,normal,0,0
1931,2026-01-30T08:57:01.517Z,2026-01-30T08:57:03.170Z,1653,FG-B,BATCH-1003,DAY,normal,0,0
1932,2026-01-30T08:57:03.170Z,2026-01-30T08:57:04.823Z,1653,FG-B,BATCH-1003,DAY,normal,0,0
1933,2026-01-30T08:57:04.823Z,2026-01-30T08:57:06.393Z,1570,FG-B,BATCH-1003,DAY,normal,0,0
1934,2026-01-30T08:57:06.393Z,2026-01-30T08:57:08.055Z,1662,FG-B,BATCH-1003,DAY,normal,0,0
1935,2026-01-30T08:57:08.055Z,2026-01-30T08:57:09.499Z,1444,FG-B,BATCH-1003,DAY,normal,0,0
1936,2026-01-30T08:57:09.499Z,2026-01-30T08:57:11.098Z,1599,FG-B,BATCH-1003,DAY,normal,0,0
1937,2026-01-30T08:57:11.098Z,2026-01-30T08:57:12.863Z,1765,FG-B,BATCH-1003,DAY,normal,0,0
1938,2026-01-30T08:57:12.863Z,2026-01-30T08:57:14.418Z,1555,FG-B,BATCH-1003,DAY,normal,0,0
1939,2026-01-30T08:57:14.418Z,2026-01-30T08:57:15.994Z,1576,FG-B,BATCH-1003,DAY,normal,0,0
1940,2026-01-30T08:57:15.994Z,2026-01-30T08:57:17.662Z,1668,FG-B,BATCH-1003,DAY,normal,0,0
1941,2026-01-30T08:57:17.662Z,2026-01-30T08:57:19.454Z,1792,FG-B,BATCH-1003,DAY,normal,0,0
1942,2026-01-30T08:57:19.454Z,2026-01-30T08:57:21.091Z,1637,FG-B,BATCH-1003,DAY,normal,0,0
1943,2026-01-30T08:57:21.091Z,2026-01-30T08:57:22.738Z,1647,FG-B,BATCH-1003,DAY,normal,0,0
1944,2026-01-30T08:57:22.738Z,2026-01-30T08:57:24.511Z,1773,FG-B,BATCH-1003,DAY,normal,0,0
1945,2026-01-30T08:57:24.511Z,2026-01-30T08:57:26.163Z,1652,FG-B,BATCH-1003,DAY,normal,0,0
1946,2026-01-30T08:57:26.163Z,2026-01-30T08:57:27.725Z,1562,FG-B,BATCH-1003,DAY,normal,0,0
1947,2026-01-30T08:57:27.725Z,2026-01-30T08:57:29.342Z,1617,FG-B,BATCH-1003,DAY,normal,0,0
1948,2026-01-30T08:57:29.342Z,2026-01-30T08:57:31.084Z,1742,FG-B,BATCH-1003,DAY,normal,0,0
1949,2026-01-30T08:57:31.084Z,2026-01-30T08:57:32.596Z,1512,FG-B,BATCH-1003,DAY,normal,0,0
1950,2026-01-30T08:57:32.596Z,2026-01-30T08:57:34.188Z,1592,FG-B,BATCH-1003,DAY,normal,0,0
1951,2026-01-30T08:57:34.188Z,2026-01-30T08:57:35.820Z,1632,FG-B,BATCH-1003,DAY,normal,0,0
1952,2026-01-30T08:57:35.820Z,2026-01-30T08:57:37.485Z,1665,FG-B,BATCH-1003,DAY,normal,0,0
1953,2026-01-30T08:57:37.485Z,2026-01-30T08:57:38.937Z,1452,FG-B,BATCH-1003,DAY,normal,0,0
1954,2026-01-30T08:57:38.937Z,2026-01-30T08:57:40.539Z,1602,FG-B,BATCH-1003,DAY,normal,0,0
1955,2026-01-30T08:57:40.539Z,2026-01-30T08:57:41.989Z,1450,FG-B,BATCH-1003,DAY,normal,0,0
1956,2026-01-30T08:57:41.989Z,2026-01-30T08:57:43.672Z,1683,FG-B,BATCH-1003,DAY,normal,0,0
1957,2026-01-30T08:57:43.672Z,2026-01-30T08:57:45.363Z,1691,FG-B,BATCH-1003,DAY,normal,0,0
1958,2026-01-30T08:57:45.363Z,2026-01-30T08:57:46.933Z,1570,FG-B,BATCH-1003,DAY,normal,0,0
1959,2026-01-30T08:57:46.933Z,2026-01-30T08:57:48.733Z,1800,FG-B,BATCH-1003,DAY,normal,0,0
1960,2026-01-30T08:57:48.733Z,2026-01-30T08:57:50.300Z,1567,FG-B,BATCH-1003,DAY,normal,0,0
1961,2026-01-30T08:57:50.300Z,2026-01-30T08:57:51.748Z,1448,FG-B,BATCH-1003,DAY,normal,0,0
1962,2026-01-30T08:57:51.748Z,2026-01-30T08:57:53.496Z,1748,FG-B,BATCH-1003,DAY,normal,0,0
1963,2026-01-30T08:57:53.496Z,2026-01-30T08:57:55.112Z,1616,FG-B,BATCH-1003,DAY,normal,0,0
1964,2026-01-30T08:57:55.112Z,2026-01-30T08:57:56.686Z,1574,FG-B,BATCH-1003,DAY,normal,0,0
1965,2026-01-30T08:57:56.686Z,2026-01-30T08:57:58.337Z,1651,FG-B,BATCH-1003,DAY,normal,0,0
1966,2026-01-30T08:57:58.337Z,2026-01-30T08:58:00.007Z,1670,FG-B,BATCH-1003,DAY,normal,0,0
1967,2026-01-30T08:58:00.007Z,2026-01-30T08:58:01.537Z,1530,FG-B,BATCH-1003,DAY,normal,0,0
1968,2026-01-30T08:58:01.537Z,2026-01-30T08:58:03.079Z,1542,FG-B,BATCH-1003,DAY,normal,0,0
1969,2026-01-30T08:58:03.079Z,2026-01-30T08:58:04.544Z,1465,FG-B,BATCH-1003,DAY,normal,0,0
1970,2026-01-30T08:58:04.544Z,2026-01-30T08:58:06.062Z,1518,FG-B,BATCH-1003,DAY,normal,0,0
1971,2026-01-30T08:58:06.062Z,2026-01-30T08:58:07.681Z,1619,FG-B,BATCH-1003,DAY,normal,0,0
1972,2026-01-30T08:58:07.681Z,2026-01-30T08:58:09.259Z,1578,FG-B,BATCH-1003,DAY,normal,0,0
1973,2026-01-30T08:58:09.259Z,2026-01-30T08:58:10.949Z,1690,FG-B,BATCH-1003,DAY,normal,0,0
1974,2026-01-30T08:58:10.949Z,2026-01-30T08:58:12.643Z,1694,FG-B,BATCH-1003,DAY,normal,0,0
1975,2026-01-30T08:58:12.643Z,2026-01-30T08:58:14.141Z,1498,FG-B,BATCH-1003,DAY,normal,0,0
1976,2026-01-30T08:58:14.141Z,2026-01-30T08:58:15.731Z,1590,FG-B,BATCH-1003,DAY,normal,0,0
1977,2026-01-30T08:58:15.731Z,2026-01-30T08:58:17.285Z,1554,FG-B,BATCH-1003,DAY,normal,0,0
1978,2026-01-30T08:58:17.285Z,2026-01-30T08:58:18.829Z,1544,FG-B,BATCH-1003,DAY,normal,0,0
1979,2026-01-30T08:58:18.829Z,2026-01-30T08:58:20.539Z,1710,FG-B,BATCH-1003,DAY,normal,0,0
1980,2026-01-30T08:58:20.539Z,2026-01-30T08:58:28.279Z,7740,FG-B,BATCH-1003,DAY,long_gap,1,1
1981,2026-01-30T08:58:28.279Z,2026-01-30T08:58:30.094Z,1815,FG-B,BATCH-1003,DAY,normal,0,0
1982,2026-01-30T08:58:30.094Z,2026-01-30T08:58:31.792Z,1698,FG-B,BATCH-1003,DAY,normal,0,0
1983,2026-01-30T08:58:31.792Z,2026-01-30T08:58:33.354Z,1562,FG-B,BATCH-1003,DAY,normal,0,0
1984,2026-01-30T08:58:33.354Z,2026-01-30T08:58:34.984Z,1630,FG-B,BATCH-1003,DAY,normal,0,0
1985,2026-01-30T08:58:34.984Z,2026-01-30T08:58:36.604Z,1620,FG-B,BATCH-1003,DAY,normal,0,0
1986,2026-01-30T08:58:36.604Z,2026-01-30T08:58:38.124Z,1520,FG-B,BATCH-1003,DAY,normal,0,0
1987,2026-01-30T08:58:38.124Z,2026-01-30T08:58:39.655Z,1531,FG-B,BATCH-1003,DAY,normal,0,0
1988,2026-01-30T08:58:39.655Z,2026-01-30T08:58:41.428Z,1773,FG-B,BATCH-1003,DAY,normal,0,0
1989,2026-01-30T08:58:41.428Z,2026-01-30T08:58:42.976Z,1548,FG-B,BATCH-1003,DAY,normal,0,0
1990,2026-01-30T08:58:42.976Z,2026-01-30T08:58:44.624Z,1648,FG-B,BATCH-1003,DAY,normal,0,0
1991,2026-01-30T08:58:44.624Z,2026-01-30T08:58:46.363Z,1739,FG-B,BATCH-1003,DAY,normal,0,0
1992,2026-01-30T08:58:46.363Z,2026-01-30T08:58:48.095Z,1732,FG-B,BATCH-1003,DAY,normal,0,0
1993,2026-01-30T08:58:48.095Z,2026-01-30T08:58:49.728Z,1633,FG-B,BATCH-1003,DAY,normal,0,0
1994,2026-01-30T08:58:49.728Z,2026-01-30T08:58:51.346Z,1618,FG-B,BATCH-1003,DAY,normal,0,0
1995,2026-01-30T08:58:51.346Z,2026-01-30T08:58:59.560Z,8214,FG-B,BATCH-1003,DAY,long_gap,1,1
1996,2026-01-30T08:58:59.560Z,2026-01-30T08:59:01.331Z,1771,FG-B,BATCH-1003,DAY,normal,0,0
1997,2026-01-30T08:59:01.331Z,2026-01-30T08:59:02.933Z,1602,FG-B,BATCH-1003,DAY,normal,0,0
1998,2026-01-30T08:59:02.933Z,2026-01-30T08:59:04.440Z,1507,FG-B,BATCH-1003,DAY,normal,0,0
1999,2026-01-30T08:59:04.440Z,2026-01-30T08:59:05.986Z,1546,FG-B,BATCH-1003,DAY,normal,0,0
2000,2026-01-30T08:59:05.986Z,2026-01-30T08:59:07.657Z,1671,FG-B,BATCH-1004,DAY,normal,0,0
2001,2026-01-30T08:59:07.657Z,2026-01-30T08:59:09.304Z,1647,FG-B,BATCH-1004,DAY,normal,0,0
2002,2026-01-30T08:59:09.304Z,2026-01-30T08:59:10.768Z,1464,FG-B,BATCH-1004,DAY,normal,0,0
2003,2026-01-30T08:59:10.768Z,2026-01-30T08:59:12.572Z,1804,FG-B,BATCH-1004,DAY,normal,0,0
2004,2026-01-30T08:59:12.572Z,2026-01-30T08:59:14.251Z,1679,FG-B,BATCH-1004,DAY,normal,0,0
2005,2026-01-30T08:59:14.251Z,2026-01-30T08:59:16.061Z,1810,FG-B,BATCH-1004,DAY,normal,0,0
2006,2026-01-30T08:59:16.061Z,2026-01-30T08:59:17.628Z,1567,FG-B,BATCH-1004,DAY,normal,0,0
2007,2026-01-30T08:59:17.628Z,2026-01-30T08:59:19.257Z,1629,FG-B,BATCH-1004,DAY,normal,0,0
2008,2026-01-30T08:59:19.257Z,2026-01-30T08:59:21.023Z,1766,FG-B,BATCH-1004,DAY,normal,0,0
2009,2026-01-30T08:59:21.023Z,2026-01-30T08:59:22.571Z,1548,FG-B,BATCH-1004,DAY,normal,0,0
2010,2026-01-30T08:59:22.571Z,2026-01-30T08:59:24.223Z,1652,FG-B,BATCH-1004,DAY,normal,0,0
2011,2026-01-30T08:59:24.223Z,2026-01-30T08:59:25.712Z,1489,FG-B,BATCH-1004,DAY,normal,0,0
2012,2026-01-30T08:59:25.712Z,2026-01-30T08:59:27.165Z,1453,FG-B,BATCH-1004,DAY,normal,0,0
2013,2026-01-30T08:59:27.165Z,2026-01-30T08:59:28.706Z,1541,FG-B,BATCH-1004,DAY,normal,0,0
2014,2026-01-30T08:59:28.706Z,2026-01-30T08:59:30.207Z,1501,FG-B,BATCH-1004,DAY,normal,0,0
2015,2026-01-30T08:59:30.207Z,2026-01-30T08:59:32.677Z,2470,FG-B,BATCH-1004,DAY,slow_cycle,0,1
2016,2026-01-30T08:59:32.677Z,2026-01-30T08:59:34.403Z,1726,FG-B,BATCH-1004,DAY,normal,0,0
2017,2026-01-30T08:59:34.403Z,2026-01-30T08:59:36.062Z,1659,FG-B,BATCH-1004,DAY,normal,0,0
2018,2026-01-30T08:59:36.062Z,2026-01-30T08:59:37.675Z,1613,FG-B,BATCH-1004,DAY,normal,0,0
2019,2026-01-30T08:59:37.675Z,2026-01-30T08:59:39.360Z,1685,FG-B,BATCH-1004,DAY,normal,0,0
2020,2026-01-30T08:59:39.360Z,2026-01-30T08:59:41.142Z,1782,FG-B,BATCH-1004,DAY,normal,0,0
2021,2026-01-30T08:59:41.142Z,2026-01-30T08:59:42.756Z,1614,FG-B,BATCH-1004,DAY,normal,0,0
2022,2026-01-30T08:59:42.756Z,2026-01-30T08:59:44.277Z,1521,FG-B,BATCH-1004,DAY,normal,0,0
2023,2026-01-30T08:59:44.277Z,2026-01-30T08:59:45.723Z,1446,FG-B,BATCH-1004,DAY,normal,0,0
2024,2026-01-30T08:59:45.723Z,2026-01-30T08:59:47.237Z,1514,FG-B,BATCH-1004,DAY,normal,0,0
2025,2026-01-30T08:59:47.237Z,2026-01-30T08:59:48.852Z,1615,FG-B,BATCH-1004,DAY,normal,0,0
2026,2026-01-30T08:59:48.852Z,2026-01-30T08:59:50.590Z,1738,FG-B,BATCH-1004,DAY,normal,0,0
2027,2026-01-30T08:59:50.590Z,2026-01-30T08:59:52.145Z,1555,FG-B,BATCH-1004,DAY,normal,0,0
2028,2026-01-30T08:59:52.145Z,2026-01-30T08:59:53.795Z,1650,FG-B,BATCH-1004,DAY,normal,0,0
2029,2026-01-30T08:59:53.795Z,2026-01-30T08:59:55.544Z,1749,FG-B,BATCH-1004,DAY,normal,0,0
2030,2026-01-30T08:59:55.544Z,2026-01-30T08:59:57.167Z,1623,FG-B,BATCH-1004,DAY,normal,0,0
2031,2026-01-30T08:59:57.167Z,2026-01-30T08:59:58.837Z,1670,FG-B,BATCH-1004,DAY,normal,0,0
2032,2026-01-30T08:59:58.837Z,2026-01-30T09:00:00.606Z,1769,FG-B,BATCH-1004,DAY,normal,0,0
2033,2026-01-30T09:00:00.606Z,2026-01-30T09:00:02.340Z,1734,FG-B,BATCH-1004,DAY,normal,0,0
2034,2026-01-30T09:00:02.340Z,2026-01-30T09:00:03.819Z,1479,FG-B,BATCH-1004,DAY,normal,0,0
2035,2026-01-30T09:00:03.819Z,2026-01-30T09:00:08.479Z,4660,FG-B,BATCH-1004,DAY,jam_recovery,0,1
2036,2026-01-30T09:00:08.479Z,2026-01-30T09:00:09.999Z,1520,FG-B,BATCH-1004,DAY,normal,0,0
2037,2026-01-30T09:00:09.999Z,2026-01-30T09:00:11.524Z,1525,FG-B,BATCH-1004,DAY,normal,0,0
2038,2026-01-30T09:00:11.524Z,2026-01-30T09:00:13.199Z,1675,FG-B,BATCH-1004,DAY,normal,0,0
2039,2026-01-30T09:00:13.199Z,2026-01-30T09:00:14.718Z,1519,FG-B,BATCH-1004,DAY,normal,0,0
2040,2026-01-30T09:00:14.718Z,2026-01-30T09:00:16.306Z,1588,FG-B,BATCH-1004,DAY,normal,0,0
2041,2026-01-30T09:00:16.306Z,2026-01-30T09:00:17.656Z,1350,FG-B,BATCH-1004,DAY,fast_cycle,0,0
2042,2026-01-30T09:00:17.656Z,2026-01-30T09:00:19.139Z,1483,FG-B,BATCH-1004,DAY,normal,0,0
2043,2026-01-30T09:00:19.139Z,2026-01-30T09:00:20.755Z,1616,FG-B,BATCH-1004,DAY,normal,0,0
2044,2026-01-30T09:00:20.755Z,2026-01-30T09:00:22.332Z,1577,FG-B,BATCH-1004,DAY,normal,0,0
2045,2026-01-30T09:00:22.332Z,2026-01-30T09:00:23.877Z,1545,FG-B,BATCH-1004,DAY,normal,0,0
2046,2026-01-30T09:00:23.877Z,2026-01-30T09:00:26.289Z,2412,FG-B,BATCH-1004,DAY,slow_cycle,0,1
2047,2026-01-30T09:00:26.289Z,2026-01-30T09:00:27.924Z,1635,FG-B,BATCH-1004,DAY,normal,0,0
2048,2026-01-30T09:00:27.924Z,2026-01-30T09:00:29.464Z,1540,FG-B,BATCH-1004,DAY,normal,0,0
2049,2026-01-30T09:00:29.464Z,2026-01-30T09:00:31.180Z,1716,FG-B,BATCH-1004,DAY,normal,0,0
2050,2026-01-30T09:00:31.180Z,2026-01-30T09:00:32.788Z,1608,FG-B,BATCH-1004,DAY,normal,0,0
2051,2026-01-30T09:00:32.788Z,2026-01-30T09:00:34.494Z,1706,FG-B,BATCH-1004,DAY,normal,0,0
2052,2026-01-30T09:00:34.494Z,2026-01-30T09:00:36.027Z,1533,FG-B,BATCH-1004,DAY,normal,0,0
2053,2026-01-30T09:00:36.027Z,2026-01-30T09:00:37.626Z,1599,FG-B,BATCH-1004,DAY,normal,0,0
2054,2026-01-30T09:00:37.626Z,2026-01-30T09:00:39.271Z,1645,FG-B,BATCH-1004,DAY,normal,0,0
2055,2026-01-30T09:00:39.271Z,2026-01-30T09:00:40.808Z,1537,FG-B,BATCH-1004,DAY,normal,0,0
2056,2026-01-30T09:00:40.808Z,2026-01-30T09:00:42.345Z,1537,FG-B,BATCH-1004,DAY,normal,0,0
2057,2026-01-30T09:00:42.345Z,2026-01-30T09:00:43.912Z,1567,FG-B,BATCH-1004,DAY,normal,0,0
2058,2026-01-30T09:00:43.912Z,2026-01-30T09:00:45.519Z,1607,FG-B,BATCH-1004,DAY,normal,0,0
2059,2026-01-30T09:00:45.519Z,2026-01-30T09:00:47.218Z,1699,FG-B,BATCH-1004,DAY,normal,0,0
2060,2026-01-30T09:00:47.218Z,2026-01-30T09:00:48.868Z,1650,FG-B,BATCH-1004,DAY,normal,0,0
2061,2026-01-30T09:00:48.868Z,2026-01-30T09:00:50.452Z,1584,FG-B,BATCH-1004,DAY,normal,0,0
2062,2026-01-30T09:00:50.452Z,2026-01-30T09:00:51.737Z,1285,FG-B,BATCH-1004,DAY,normal,0,0
2063,2026-01-30T09:00:51.737Z,2026-01-30T09:00:53.335Z,1598,FG-B,BATCH-1004,DAY,normal,0,0
2064,2026-01-30T09:00:53.335Z,2026-01-30T09:00:54.902Z,1567,FG-B,BATCH-1004,DAY,normal,0,0
2065,2026-01-30T09:00:54.902Z,2026-01-30T09:00:56.335Z,1433,FG-B,BATCH-1004,DAY,normal,0,0
2066,2026-01-30T09:00:56.335Z,2026-01-30T09:00:57.845Z,1510,FG-B,BATCH-1004,DAY,normal,0,0
2067,2026-01-30T09:00:57.845Z,2026-01-30T09:00:59.402Z,1557,FG-B,BATCH-1004,DAY,normal,0,0
2068,2026-01-30T09:00:59.402Z,2026-01-30T09:01:01.041Z,1639,FG-B,BATCH-1004,DAY,normal,0,0
2069,2026-01-30T09:01:01.041Z,2026-01-30T09:01:02.538Z,1497,FG-B,BATCH-1004,DAY,normal,0,0
2070,2026-01-30T09:01:02.538Z,2026-01-30T09:01:04.089Z,1551,FG-B,BATCH-1004,DAY,normal,0,0
2071,2026-01-30T09:01:04.089Z,2026-01-30T09:01:05.763Z,1674,FG-B,BATCH-1004,DAY,normal,0,0
2072,2026-01-30T09:01:05.763Z,2026-01-30T09:01:07.358Z,1595,FG-B,BATCH-1004,DAY,normal,0,0
2073,2026-01-30T09:01:07.358Z,2026-01-30T09:01:08.973Z,1615,FG-B,BATCH-1004,DAY,normal,0,0
2074,2026-01-30T09:01:08.973Z,2026-01-30T09:01:10.631Z,1658,FG-B,BATCH-1004,DAY,normal,0,0
2075,2026-01-30T09:01:10.631Z,2026-01-30T09:01:12.212Z,1581,FG-B,BATCH-1004,DAY,normal,0,0
2076,2026-01-30T09:01:12.212Z,2026-01-30T09:01:13.883Z,1671,FG-B,BATCH-1004,DAY,normal,0,0
2077,2026-01-30T09:01:13.883Z,2026-01-30T09:01:15.626Z,1743,FG-B,BATCH-1004,DAY,normal,0,0
2078,2026-01-30T09:01:15.626Z,2026-01-30T09:01:17.067Z,1441,FG-B,BATCH-1004,DAY,normal,0,0
2079,2026-01-30T09:01:17.067Z,2026-01-30T09:01:18.675Z,1608,FG-B,BATCH-1004,DAY,normal,0,0
2080,2026-01-30T09:01:18.675Z,2026-01-30T09:01:20.240Z,1565,FG-B,BATCH-1004,DAY,normal,0,0
2081,2026-01-30T09:01:20.240Z,2026-01-30T09:01:21.966Z,1726,FG-B,BATCH-1004,DAY,normal,0,0
2082,2026-01-30T09:01:21.966Z,2026-01-30T09:01:23.592Z,1626,FG-B,BATCH-1004,DAY,normal,0,0
2083,2026-01-30T09:01:23.592Z,2026-01-30T09:01:25.106Z,1514,FG-B,BATCH-1004,DAY,normal,0,0
2084,2026-01-30T09:01:25.106Z,2026-01-30T09:01:26.722Z,1616,FG-B,BATCH-1004,DAY,normal,0,0
2085,2026-01-30T09:01:26.722Z,2026-01-30T09:01:28.287Z,1565,FG-B,BATCH-1004,DAY,normal,0,0
2086,2026-01-30T09:01:28.287Z,2026-01-30T09:01:29.849Z,1562,FG-B,BATCH-1004,DAY,normal,0,0
2087,2026-01-30T09:01:29.849Z,2026-01-30T09:01:31.515Z,1666,FG-B,BATCH-1004,DAY,normal,0,0
2088,2026-01-30T09:01:31.515Z,2026-01-30T09:01:33.096Z,1581,FG-B,BATCH-1004,DAY,normal,0,0
2089,2026-01-30T09:01:33.096Z,2026-01-30T09:01:34.792Z,1696,FG-B,BATCH-1004,DAY,normal,0,0
2090,2026-01-30T09:01:34.792Z,2026-01-30T09:01:36.175Z,1383,FG-B,BATCH-1004,DAY,normal,0,0
2091,2026-01-30T09:01:36.175Z,2026-01-30T09:01:37.641Z,1466,FG-B,BATCH-1004,DAY,normal,0,0
2092,2026-01-30T09:01:37.641Z,2026-01-30T09:01:39.386Z,1745,FG-B,BATCH-1004,DAY,normal,0,0
2093,2026-01-30T09:01:39.386Z,2026-01-30T09:01:41.002Z,1616,FG-B,BATCH-1004,DAY,normal,0,0
2094,2026-01-30T09:01:41.002Z,2026-01-30T09:01:42.584Z,1582,FG-B,BATCH-1004,DAY,normal,0,0
2095,2026-01-30T09:01:42.584Z,2026-01-30T09:01:44.141Z,1557,FG-B,BATCH-1004,DAY,normal,0,0
2096,2026-01-30T09:01:44.141Z,2026-01-30T09:01:45.914Z,1773,FG-B,BATCH-1004,DAY,normal,0,0
2097,2026-01-30T09:01:45.914Z,2026-01-30T09:01:48.760Z,2846,FG-B,BATCH-1004,DAY,slow_cycle,0,1
2098,2026-01-30T09:01:48.760Z,2026-01-30T09:01:50.357Z,1597,FG-B,BATCH-1004,DAY,normal,0,0
2099,2026-01-30T09:01:50.357Z,2026-01-30T09:01:51.911Z,1554,FG-B,BATCH-1004,DAY,normal,0,0
2100,2026-01-30T09:01:51.911Z,2026-01-30T09:01:53.393Z,1482,FG-B,BATCH-1004,DAY,normal,0,0
2101,2026-01-30T09:01:53.393Z,2026-01-30T09:01:54.822Z,1429,FG-B,BATCH-1004,DAY,normal,0,0
2102,2026-01-30T09:01:54.822Z,2026-01-30T09:01:56.386Z,1564,FG-B,BATCH-1004,DAY,normal,0,0
2103,2026-01-30T09:01:56.386Z,2026-01-30T09:01:58.109Z,1723,FG-B,BATCH-1004,DAY,normal,0,0
2104,2026-01-30T09:01:58.109Z,2026-01-30T09:01:59.839Z,1730,FG-B,BATCH-1004,DAY,normal,0,0
2105,2026-01-30T09:01:59.839Z,2026-01-30T09:02:01.456Z,1617,FG-B,BATCH-1004,DAY,normal,0,0
2106,2026-01-30T09:02:01.456Z,2026-01-30T09:02:02.793Z,1337,FG-B,BATCH-1004,DAY,normal,0,0
2107,2026-01-30T09:02:02.793Z,2026-01-30T09:02:04.424Z,1631,FG-B,BATCH-1004,DAY,normal,0,0
2108,2026-01-30T09:02:04.424Z,2026-01-30T09:02:05.780Z,1356,FG-B,BATCH-1004,DAY,normal,0,0
2109,2026-01-30T09:02:05.780Z,2026-01-30T09:02:07.457Z,1677,FG-B,BATCH-1004,DAY,normal,0,0
2110,2026-01-30T09:02:07.457Z,2026-01-30T09:02:08.939Z,1482,FG-B,BATCH-1004,DAY,normal,0,0
2111,2026-01-30T09:02:08.939Z,2026-01-30T09:02:10.453Z,1514,FG-B,BATCH-1004,DAY,normal,0,0
2112,2026-01-30T09:02:10.453Z,2026-01-30T09:02:11.910Z,1457,FG-B,BATCH-1004,DAY,normal,0,0
2113,2026-01-30T09:02:11.910Z,2026-01-30T09:02:13.481Z,1571,FG-B,BATCH-1004,DAY,normal,0,0
2114,2026-01-30T09:02:13.481Z,2026-01-30T09:02:14.906Z,1425,FG-B,BATCH-1004,DAY,normal,0,0
2115,2026-01-30T09:02:14.906Z,2026-01-30T09:02:16.455Z,1549,FG-B,BATCH-1004,DAY,normal,0,0
2116,2026-01-30T09:02:16.455Z,2026-01-30T09:02:30.416Z,13961,FG-B,BATCH-1004,DAY,long_gap,1,1
2117,2026-01-30T09:02:30.416Z,2026-01-30T09:02:32.087Z,1671,FG-B,BATCH-1004,DAY,normal,0,0
2118,2026-01-30T09:02:32.087Z,2026-01-30T09:02:46.933Z,14846,FG-B,BATCH-1004,DAY,long_gap,1,1
2119,2026-01-30T09:02:46.933Z,2026-01-30T09:02:48.612Z,1679,FG-B,BATCH-1004,DAY,normal,0,0
2120,2026-01-30T09:02:48.612Z,2026-01-30T09:02:50.190Z,1578,FG-B,BATCH-1004,DAY,normal,0,0
2121,2026-01-30T09:02:50.190Z,2026-01-30T09:02:51.782Z,1592,FG-B,BATCH-1004,DAY,normal,0,0
2122,2026-01-30T09:02:51.782Z,2026-01-30T09:02:53.374Z,1592,FG-B,BATCH-1004,DAY,normal,0,0
2123,2026-01-30T09:02:53.374Z,2026-01-30T09:02:54.975Z,1601,FG-B,BATCH-1004,DAY,normal,0,0
2124,2026-01-30T09:02:54.975Z,2026-01-30T09:02:56.477Z,1502,FG-B,BATCH-1004,DAY,normal,0,0
2125,2026-01-30T09:02:56.477Z,2026-01-30T09:02:58.031Z,1554,FG-B,BATCH-1004,DAY,normal,0,0
2126,2026-01-30T09:02:58.031Z,2026-01-30T09:02:59.549Z,1518,FG-B,BATCH-1004,DAY,normal,0,0
2127,2026-01-30T09:02:59.549Z,2026-01-30T09:03:01.198Z,1649,FG-B,BATCH-1004,DAY,normal,0,0
2128,2026-01-30T09:03:01.198Z,2026-01-30T09:03:02.798Z,1600,FG-B,BATCH-1004,DAY,normal,0,0
2129,2026-01-30T09:03:02.798Z,2026-01-30T09:03:04.549Z,1751,FG-B,BATCH-1004,DAY,normal,0,0
2130,2026-01-30T09:03:04.549Z,2026-01-30T09:03:06.107Z,1558,FG-B,BATCH-1004,DAY,normal,0,0
2131,2026-01-30T09:03:06.107Z,2026-01-30T09:03:07.625Z,1518,FG-B,BATCH-1004,DAY,normal,0,0
2132,2026-01-30T09:03:07.625Z,2026-01-30T09:03:09.055Z,1430,FG-B,BATCH-1004,DAY,normal,0,0
2133,2026-01-30T09:03:09.055Z,2026-01-30T09:03:10.741Z,1686,FG-B,BATCH-1004,DAY,normal,0,0
2134,2026-01-30T09:03:10.741Z,2026-01-30T09:03:12.244Z,1503,FG-B,BATCH-1004,DAY,normal,0,0
2135,2026-01-30T09:03:12.244Z,2026-01-30T09:03:13.733Z,1489,FG-B,BATCH-1004,DAY,normal,0,0
2136,2026-01-30T09:03:13.733Z,2026-01-30T09:03:15.058Z,1325,FG-B,BATCH-1004,DAY,fast_cycle,0,0
2137,2026-01-30T09:03:15.058Z,2026-01-30T09:03:16.664Z,1606,FG-B,BATCH-1004,DAY,normal,0,0
2138,2026-01-30T09:03:16.664Z,2026-01-30T09:03:18.312Z,1648,FG-B,BATCH-1004,DAY,normal,0,0
2139,2026-01-30T09:03:18.312Z,2026-01-30T09:03:19.945Z,1633,FG-B,BATCH-1004,DAY,normal,0,0
2140,2026-01-30T09:03:19.945Z,2026-01-30T09:03:21.539Z,1594,FG-B,BATCH-1004,DAY,normal,0,0
2141,2026-01-30T09:03:21.539Z,2026-01-30T09:03:23.181Z,1642,FG-B,BATCH-1004,DAY,normal,0,0
2142,2026-01-30T09:03:23.181Z,2026-01-30T09:03:24.704Z,1523,FG-B,BATCH-1004,DAY,normal,0,0
2143,2026-01-30T09:03:24.704Z,2026-01-30T09:03:26.449Z,1745,FG-B,BATCH-1004,DAY,normal,0,0
2144,2026-01-30T09:03:26.449Z,2026-01-30T09:03:28.058Z,1609,FG-B,BATCH-1004,DAY,normal,0,0
2145,2026-01-30T09:03:28.058Z,2026-01-30T09:03:29.563Z,1505,FG-B,BATCH-1004,DAY,normal,0,0
2146,2026-01-30T09:03:29.563Z,2026-01-30T09:03:31.304Z,1741,FG-B,BATCH-1004,DAY,normal,0,0
2147,2026-01-30T09:03:31.304Z,2026-01-30T09:03:32.948Z,1644,FG-B,BATCH-1004,DAY,normal,0,0
2148,2026-01-30T09:03:32.948Z,2026-01-30T09:03:34.600Z,1652,FG-B,BATCH-1004,DAY,normal,0,0
2149,2026-01-30T09:03:34.600Z,2026-01-30T09:03:36.357Z,1757,FG-B,BATCH-1004,DAY,normal,0,0
2150,2026-01-30T09:03:36.357Z,2026-01-30T09:03:38.061Z,1704,FG-B,BATCH-1004,DAY,normal,0,0
2151,2026-01-30T09:03:38.061Z,2026-01-30T09:03:39.760Z,1699,FG-B,BATCH-1004,DAY,normal,0,0
2152,2026-01-30T09:03:39.760Z,2026-01-30T09:03:44.323Z,4563,FG-B,BATCH-1004,DAY,jam_recovery,0,1
2153,2026-01-30T09:03:44.323Z,2026-01-30T09:03:45.964Z,1641,FG-B,BATCH-1004,DAY,normal,0,0
2154,2026-01-30T09:03:45.964Z,2026-01-30T09:03:47.283Z,1319,FG-B,BATCH-1004,DAY,normal,0,0
2155,2026-01-30T09:03:47.283Z,2026-01-30T09:03:48.833Z,1550,FG-B,BATCH-1004,DAY,normal,0,0
2156,2026-01-30T09:03:48.833Z,2026-01-30T09:03:50.387Z,1554,FG-B,BATCH-1004,DAY,normal,0,0
2157,2026-01-30T09:03:50.387Z,2026-01-30T09:03:56.125Z,5738,FG-B,BATCH-1004,DAY,jam_recovery,1,1
2158,2026-01-30T09:03:56.125Z,2026-01-30T09:03:57.639Z,1514,FG-B,BATCH-1004,DAY,normal,0,0
2159,2026-01-30T09:03:57.639Z,2026-01-30T09:03:59.215Z,1576,FG-B,BATCH-1004,DAY,normal,0,0
2160,2026-01-30T09:03:59.215Z,2026-01-30T09:04:00.945Z,1730,FG-B,BATCH-1004,DAY,normal,0,0
2161,2026-01-30T09:04:00.945Z,2026-01-30T09:04:02.407Z,1462,FG-B,BATCH-1004,DAY,normal,0,0
2162,2026-01-30T09:04:02.407Z,2026-01-30T09:04:03.936Z,1529,FG-B,BATCH-1004,DAY,normal,0,0
2163,2026-01-30T09:04:03.936Z,2026-01-30T09:04:05.459Z,1523,FG-B,BATCH-1004,DAY,normal,0,0
2164,2026-01-30T09:04:05.459Z,2026-01-30T09:04:12.736Z,7277,FG-B,BATCH-1004,DAY,long_gap,1,1
2165,2026-01-30T09:04:12.736Z,2026-01-30T09:04:14.435Z,1699,FG-B,BATCH-1004,DAY,normal,0,0
2166,2026-01-30T09:04:14.435Z,2026-01-30T09:04:15.893Z,1458,FG-B,BATCH-1004,DAY,normal,0,0
2167,2026-01-30T09:04:15.893Z,2026-01-30T09:04:17.498Z,1605,FG-B,BATCH-1004,DAY,normal,0,0
2168,2026-01-30T09:04:17.498Z,2026-01-30T09:04:19.105Z,1607,FG-B,BATCH-1004,DAY,normal,0,0
2169,2026-01-30T09:04:19.105Z,2026-01-30T09:04:20.724Z,1619,FG-B,BATCH-1004,DAY,normal,0,0
2170,2026-01-30T09:04:20.724Z,2026-01-30T09:04:22.152Z,1428,FG-B,BATCH-1004,DAY,fast_cycle,0,0
2171,2026-01-30T09:04:22.152Z,2026-01-30T09:04:23.734Z,1582,FG-B,BATCH-1004,DAY,normal,0,0
2172,2026-01-30T09:04:23.734Z,2026-01-30T09:04:25.331Z,1597,FG-B,BATCH-1004,DAY,normal,0,0
2173,2026-01-30T09:04:25.331Z,2026-01-30T09:04:26.867Z,1536,FG-B,BATCH-1004,DAY,normal,0,0
2174,2026-01-30T09:04:26.867Z,2026-01-30T09:04:28.489Z,1622,FG-B,BATCH-1004,DAY,normal,0,0
2175,2026-01-30T09:04:28.489Z,2026-01-30T09:04:29.918Z,1429,FG-B,BATCH-1004,DAY,normal,0,0
2176,2026-01-30T09:04:29.918Z,2026-01-30T09:04:31.553Z,1635,FG-B,BATCH-1004,DAY,normal,0,0
2177,2026-01-30T09:04:31.553Z,2026-01-30T09:04:33.273Z,1720,FG-B,BATCH-1004,DAY,normal,0,0
2178,2026-01-30T09:04:33.273Z,2026-01-30T09:04:34.944Z,1671,FG-B,BATCH-1004,DAY,normal,0,0
2179,2026-01-30T09:04:34.944Z,2026-01-30T09:04:36.462Z,1518,FG-B,BATCH-1004,DAY,normal,0,0
2180,2026-01-30T09:04:36.462Z,2026-01-30T09:04:38.025Z,1563,FG-B,BATCH-1004,DAY,normal,0,0
2181,2026-01-30T09:04:38.025Z,2026-01-30T09:04:39.550Z,1525,FG-B,BATCH-1004,DAY,normal,0,0
2182,2026-01-30T09:04:39.550Z,2026-01-30T09:04:41.124Z,1574,FG-B,BATCH-1004,DAY,normal,0,0
2183,2026-01-30T09:04:41.124Z,2026-01-30T09:04:42.631Z,1507,FG-B,BATCH-1004,DAY,normal,0,0
2184,2026-01-30T09:04:42.631Z,2026-01-30T09:04:44.180Z,1549,FG-B,BATCH-1004,DAY,normal,0,0
2185,2026-01-30T09:04:44.180Z,2026-01-30T09:04:45.750Z,1570,FG-B,BATCH-1004,DAY,normal,0,0
2186,2026-01-30T09:04:45.750Z,2026-01-30T09:04:58.139Z,12389,FG-B,BATCH-1004,DAY,long_gap,1,1
2187,2026-01-30T09:04:58.139Z,2026-01-30T09:04:59.812Z,1673,FG-B,BATCH-1004,DAY,normal,0,0
2188,2026-01-30T09:04:59.812Z,2026-01-30T09:05:01.401Z,1589,FG-B,BATCH-1004,DAY,normal,0,0
2189,2026-01-30T09:05:01.401Z,2026-01-30T09:05:03.000Z,1599,FG-B,BATCH-1004,DAY,normal,0,0
2190,2026-01-30T09:05:03.000Z,2026-01-30T09:05:04.593Z,1593,FG-B,BATCH-1004,DAY,normal,0,0
2191,2026-01-30T09:05:04.593Z,2026-01-30T09:05:06.326Z,1733,FG-B,BATCH-1004,DAY,normal,0,0
2192,2026-01-30T09:05:06.326Z,2026-01-30T09:05:07.820Z,1494,FG-B,BATCH-1004,DAY,normal,0,0
2193,2026-01-30T09:05:07.820Z,2026-01-30T09:05:09.477Z,1657,FG-B,BATCH-1004,DAY,normal,0,0
2194,2026-01-30T09:05:09.477Z,2026-01-30T09:05:10.995Z,1518,FG-B,BATCH-1004,DAY,normal,0,0
2195,2026-01-30T09:05:10.995Z,2026-01-30T09:05:12.522Z,1527,FG-B,BATCH-1004,DAY,normal,0,0
2196,2026-01-30T09:05:12.522Z,2026-01-30T09:05:14.068Z,1546,FG-B,BATCH-1004,DAY,normal,0,0
2197,2026-01-30T09:05:14.068Z,2026-01-30T09:05:15.644Z,1576,FG-B,BATCH-1004,DAY,normal,0,0
2198,2026-01-30T09:05:15.644Z,2026-01-30T09:05:17.270Z,1626,FG-B,BATCH-1004,DAY,normal,0,0
2199,2026-01-30T09:05:17.270Z,2026-01-30T09:05:18.805Z,1535,FG-B,BATCH-1004,DAY,normal,0,0
2200,2026-01-30T09:05:18.805Z,2026-01-30T09:05:20.223Z,1418,FG-B,BATCH-1004,DAY,normal,0,0
2201,2026-01-30T09:05:20.223Z,2026-01-30T09:05:21.726Z,1503,FG-B,BATCH-1004,DAY,normal,0,0
2202,2026-01-30T09:05:21.726Z,2026-01-30T09:05:23.285Z,1559,FG-B,BATCH-1004,DAY,normal,0,0
2203,2026-01-30T09:05:23.285Z,2026-01-30T09:05:24.796Z,1511,FG-B,BATCH-1004,DAY,normal,0,0
2204,2026-01-30T09:05:24.796Z,2026-01-30T09:05:26.574Z,1778,FG-B,BATCH-1004,DAY,normal,0,0
2205,2026-01-30T09:05:26.574Z,2026-01-30T09:05:28.249Z,1675,FG-B,BATCH-1004,DAY,normal,0,0
2206,2026-01-30T09:05:28.249Z,2026-01-30T09:05:29.859Z,1610,FG-B,BATCH-1004,DAY,normal,0,0
2207,2026-01-30T09:05:29.859Z,2026-01-30T09:05:31.414Z,1555,FG-B,BATCH-1004,DAY,normal,0,0
2208,2026-01-30T09:05:31.414Z,2026-01-30T09:05:32.784Z,1370,FG-B,BATCH-1004,DAY,normal,0,0
2209,2026-01-30T09:05:32.784Z,2026-01-30T09:05:34.284Z,1500,FG-B,BATCH-1004,DAY,normal,0,0
2210,2026-01-30T09:05:34.284Z,2026-01-30T09:05:35.818Z,1534,FG-B,BATCH-1004,DAY,normal,0,0
2211,2026-01-30T09:05:35.818Z,2026-01-30T09:05:39.567Z,3749,FG-B,BATCH-1004,DAY,jam_recovery,0,1
2212,2026-01-30T09:05:39.567Z,2026-01-30T09:05:41.070Z,1503,FG-B,BATCH-1004,DAY,normal,0,0
2213,2026-01-30T09:05:41.070Z,2026-01-30T09:05:42.865Z,1795,FG-B,BATCH-1004,DAY,normal,0,0
2214,2026-01-30T09:05:42.865Z,2026-01-30T09:05:44.426Z,1561,FG-B,BATCH-1004,DAY,normal,0,0
2215,2026-01-30T09:05:44.426Z,2026-01-30T09:05:45.889Z,1463,FG-B,BATCH-1004,DAY,normal,0,0
2216,2026-01-30T09:05:45.889Z,2026-01-30T09:05:47.469Z,1580,FG-B,BATCH-1004,DAY,normal,0,0
2217,2026-01-30T09:05:47.469Z,2026-01-30T09:05:49.181Z,1712,FG-B,BATCH-1004,DAY,normal,0,0
2218,2026-01-30T09:05:49.181Z,2026-01-30T09:05:50.721Z,1540,FG-B,BATCH-1004,DAY,normal,0,0
2219,2026-01-30T09:05:50.721Z,2026-01-30T09:05:52.322Z,1601,FG-B,BATCH-1004,DAY,normal,0,0
2220,2026-01-30T09:05:52.322Z,2026-01-30T09:05:53.765Z,1443,FG-B,BATCH-1004,DAY,normal,0,0
2221,2026-01-30T09:05:53.765Z,2026-01-30T09:05:55.379Z,1614,FG-B,BATCH-1004,DAY,normal,0,0
2222,2026-01-30T09:05:55.379Z,2026-01-30T09:05:56.998Z,1619,FG-B,BATCH-1004,DAY,normal,0,0
2223,2026-01-30T09:05:56.998Z,2026-01-30T09:05:58.663Z,1665,FG-B,BATCH-1004,DAY,normal,0,0
2224,2026-01-30T09:05:58.663Z,2026-01-30T09:06:00.344Z,1681,FG-B,BATCH-1004,DAY,normal,0,0
2225,2026-01-30T09:06:00.344Z,2026-01-30T09:06:01.921Z,1577,FG-B,BATCH-1004,DAY,normal,0,0
2226,2026-01-30T09:06:01.921Z,2026-01-30T09:06:03.583Z,1662,FG-B,BATCH-1004,DAY,normal,0,0
2227,2026-01-30T09:06:03.583Z,2026-01-30T09:06:05.156Z,1573,FG-B,BATCH-1004,DAY,normal,0,0
2228,2026-01-30T09:06:05.156Z,2026-01-30T09:06:06.595Z,1439,FG-B,BATCH-1004,DAY,normal,0,0
2229,2026-01-30T09:06:06.595Z,2026-01-30T09:06:08.237Z,1642,FG-B,BATCH-1004,DAY,normal,0,0
2230,2026-01-30T09:06:08.237Z,2026-01-30T09:06:09.851Z,1614,FG-B,BATCH-1004,DAY,normal,0,0
2231,2026-01-30T09:06:09.851Z,2026-01-30T09:06:11.586Z,1735,FG-B,BATCH-1004,DAY,normal,0,0
2232,2026-01-30T09:06:11.586Z,2026-01-30T09:06:13.263Z,1677,FG-B,BATCH-1004,DAY,normal,0,0
2233,2026-01-30T09:06:13.263Z,2026-01-30T09:06:14.815Z,1552,FG-B,BATCH-1004,DAY,normal,0,0
2234,2026-01-30T09:06:14.815Z,2026-01-30T09:06:16.519Z,1704,FG-B,BATCH-1004,DAY,normal,0,0
2235,2026-01-30T09:06:16.519Z,2026-01-30T09:06:18.082Z,1563,FG-B,BATCH-1004,DAY,normal,0,0
2236,2026-01-30T09:06:18.082Z,2026-01-30T09:06:19.633Z,1551,FG-B,BATCH-1004,DAY,normal,0,0
2237,2026-01-30T09:06:19.633Z,2026-01-30T09:06:21.285Z,1652,FG-B,BATCH-1004,DAY,normal,0,0
2238,2026-01-30T09:06:21.285Z,2026-01-30T09:06:23.036Z,1751,FG-B,BATCH-1004,DAY,normal,0,0
2239,2026-01-30T09:06:23.036Z,2026-01-30T09:06:24.636Z,1600,FG-B,BATCH-1004,DAY,normal,0,0
2240,2026-01-30T09:06:24.636Z,2026-01-30T09:06:26.098Z,1462,FG-B,BATCH-1004,DAY,normal,0,0
2241,2026-01-30T09:06:26.098Z,2026-01-30T09:06:27.634Z,1536,FG-B,BATCH-1004,DAY,normal,0,0
2242,2026-01-30T09:06:27.634Z,2026-01-30T09:06:29.296Z,1662,FG-B,BATCH-1004,DAY,normal,0,0
2243,2026-01-30T09:06:29.296Z,2026-01-30T09:06:30.893Z,1597,FG-B,BATCH-1004,DAY,normal,0,0
2244,2026-01-30T09:06:30.893Z,2026-01-30T09:06:32.408Z,1515,FG-B,BATCH-1004,DAY,normal,0,0
2245,2026-01-30T09:06:32.408Z,2026-01-30T09:06:33.949Z,1541,FG-B,BATCH-1004,DAY,normal,0,0
2246,2026-01-30T09:06:33.949Z,2026-01-30T09:06:35.353Z,1404,FG-B,BATCH-1004,DAY,normal,0,0
2247,2026-01-30T09:06:35.353Z,2026-01-30T09:06:37.053Z,1700,FG-B,BATCH-1004,DAY,normal,0,0
2248,2026-01-30T09:06:37.053Z,2026-01-30T09:06:38.644Z,1591,FG-B,BATCH-1004,DAY,normal,0,0
2249,2026-01-30T09:06:38.644Z,2026-01-30T09:06:40.163Z,1519,FG-B,BATCH-1004,DAY,normal,0,0
2250,2026-01-30T09:06:40.163Z,2026-01-30T09:06:41.554Z,1391,FG-B,BATCH-1004,DAY,normal,0,0
2251,2026-01-30T09:06:41.554Z,2026-01-30T09:06:43.033Z,1479,FG-B,BATCH-1004,DAY,normal,0,0
2252,2026-01-30T09:06:43.033Z,2026-01-30T09:06:44.593Z,1560,FG-B,BATCH-1004,DAY,normal,0,0
2253,2026-01-30T09:06:44.593Z,2026-01-30T09:06:45.733Z,1140,FG-B,BATCH-1004,DAY,fast_cycle,0,0
2254,2026-01-30T09:06:45.733Z,2026-01-30T09:06:47.206Z,1473,FG-B,BATCH-1004,DAY,normal,0,0
2255,2026-01-30T09:06:47.206Z,2026-01-30T09:06:48.923Z,1717,FG-B,BATCH-1004,DAY,normal,0,0
2256,2026-01-30T09:06:48.923Z,2026-01-30T09:06:50.544Z,1621,FG-B,BATCH-1004,DAY,normal,0,0
2257,2026-01-30T09:06:50.544Z,2026-01-30T09:06:52.068Z,1524,FG-B,BATCH-1004,DAY,normal,0,0
2258,2026-01-30T09:06:52.068Z,2026-01-30T09:06:53.806Z,1738,FG-B,BATCH-1004,DAY,normal,0,0
2259,2026-01-30T09:06:53.806Z,2026-01-30T09:06:55.392Z,1586,FG-B,BATCH-1004,DAY,normal,0,0
2260,2026-01-30T09:06:55.392Z,2026-01-30T09:06:57.080Z,1688,FG-B,BATCH-1004,DAY,normal,0,0
2261,2026-01-30T09:06:57.080Z,2026-01-30T09:06:58.684Z,1604,FG-B,BATCH-1004,DAY,normal,0,0
2262,2026-01-30T09:06:58.684Z,2026-01-30T09:07:00.263Z,1579,FG-B,BATCH-1004,DAY,normal,0,0
2263,2026-01-30T09:07:00.263Z,2026-01-30T09:07:01.866Z,1603,FG-B,BATCH-1004,DAY,normal,0,0
2264,2026-01-30T09:07:01.866Z,2026-01-30T09:07:03.319Z,1453,FG-B,BATCH-1004,DAY,normal,0,0
2265,2026-01-30T09:07:03.319Z,2026-01-30T09:07:04.935Z,1616,FG-B,BATCH-1004,DAY,normal,0,0
2266,2026-01-30T09:07:04.935Z,2026-01-30T09:07:06.484Z,1549,FG-B,BATCH-1004,DAY,normal,0,0
2267,2026-01-30T09:07:06.484Z,2026-01-30T09:07:08.149Z,1665,FG-B,BATCH-1004,DAY,normal,0,0
2268,2026-01-30T09:07:08.149Z,2026-01-30T09:07:09.695Z,1546,FG-B,BATCH-1004,DAY,normal,0,0
2269,2026-01-30T09:07:09.695Z,2026-01-30T09:07:11.255Z,1560,FG-B,BATCH-1004,DAY,normal,0,0
2270,2026-01-30T09:07:11.255Z,2026-01-30T09:07:12.664Z,1409,FG-B,BATCH-1004,DAY,normal,0,0
2271,2026-01-30T09:07:12.664Z,2026-01-30T09:07:14.235Z,1571,FG-B,BATCH-1004,DAY,normal,0,0
2272,2026-01-30T09:07:14.235Z,2026-01-30T09:07:15.705Z,1470,FG-B,BATCH-1004,DAY,normal,0,0
2273,2026-01-30T09:07:15.705Z,2026-01-30T09:07:17.237Z,1532,FG-B,BATCH-1004,DAY,normal,0,0
2274,2026-01-30T09:07:17.237Z,2026-01-30T09:07:18.693Z,1456,FG-B,BATCH-1004,DAY,normal,0,0
2275,2026-01-30T09:07:18.693Z,2026-01-30T09:07:20.162Z,1469,FG-B,BATCH-1004,DAY,normal,0,0
2276,2026-01-30T09:07:20.162Z,2026-01-30T09:07:21.748Z,1586,FG-B,BATCH-1004,DAY,normal,0,0
2277,2026-01-30T09:07:21.748Z,2026-01-30T09:07:23.237Z,1489,FG-B,BATCH-1004,DAY,normal,0,0
2278,2026-01-30T09:07:23.237Z,2026-01-30T09:07:24.762Z,1525,FG-B,BATCH-1004,DAY,normal,0,0
2279,2026-01-30T09:07:24.762Z,2026-01-30T09:07:26.246Z,1484,FG-B,BATCH-1004,DAY,normal,0,0
2280,2026-01-30T09:07:26.246Z,2026-01-30T09:07:27.800Z,1554,FG-B,BATCH-1004,DAY,normal,0,0
2281,2026-01-30T09:07:27.800Z,2026-01-30T09:07:29.360Z,1560,FG-B,BATCH-1004,DAY,normal,0,0
2282,2026-01-30T09:07:29.360Z,2026-01-30T09:07:30.716Z,1356,FG-B,BATCH-1004,DAY,normal,0,0
2283,2026-01-30T09:07:30.716Z,2026-01-30T09:07:32.094Z,1378,FG-B,BATCH-1004,DAY,normal,0,0
2284,2026-01-30T09:07:32.094Z,2026-01-30T09:07:33.833Z,1739,FG-B,BATCH-1004,DAY,normal,0,0
2285,2026-01-30T09:07:33.833Z,2026-01-30T09:07:35.453Z,1620,FG-B,BATCH-1004,DAY,normal,0,0
2286,2026-01-30T09:07:35.453Z,2026-01-30T09:07:37.033Z,1580,FG-B,BATCH-1004,DAY,normal,0,0
2287,2026-01-30T09:07:37.033Z,2026-01-30T09:07:38.077Z,1044,FG-B,BATCH-1004,DAY,fast_cycle,0,0
2288,2026-01-30T09:07:38.077Z,2026-01-30T09:07:39.819Z,1742,FG-B,BATCH-1004,DAY,normal,0,0
2289,2026-01-30T09:07:39.819Z,2026-01-30T09:07:42.837Z,3018,FG-B,BATCH-1004,DAY,slow_cycle,0,1
2290,2026-01-30T09:07:42.837Z,2026-01-30T09:07:45.438Z,2601,FG-B,BATCH-1004,DAY,slow_cycle,0,1
2291,2026-01-30T09:07:45.438Z,2026-01-30T09:07:47.075Z,1637,FG-B,BATCH-1004,DAY,normal,0,0
2292,2026-01-30T09:07:47.075Z,2026-01-30T09:07:48.678Z,1603,FG-B,BATCH-1004,DAY,normal,0,0
2293,2026-01-30T09:07:48.678Z,2026-01-30T09:07:50.359Z,1681,FG-B,BATCH-1004,DAY,normal,0,0
2294,2026-01-30T09:07:50.359Z,2026-01-30T09:07:51.922Z,1563,FG-B,BATCH-1004,DAY,normal,0,0
2295,2026-01-30T09:07:51.922Z,2026-01-30T09:07:54.839Z,2917,FG-B,BATCH-1004,DAY,slow_cycle,0,1
2296,2026-01-30T09:07:54.839Z,2026-01-30T09:07:56.394Z,1555,FG-B,BATCH-1004,DAY,normal,0,0
2297,2026-01-30T09:07:56.394Z,2026-01-30T09:07:57.939Z,1545,FG-B,BATCH-1004,DAY,normal,0,0
2298,2026-01-30T09:07:57.939Z,2026-01-30T09:07:59.249Z,1310,FG-B,BATCH-1004,DAY,fast_cycle,0,0
2299,2026-01-30T09:07:59.249Z,2026-01-30T09:08:09.310Z,10061,FG-B,BATCH-1004,DAY,long_gap,1,1
2300,2026-01-30T09:08:09.310Z,2026-01-30T09:08:10.854Z,1544,FG-B,BATCH-1004,DAY,normal,0,0
2301,2026-01-30T09:08:10.854Z,2026-01-30T09:08:12.607Z,1753,FG-B,BATCH-1004,DAY,normal,0,0
2302,2026-01-30T09:08:12.607Z,2026-01-30T09:08:14.365Z,1758,FG-B,BATCH-1004,DAY,normal,0,0
2303,2026-01-30T09:08:14.365Z,2026-01-30T09:08:15.957Z,1592,FG-B,BATCH-1004,DAY,normal,0,0
2304,2026-01-30T09:08:15.957Z,2026-01-30T09:08:17.335Z,1378,FG-B,BATCH-1004,DAY,normal,0,0
2305,2026-01-30T09:08:17.335Z,2026-01-30T09:08:19.081Z,1746,FG-B,BATCH-1004,DAY,normal,0,0
2306,2026-01-30T09:08:19.081Z,2026-01-30T09:08:20.728Z,1647,FG-B,BATCH-1004,DAY,normal,0,0
2307,2026-01-30T09:08:20.728Z,2026-01-30T09:08:22.209Z,1481,FG-B,BATCH-1004,DAY,normal,0,0
2308,2026-01-30T09:08:22.209Z,2026-01-30T09:08:24.565Z,2356,FG-B,BATCH-1004,DAY,slow_cycle,0,1
2309,2026-01-30T09:08:24.565Z,2026-01-30T09:08:26.190Z,1625,FG-B,BATCH-1004,DAY,normal,0,0
2310,2026-01-30T09:08:26.190Z,2026-01-30T09:08:27.710Z,1520,FG-B,BATCH-1004,DAY,normal,0,0
2311,2026-01-30T09:08:27.710Z,2026-01-30T09:08:29.360Z,1650,FG-B,BATCH-1004,DAY,normal,0,0
2312,2026-01-30T09:08:29.360Z,2026-01-30T09:08:30.848Z,1488,FG-B,BATCH-1004,DAY,normal,0,0
2313,2026-01-30T09:08:30.848Z,2026-01-30T09:08:32.522Z,1674,FG-B,BATCH-1004,DAY,normal,0,0
2314,2026-01-30T09:08:32.522Z,2026-01-30T09:08:33.916Z,1394,FG-B,BATCH-1004,DAY,normal,0,0
2315,2026-01-30T09:08:33.916Z,2026-01-30T09:08:35.482Z,1566,FG-B,BATCH-1004,DAY,normal,0,0
2316,2026-01-30T09:08:35.482Z,2026-01-30T09:08:38.550Z,3068,FG-B,BATCH-1004,DAY,slow_cycle,0,1
2317,2026-01-30T09:08:38.550Z,2026-01-30T09:08:40.006Z,1456,FG-B,BATCH-1004,DAY,normal,0,0
2318,2026-01-30T09:08:40.006Z,2026-01-30T09:08:41.690Z,1684,FG-B,BATCH-1004,DAY,normal,0,0
2319,2026-01-30T09:08:41.690Z,2026-01-30T09:08:43.422Z,1732,FG-B,BATCH-1004,DAY,normal,0,0
2320,2026-01-30T09:08:43.422Z,2026-01-30T09:08:44.810Z,1388,FG-B,BATCH-1004,DAY,normal,0,0
2321,2026-01-30T09:08:44.810Z,2026-01-30T09:08:46.540Z,1730,FG-B,BATCH-1004,DAY,normal,0,0
2322,2026-01-30T09:08:46.540Z,2026-01-30T09:08:48.117Z,1577,FG-B,BATCH-1004,DAY,normal,0,0
2323,2026-01-30T09:08:48.117Z,2026-01-30T09:08:49.753Z,1636,FG-B,BATCH-1004,DAY,normal,0,0
2324,2026-01-30T09:08:49.753Z,2026-01-30T09:08:51.391Z,1638,FG-B,BATCH-1004,DAY,normal,0,0
2325,2026-01-30T09:08:51.391Z,2026-01-30T09:08:52.912Z,1521,FG-B,BATCH-1004,DAY,normal,0,0
2326,2026-01-30T09:08:52.912Z,2026-01-30T09:08:54.555Z,1643,FG-B,BATCH-1004,DAY,normal,0,0
2327,2026-01-30T09:08:54.555Z,2026-01-30T09:08:56.212Z,1657,FG-B,BATCH-1004,DAY,normal,0,0
2328,2026-01-30T09:08:56.212Z,2026-01-30T09:08:57.724Z,1512,FG-B,BATCH-1004,DAY,normal,0,0
2329,2026-01-30T09:08:57.724Z,2026-01-30T09:08:59.428Z,1704,FG-B,BATCH-1004,DAY,normal,0,0
2330,2026-01-30T09:08:59.428Z,2026-01-30T09:09:01.253Z,1825,FG-B,BATCH-1004,DAY,normal,0,0
2331,2026-01-30T09:09:01.253Z,2026-01-30T09:09:02.812Z,1559,FG-B,BATCH-1004,DAY,normal,0,0
2332,2026-01-30T09:09:02.812Z,2026-01-30T09:09:04.450Z,1638,FG-B,BATCH-1004,DAY,normal,0,0
2333,2026-01-30T09:09:04.450Z,2026-01-30T09:09:05.974Z,1524,FG-B,BATCH-1004,DAY,normal,0,0
2334,2026-01-30T09:09:05.974Z,2026-01-30T09:09:07.600Z,1626,FG-B,BATCH-1004,DAY,normal,0,0
2335,2026-01-30T09:09:07.600Z,2026-01-30T09:09:09.221Z,1621,FG-B,BATCH-1004,DAY,normal,0,0
2336,2026-01-30T09:09:09.221Z,2026-01-30T09:09:10.805Z,1584,FG-B,BATCH-1004,DAY,normal,0,0
2337,2026-01-30T09:09:10.805Z,2026-01-30T09:09:12.175Z,1370,FG-B,BATCH-1004,DAY,normal,0,0
2338,2026-01-30T09:09:12.175Z,2026-01-30T09:09:13.533Z,1358,FG-B,BATCH-1004,DAY,normal,0,0
2339,2026-01-30T09:09:13.533Z,2026-01-30T09:09:15.175Z,1642,FG-B,BATCH-1004,DAY,normal,0,0
2340,2026-01-30T09:09:15.175Z,2026-01-30T09:09:16.715Z,1540,FG-B,BATCH-1004,DAY,normal,0,0
2341,2026-01-30T09:09:16.715Z,2026-01-30T09:09:18.443Z,1728,FG-B,BATCH-1004,DAY,normal,0,0
2342,2026-01-30T09:09:18.443Z,2026-01-30T09:09:20.018Z,1575,FG-B,BATCH-1004,DAY,normal,0,0
2343,2026-01-30T09:09:20.018Z,2026-01-30T09:09:21.452Z,1434,FG-B,BATCH-1004,DAY,normal,0,0
2344,2026-01-30T09:09:21.452Z,2026-01-30T09:09:23.024Z,1572,FG-B,BATCH-1004,DAY,normal,0,0
2345,2026-01-30T09:09:23.024Z,2026-01-30T09:09:24.657Z,1633,FG-B,BATCH-1004,DAY,normal,0,0
2346,2026-01-30T09:09:24.657Z,2026-01-30T09:09:26.180Z,1523,FG-B,BATCH-1004,DAY,normal,0,0
2347,2026-01-30T09:09:26.180Z,2026-01-30T09:09:27.644Z,1464,FG-B,BATCH-1004,DAY,normal,0,0
2348,2026-01-30T09:09:27.644Z,2026-01-30T09:09:29.186Z,1542,FG-B,BATCH-1004,DAY,normal,0,0
2349,2026-01-30T09:09:29.186Z,2026-01-30T09:09:30.660Z,1474,FG-B,BATCH-1004,DAY,normal,0,0
2350,2026-01-30T09:09:30.660Z,2026-01-30T09:09:35.993Z,5333,FG-B,BATCH-1004,DAY,jam_recovery,1,1
2351,2026-01-30T09:09:35.993Z,2026-01-30T09:09:38.628Z,2635,FG-B,BATCH-1004,DAY,slow_cycle,0,1
2352,2026-01-30T09:09:38.628Z,2026-01-30T09:09:40.058Z,1430,FG-B,BATCH-1004,DAY,normal,0,0
2353,2026-01-30T09:09:40.058Z,2026-01-30T09:09:41.702Z,1644,FG-B,BATCH-1004,DAY,normal,0,0
2354,2026-01-30T09:09:41.702Z,2026-01-30T09:09:43.464Z,1762,FG-B,BATCH-1004,DAY,normal,0,0
2355,2026-01-30T09:09:43.464Z,2026-01-30T09:09:45.115Z,1651,FG-B,BATCH-1004,DAY,normal,0,0
2356,2026-01-30T09:09:45.115Z,2026-01-30T09:09:46.594Z,1479,FG-B,BATCH-1004,DAY,normal,0,0
2357,2026-01-30T09:09:46.594Z,2026-01-30T09:09:48.162Z,1568,FG-B,BATCH-1004,DAY,normal,0,0
2358,2026-01-30T09:09:48.162Z,2026-01-30T09:09:49.702Z,1540,FG-B,BATCH-1004,DAY,normal,0,0
2359,2026-01-30T09:09:49.702Z,2026-01-30T09:09:51.280Z,1578,FG-B,BATCH-1004,DAY,normal,0,0
2360,2026-01-30T09:09:51.280Z,2026-01-30T09:09:52.792Z,1512,FG-B,BATCH-1004,DAY,normal,0,0
2361,2026-01-30T09:09:52.792Z,2026-01-30T09:09:54.475Z,1683,FG-B,BATCH-1004,DAY,normal,0,0
2362,2026-01-30T09:09:54.475Z,2026-01-30T09:09:55.846Z,1371,FG-B,BATCH-1004,DAY,normal,0,0
2363,2026-01-30T09:09:55.846Z,2026-01-30T09:09:57.377Z,1531,FG-B,BATCH-1004,DAY,normal,0,0
2364,2026-01-30T09:09:57.377Z,2026-01-30T09:10:02.961Z,5584,FG-B,BATCH-1004,DAY,jam_recovery,1,1
2365,2026-01-30T09:10:02.961Z,2026-01-30T09:10:04.576Z,1615,FG-B,BATCH-1004,DAY,normal,0,0
2366,2026-01-30T09:10:04.576Z,2026-01-30T09:10:06.015Z,1439,FG-B,BATCH-1004,DAY,normal,0,0
2367,2026-01-30T09:10:06.015Z,2026-01-30T09:10:07.671Z,1656,FG-B,BATCH-1004,DAY,normal,0,0
2368,2026-01-30T09:10:07.671Z,2026-01-30T09:10:09.212Z,1541,FG-B,BATCH-1004,DAY,normal,0,0
2369,2026-01-30T09:10:09.212Z,2026-01-30T09:10:10.751Z,1539,FG-B,BATCH-1004,DAY,normal,0,0
2370,2026-01-30T09:10:10.751Z,2026-01-30T09:10:12.252Z,1501,FG-B,BATCH-1004,DAY,normal,0,0
2371,2026-01-30T09:10:12.252Z,2026-01-30T09:10:13.981Z,1729,FG-B,BATCH-1004,DAY,normal,0,0
2372,2026-01-30T09:10:13.981Z,2026-01-30T09:10:15.518Z,1537,FG-B,BATCH-1004,DAY,normal,0,0
2373,2026-01-30T09:10:15.518Z,2026-01-30T09:10:17.058Z,1540,FG-B,BATCH-1004,DAY,normal,0,0
2374,2026-01-30T09:10:17.058Z,2026-01-30T09:10:18.669Z,1611,FG-B,BATCH-1004,DAY,normal,0,0
2375,2026-01-30T09:10:18.669Z,2026-01-30T09:10:20.138Z,1469,FG-B,BATCH-1004,DAY,normal,0,0
2376,2026-01-30T09:10:20.138Z,2026-01-30T09:10:21.739Z,1601,FG-B,BATCH-1004,DAY,normal,0,0
2377,2026-01-30T09:10:21.739Z,2026-01-30T09:10:23.079Z,1340,FG-B,BATCH-1004,DAY,normal,0,0
2378,2026-01-30T09:10:23.079Z,2026-01-30T09:10:24.550Z,1471,FG-B,BATCH-1004,DAY,normal,0,0
2379,2026-01-30T09:10:24.550Z,2026-01-30T09:10:26.164Z,1614,FG-B,BATCH-1004,DAY,normal,0,0
2380,2026-01-30T09:10:26.164Z,2026-01-30T09:10:27.709Z,1545,FG-B,BATCH-1004,DAY,normal,0,0
2381,2026-01-30T09:10:27.709Z,2026-01-30T09:10:29.207Z,1498,FG-B,BATCH-1004,DAY,normal,0,0
2382,2026-01-30T09:10:29.207Z,2026-01-30T09:10:30.693Z,1486,FG-B,BATCH-1004,DAY,normal,0,0
2383,2026-01-30T09:10:30.693Z,2026-01-30T09:10:32.060Z,1367,FG-B,BATCH-1004,DAY,normal,0,0
2384,2026-01-30T09:10:32.060Z,2026-01-30T09:10:33.653Z,1593,FG-B,BATCH-1004,DAY,normal,0,0
2385,2026-01-30T09:10:33.653Z,2026-01-30T09:10:35.245Z,1592,FG-B,BATCH-1004,DAY,normal,0,0
2386,2026-01-30T09:10:35.245Z,2026-01-30T09:10:36.712Z,1467,FG-B,BATCH-1004,DAY,normal,0,0
2387,2026-01-30T09:10:36.712Z,2026-01-30T09:10:38.258Z,1546,FG-B,BATCH-1004,DAY,normal,0,0
2388,2026-01-30T09:10:38.258Z,2026-01-30T09:10:39.906Z,1648,FG-B,BATCH-1004,DAY,normal,0,0
2389,2026-01-30T09:10:39.906Z,2026-01-30T09:10:41.437Z,1531,FG-B,BATCH-1004,DAY,normal,0,0
2390,2026-01-30T09:10:41.437Z,2026-01-30T09:10:43.101Z,1664,FG-B,BATCH-1004,DAY,normal,0,0
2391,2026-01-30T09:10:43.101Z,2026-01-30T09:10:44.596Z,1495,FG-B,BATCH-1004,DAY,normal,0,0
2392,2026-01-30T09:10:44.596Z,2026-01-30T09:10:46.195Z,1599,FG-B,BATCH-1004,DAY,normal,0,0
2393,2026-01-30T09:10:46.195Z,2026-01-30T09:10:47.710Z,1515,FG-B,BATCH-1004,DAY,normal,0,0
2394,2026-01-30T09:10:47.710Z,2026-01-30T09:10:49.209Z,1499,FG-B,BATCH-1004,DAY,normal,0,0
2395,2026-01-30T09:10:49.209Z,2026-01-30T09:10:50.919Z,1710,FG-B,BATCH-1004,DAY,normal,0,0
2396,2026-01-30T09:10:50.919Z,2026-01-30T09:10:52.515Z,1596,FG-B,BATCH-1004,DAY,normal,0,0
2397,2026-01-30T09:10:52.515Z,2026-01-30T09:10:54.107Z,1592,FG-B,BATCH-1004,DAY,normal,0,0
2398,2026-01-30T09:10:54.107Z,2026-01-30T09:10:55.663Z,1556,FG-B,BATCH-1004,DAY,normal,0,0
2399,2026-01-30T09:10:55.663Z,2026-01-30T09:10:57.326Z,1663,FG-B,BATCH-1004,DAY,normal,0,0
2400,2026-01-30T09:10:57.326Z,2026-01-30T09:10:59.081Z,1755,FG-B,BATCH-1004,DAY,normal,0,0
2401,2026-01-30T09:10:59.081Z,2026-01-30T09:11:00.646Z,1565,FG-B,BATCH-1004,DAY,normal,0,0
2402,2026-01-30T09:11:00.646Z,2026-01-30T09:11:02.107Z,1461,FG-B,BATCH-1004,DAY,normal,0,0
2403,2026-01-30T09:11:02.107Z,2026-01-30T09:11:03.680Z,1573,FG-B,BATCH-1004,DAY,normal,0,0
2404,2026-01-30T09:11:03.680Z,2026-01-30T09:11:05.242Z,1562,FG-B,BATCH-1004,DAY,normal,0,0
2405,2026-01-30T09:11:05.242Z,2026-01-30T09:11:06.919Z,1677,FG-B,BATCH-1004,DAY,normal,0,0
2406,2026-01-30T09:11:06.919Z,2026-01-30T09:11:08.490Z,1571,FG-B,BATCH-1004,DAY,normal,0,0
2407,2026-01-30T09:11:08.490Z,2026-01-30T09:11:10.021Z,1531,FG-B,BATCH-1004,DAY,normal,0,0
2408,2026-01-30T09:11:10.021Z,2026-01-30T09:11:11.760Z,1739,FG-B,BATCH-1004,DAY,normal,0,0
2409,2026-01-30T09:11:11.760Z,2026-01-30T09:11:13.360Z,1600,FG-B,BATCH-1004,DAY,normal,0,0
2410,2026-01-30T09:11:13.360Z,2026-01-30T09:11:14.602Z,1242,FG-B,BATCH-1004,DAY,fast_cycle,0,0
2411,2026-01-30T09:11:14.602Z,2026-01-30T09:11:16.363Z,1761,FG-B,BATCH-1004,DAY,normal,0,0
2412,2026-01-30T09:11:16.363Z,2026-01-30T09:11:17.858Z,1495,FG-B,BATCH-1004,DAY,normal,0,0
2413,2026-01-30T09:11:17.858Z,2026-01-30T09:11:19.300Z,1442,FG-B,BATCH-1004,DAY,normal,0,0
2414,2026-01-30T09:11:19.300Z,2026-01-30T09:11:20.870Z,1570,FG-B,BATCH-1004,DAY,normal,0,0
2415,2026-01-30T09:11:20.870Z,2026-01-30T09:11:22.369Z,1499,FG-B,BATCH-1004,DAY,normal,0,0
2416,2026-01-30T09:11:22.369Z,2026-01-30T09:11:23.964Z,1595,FG-B,BATCH-1004,DAY,normal,0,0
2417,2026-01-30T09:11:23.964Z,2026-01-30T09:11:25.503Z,1539,FG-B,BATCH-1004,DAY,normal,0,0
2418,2026-01-30T09:11:25.503Z,2026-01-30T09:11:27.034Z,1531,FG-B,BATCH-1004,DAY,normal,0,0
2419,2026-01-30T09:11:27.034Z,2026-01-30T09:11:28.615Z,1581,FG-B,BATCH-1004,DAY,normal,0,0
2420,2026-01-30T09:11:28.615Z,2026-01-30T09:11:30.157Z,1542,FG-B,BATCH-1004,DAY,normal,0,0
2421,2026-01-30T09:11:30.157Z,2026-01-30T09:11:31.762Z,1605,FG-B,BATCH-1004,DAY,normal,0,0
2422,2026-01-30T09:11:31.762Z,2026-01-30T09:11:33.204Z,1442,FG-B,BATCH-1004,DAY,normal,0,0
2423,2026-01-30T09:11:33.204Z,2026-01-30T09:11:34.740Z,1536,FG-B,BATCH-1004,DAY,normal,0,0
2424,2026-01-30T09:11:34.740Z,2026-01-30T09:11:36.414Z,1674,FG-B,BATCH-1004,DAY,normal,0,0
2425,2026-01-30T09:11:36.414Z,2026-01-30T09:11:38.067Z,1653,FG-B,BATCH-1004,DAY,normal,0,0
2426,2026-01-30T09:11:38.067Z,2026-01-30T09:11:39.478Z,1411,FG-B,BATCH-1004,DAY,normal,0,0
2427,2026-01-30T09:11:39.478Z,2026-01-30T09:11:41.048Z,1570,FG-B,BATCH-1004,DAY,normal,0,0
2428,2026-01-30T09:11:41.048Z,2026-01-30T09:11:42.573Z,1525,FG-B,BATCH-1004,DAY,normal,0,0
2429,2026-01-30T09:11:42.573Z,2026-01-30T09:11:44.255Z,1682,FG-B,BATCH-1004,DAY,normal,0,0
2430,2026-01-30T09:11:44.255Z,2026-01-30T09:11:45.899Z,1644,FG-B,BATCH-1004,DAY,normal,0,0
2431,2026-01-30T09:11:45.899Z,2026-01-30T09:11:47.451Z,1552,FG-B,BATCH-1004,DAY,normal,0,0
2432,2026-01-30T09:11:47.451Z,2026-01-30T09:11:48.873Z,1422,FG-B,BATCH-1004,DAY,normal,0,0
2433,2026-01-30T09:11:48.873Z,2026-01-30T09:11:50.411Z,1538,FG-B,BATCH-1004,DAY,normal,0,0
2434,2026-01-30T09:11:50.411Z,2026-01-30T09:11:51.850Z,1439,FG-B,BATCH-1004,DAY,normal,0,0
2435,2026-01-30T09:11:51.850Z,2026-01-30T09:11:58.721Z,6871,FG-B,BATCH-1004,DAY,long_gap,1,1
2436,2026-01-30T09:11:58.721Z,2026-01-30T09:12:00.242Z,1521,FG-B,BATCH-1004,DAY,normal,0,0
2437,2026-01-30T09:12:00.242Z,2026-01-30T09:12:01.763Z,1521,FG-B,BATCH-1004,DAY,normal,0,0
2438,2026-01-30T09:12:01.763Z,2026-01-30T09:12:03.415Z,1652,FG-B,BATCH-1004,DAY,normal,0,0
2439,2026-01-30T09:12:03.415Z,2026-01-30T09:12:04.968Z,1553,FG-B,BATCH-1004,DAY,normal,0,0
2440,2026-01-30T09:12:04.968Z,2026-01-30T09:12:06.513Z,1545,FG-B,BATCH-1004,DAY,normal,0,0
2441,2026-01-30T09:12:06.513Z,2026-01-30T09:12:08.056Z,1543,FG-B,BATCH-1004,DAY,normal,0,0
2442,2026-01-30T09:12:08.056Z,2026-01-30T09:12:09.630Z,1574,FG-B,BATCH-1004,DAY,normal,0,0
2443,2026-01-30T09:12:09.630Z,2026-01-30T09:12:11.105Z,1475,FG-B,BATCH-1004,DAY,normal,0,0
2444,2026-01-30T09:12:11.105Z,2026-01-30T09:12:12.803Z,1698,FG-B,BATCH-1004,DAY,normal,0,0
2445,2026-01-30T09:12:12.803Z,2026-01-30T09:12:14.362Z,1559,FG-B,BATCH-1004,DAY,normal,0,0
2446,2026-01-30T09:12:14.362Z,2026-01-30T09:12:15.898Z,1536,FG-B,BATCH-1004,DAY,normal,0,0
2447,2026-01-30T09:12:15.898Z,2026-01-30T09:12:17.436Z,1538,FG-B,BATCH-1004,DAY,normal,0,0
2448,2026-01-30T09:12:17.436Z,2026-01-30T09:12:18.915Z,1479,FG-B,BATCH-1004,DAY,normal,0,0
2449,2026-01-30T09:12:18.915Z,2026-01-30T09:12:20.589Z,1674,FG-B,BATCH-1004,DAY,normal,0,0
2450,2026-01-30T09:12:20.589Z,2026-01-30T09:12:22.076Z,1487,FG-B,BATCH-1004,DAY,normal,0,0
2451,2026-01-30T09:12:22.076Z,2026-01-30T09:12:23.543Z,1467,FG-B,BATCH-1004,DAY,normal,0,0
2452,2026-01-30T09:12:23.543Z,2026-01-30T09:12:25.012Z,1469,FG-B,BATCH-1004,DAY,normal,0,0
2453,2026-01-30T09:12:25.012Z,2026-01-30T09:12:26.545Z,1533,FG-B,BATCH-1004,DAY,normal,0,0
2454,2026-01-30T09:12:26.545Z,2026-01-30T09:12:28.089Z,1544,FG-B,BATCH-1004,DAY,normal,0,0
2455,2026-01-30T09:12:28.089Z,2026-01-30T09:12:29.461Z,1372,FG-B,BATCH-1004,DAY,normal,0,0
2456,2026-01-30T09:12:29.461Z,2026-01-30T09:12:30.966Z,1505,FG-B,BATCH-1004,DAY,normal,0,0
2457,2026-01-30T09:12:30.966Z,2026-01-30T09:12:32.626Z,1660,FG-B,BATCH-1004,DAY,normal,0,0
2458,2026-01-30T09:12:32.626Z,2026-01-30T09:12:34.239Z,1613,FG-B,BATCH-1004,DAY,normal,0,0
2459,2026-01-30T09:12:34.239Z,2026-01-30T09:12:35.602Z,1363,FG-B,BATCH-1004,DAY,normal,0,0
2460,2026-01-30T09:12:35.602Z,2026-01-30T09:12:37.149Z,1547,FG-B,BATCH-1004,DAY,normal,0,0
2461,2026-01-30T09:12:37.149Z,2026-01-30T09:12:38.724Z,1575,FG-B,BATCH-1004,DAY,normal,0,0
2462,2026-01-30T09:12:38.724Z,2026-01-30T09:12:40.344Z,1620,FG-B,BATCH-1004,DAY,normal,0,0
2463,2026-01-30T09:12:40.344Z,2026-01-30T09:12:41.792Z,1448,FG-B,BATCH-1004,DAY,normal,0,0
2464,2026-01-30T09:12:41.792Z,2026-01-30T09:12:43.448Z,1656,FG-B,BATCH-1004,DAY,normal,0,0
2465,2026-01-30T09:12:43.448Z,2026-01-30T09:12:44.880Z,1432,FG-B,BATCH-1004,DAY,normal,0,0
2466,2026-01-30T09:12:44.880Z,2026-01-30T09:12:46.528Z,1648,FG-B,BATCH-1004,DAY,normal,0,0
2467,2026-01-30T09:12:46.528Z,2026-01-30T09:12:48.099Z,1571,FG-B,BATCH-1004,DAY,normal,0,0
2468,2026-01-30T09:12:48.099Z,2026-01-30T09:12:49.428Z,1329,FG-B,BATCH-1004,DAY,normal,0,0
2469,2026-01-30T09:12:49.428Z,2026-01-30T09:12:51.049Z,1621,FG-B,BATCH-1004,DAY,normal,0,0
2470,2026-01-30T09:12:51.049Z,2026-01-30T09:12:52.727Z,1678,FG-B,BATCH-1004,DAY,normal,0,0
2471,2026-01-30T09:12:52.727Z,2026-01-30T09:12:54.386Z,1659,FG-B,BATCH-1004,DAY,normal,0,0
2472,2026-01-30T09:12:54.386Z,2026-01-30T09:12:55.917Z,1531,FG-B,BATCH-1004,DAY,normal,0,0
2473,2026-01-30T09:12:55.917Z,2026-01-30T09:12:57.475Z,1558,FG-B,BATCH-1004,DAY,normal,0,0
2474,2026-01-30T09:12:57.475Z,2026-01-30T09:12:59.105Z,1630,FG-B,BATCH-1004,DAY,normal,0,0
2475,2026-01-30T09:12:59.105Z,2026-01-30T09:13:00.856Z,1751,FG-B,BATCH-1004,DAY,normal,0,0
2476,2026-01-30T09:13:00.856Z,2026-01-30T09:13:02.415Z,1559,FG-B,BATCH-1004,DAY,normal,0,0
2477,2026-01-30T09:13:02.415Z,2026-01-30T09:13:03.913Z,1498,FG-B,BATCH-1004,DAY,normal,0,0
2478,2026-01-30T09:13:03.913Z,2026-01-30T09:13:05.595Z,1682,FG-B,BATCH-1004,DAY,normal,0,0
2479,2026-01-30T09:13:05.595Z,2026-01-30T09:13:07.091Z,1496,FG-B,BATCH-1004,DAY,normal,0,0
2480,2026-01-30T09:13:07.091Z,2026-01-30T09:13:08.496Z,1405,FG-B,BATCH-1004,DAY,normal,0,0
2481,2026-01-30T09:13:08.496Z,2026-01-30T09:13:23.488Z,14992,FG-B,BATCH-1004,DAY,long_gap,1,1
2482,2026-01-30T09:13:23.488Z,2026-01-30T09:13:24.989Z,1501,FG-B,BATCH-1004,DAY,normal,0,0
2483,2026-01-30T09:13:24.989Z,2026-01-30T09:13:26.421Z,1432,FG-B,BATCH-1004,DAY,normal,0,0
2484,2026-01-30T09:13:26.421Z,2026-01-30T09:13:28.081Z,1660,FG-B,BATCH-1004,DAY,normal,0,0
2485,2026-01-30T09:13:28.081Z,2026-01-30T09:13:29.664Z,1583,FG-B,BATCH-1004,DAY,normal,0,0
2486,2026-01-30T09:13:29.664Z,2026-01-30T09:13:31.141Z,1477,FG-B,BATCH-1004,DAY,normal,0,0
2487,2026-01-30T09:13:31.141Z,2026-01-30T09:13:32.652Z,1511,FG-B,BATCH-1004,DAY,normal,0,0
2488,2026-01-30T09:13:32.652Z,2026-01-30T09:13:34.228Z,1576,FG-B,BATCH-1004,DAY,normal,0,0
2489,2026-01-30T09:13:34.228Z,2026-01-30T09:13:35.849Z,1621,FG-B,BATCH-1004,DAY,normal,0,0
2490,2026-01-30T09:13:35.849Z,2026-01-30T09:13:37.438Z,1589,FG-B,BATCH-1004,DAY,normal,0,0
2491,2026-01-30T09:13:37.438Z,2026-01-30T09:13:40.471Z,3033,FG-B,BATCH-1004,DAY,slow_cycle,0,1
2492,2026-01-30T09:13:40.471Z,2026-01-30T09:13:41.956Z,1485,FG-B,BATCH-1004,DAY,normal,0,0
2493,2026-01-30T09:13:41.956Z,2026-01-30T09:13:43.499Z,1543,FG-B,BATCH-1004,DAY,normal,0,0
2494,2026-01-30T09:13:43.499Z,2026-01-30T09:13:45.141Z,1642,FG-B,BATCH-1004,DAY,normal,0,0
2495,2026-01-30T09:13:45.141Z,2026-01-30T09:13:46.805Z,1664,FG-B,BATCH-1004,DAY,normal,0,0
2496,2026-01-30T09:13:46.805Z,2026-01-30T09:13:48.472Z,1667,FG-B,BATCH-1004,DAY,normal,0,0
2497,2026-01-30T09:13:48.472Z,2026-01-30T09:13:50.077Z,1605,FG-B,BATCH-1004,DAY,normal,0,0
2498,2026-01-30T09:13:50.077Z,2026-01-30T09:13:51.699Z,1622,FG-B,BATCH-1004,DAY,normal,0,0
2499,2026-01-30T09:13:51.699Z,2026-01-30T09:13:53.325Z,1626,FG-B,BATCH-1004,DAY,normal,0,0
2500,2026-01-30T09:13:53.325Z,2026-01-30T09:13:54.968Z,1643,FG-B,BATCH-1005,DAY,normal,0,0
2501,2026-01-30T09:13:54.968Z,2026-01-30T09:13:56.549Z,1581,FG-B,BATCH-1005,DAY,normal,0,0
2502,2026-01-30T09:13:56.549Z,2026-01-30T09:13:57.946Z,1397,FG-B,BATCH-1005,DAY,normal,0,0
2503,2026-01-30T09:13:57.946Z,2026-01-30T09:13:59.394Z,1448,FG-B,BATCH-1005,DAY,normal,0,0
2504,2026-01-30T09:13:59.394Z,2026-01-30T09:14:00.875Z,1481,FG-B,BATCH-1005,DAY,normal,0,0
2505,2026-01-30T09:14:00.875Z,2026-01-30T09:14:02.585Z,1710,FG-B,BATCH-1005,DAY,normal,0,0
2506,2026-01-30T09:14:02.585Z,2026-01-30T09:14:03.882Z,1297,FG-B,BATCH-1005,DAY,normal,0,0
2507,2026-01-30T09:14:03.882Z,2026-01-30T09:14:05.376Z,1494,FG-B,BATCH-1005,DAY,normal,0,0
2508,2026-01-30T09:14:05.376Z,2026-01-30T09:14:07.041Z,1665,FG-B,BATCH-1005,DAY,normal,0,0
2509,2026-01-30T09:14:07.041Z,2026-01-30T09:14:08.716Z,1675,FG-B,BATCH-1005,DAY,normal,0,0
2510,2026-01-30T09:14:08.716Z,2026-01-30T09:14:10.125Z,1409,FG-B,BATCH-1005,DAY,normal,0,0
2511,2026-01-30T09:14:10.125Z,2026-01-30T09:14:11.712Z,1587,FG-B,BATCH-1005,DAY,normal,0,0
2512,2026-01-30T09:14:11.712Z,2026-01-30T09:14:13.267Z,1555,FG-B,BATCH-1005,DAY,normal,0,0
2513,2026-01-30T09:14:13.267Z,2026-01-30T09:14:14.881Z,1614,FG-B,BATCH-1005,DAY,normal,0,0
2514,2026-01-30T09:14:14.881Z,2026-01-30T09:14:16.509Z,1628,FG-B,BATCH-1005,DAY,normal,0,0
2515,2026-01-30T09:14:16.509Z,2026-01-30T09:14:18.006Z,1497,FG-B,BATCH-1005,DAY,normal,0,0
2516,2026-01-30T09:14:18.006Z,2026-01-30T09:14:19.600Z,1594,FG-B,BATCH-1005,DAY,normal,0,0
2517,2026-01-30T09:14:19.600Z,2026-01-30T09:14:24.107Z,4507,FG-B,BATCH-1005,DAY,jam_recovery,0,1
2518,2026-01-30T09:14:24.107Z,2026-01-30T09:14:25.591Z,1484,FG-B,BATCH-1005,DAY,normal,0,0
2519,2026-01-30T09:14:25.591Z,2026-01-30T09:14:27.222Z,1631,FG-B,BATCH-1005,DAY,normal,0,0
2520,2026-01-30T09:14:27.222Z,2026-01-30T09:14:28.729Z,1507,FG-B,BATCH-1005,DAY,normal,0,0
2521,2026-01-30T09:14:28.729Z,2026-01-30T09:14:30.245Z,1516,FG-B,BATCH-1005,DAY,normal,0,0
2522,2026-01-30T09:14:30.245Z,2026-01-30T09:14:31.816Z,1571,FG-B,BATCH-1005,DAY,normal,0,0
2523,2026-01-30T09:14:31.816Z,2026-01-30T09:14:33.281Z,1465,FG-B,BATCH-1005,DAY,normal,0,0
2524,2026-01-30T09:14:33.281Z,2026-01-30T09:14:34.733Z,1452,FG-B,BATCH-1005,DAY,normal,0,0
2525,2026-01-30T09:14:34.733Z,2026-01-30T09:14:36.259Z,1526,FG-B,BATCH-1005,DAY,normal,0,0
2526,2026-01-30T09:14:36.259Z,2026-01-30T09:14:37.560Z,1301,FG-B,BATCH-1005,DAY,normal,0,0
2527,2026-01-30T09:14:37.560Z,2026-01-30T09:14:39.030Z,1470,FG-B,BATCH-1005,DAY,normal,0,0
2528,2026-01-30T09:14:39.030Z,2026-01-30T09:14:40.625Z,1595,FG-B,BATCH-1005,DAY,normal,0,0
2529,2026-01-30T09:14:40.625Z,2026-01-30T09:14:42.054Z,1429,FG-B,BATCH-1005,DAY,normal,0,0
2530,2026-01-30T09:14:42.054Z,2026-01-30T09:14:43.627Z,1573,FG-B,BATCH-1005,DAY,normal,0,0
2531,2026-01-30T09:14:43.627Z,2026-01-30T09:14:45.056Z,1429,FG-B,BATCH-1005,DAY,normal,0,0
2532,2026-01-30T09:14:45.056Z,2026-01-30T09:14:46.795Z,1739,FG-B,BATCH-1005,DAY,normal,0,0
2533,2026-01-30T09:14:46.795Z,2026-01-30T09:14:48.443Z,1648,FG-B,BATCH-1005,DAY,normal,0,0
2534,2026-01-30T09:14:48.443Z,2026-01-30T09:14:49.899Z,1456,FG-B,BATCH-1005,DAY,normal,0,0
2535,2026-01-30T09:14:49.899Z,2026-01-30T09:14:51.386Z,1487,FG-B,BATCH-1005,DAY,normal,0,0
2536,2026-01-30T09:14:51.386Z,2026-01-30T09:14:53.037Z,1651,FG-B,BATCH-1005,DAY,normal,0,0
2537,2026-01-30T09:14:53.037Z,2026-01-30T09:14:54.794Z,1757,FG-B,BATCH-1005,DAY,normal,0,0
2538,2026-01-30T09:14:54.794Z,2026-01-30T09:14:56.403Z,1609,FG-B,BATCH-1005,DAY,normal,0,0
2539,2026-01-30T09:14:56.403Z,2026-01-30T09:14:57.797Z,1394,FG-B,BATCH-1005,DAY,normal,0,0
2540,2026-01-30T09:14:57.797Z,2026-01-30T09:14:59.319Z,1522,FG-B,BATCH-1005,DAY,normal,0,0
2541,2026-01-30T09:14:59.319Z,2026-01-30T09:15:00.828Z,1509,FG-B,BATCH-1005,DAY,normal,0,0
2542,2026-01-30T09:15:00.828Z,2026-01-30T09:15:08.974Z,8146,FG-B,BATCH-1005,DAY,long_gap,1,1
2543,2026-01-30T09:15:08.974Z,2026-01-30T09:15:10.441Z,1467,FG-B,BATCH-1005,DAY,normal,0,0
2544,2026-01-30T09:15:10.441Z,2026-01-30T09:15:11.893Z,1452,FG-B,BATCH-1005,DAY,normal,0,0
2545,2026-01-30T09:15:11.893Z,2026-01-30T09:15:13.419Z,1526,FG-B,BATCH-1005,DAY,normal,0,0
2546,2026-01-30T09:15:13.419Z,2026-01-30T09:15:14.928Z,1509,FG-B,BATCH-1005,DAY,normal,0,0
2547,2026-01-30T09:15:14.928Z,2026-01-30T09:15:16.397Z,1469,FG-B,BATCH-1005,DAY,normal,0,0
2548,2026-01-30T09:15:16.397Z,2026-01-30T09:15:17.864Z,1467,FG-B,BATCH-1005,DAY,normal,0,0
2549,2026-01-30T09:15:17.864Z,2026-01-30T09:15:19.622Z,1758,FG-B,BATCH-1005,DAY,normal,0,0
2550,2026-01-30T09:15:19.622Z,2026-01-30T09:15:35.023Z,15401,FG-B,BATCH-1005,DAY,long_gap,1,1
2551,2026-01-30T09:15:35.023Z,2026-01-30T09:15:36.601Z,1578,FG-B,BATCH-1005,DAY,normal,0,0
2552,2026-01-30T09:15:36.601Z,2026-01-30T09:15:38.200Z,1599,FG-B,BATCH-1005,DAY,normal,0,0
2553,2026-01-30T09:15:38.200Z,2026-01-30T09:15:39.800Z,1600,FG-B,BATCH-1005,DAY,normal,0,0
2554,2026-01-30T09:15:39.800Z,2026-01-30T09:15:41.483Z,1683,FG-B,BATCH-1005,DAY,normal,0,0
2555,2026-01-30T09:15:41.483Z,2026-01-30T09:15:43.075Z,1592,FG-B,BATCH-1005,DAY,normal,0,0
2556,2026-01-30T09:15:43.075Z,2026-01-30T09:15:44.741Z,1666,FG-B,BATCH-1005,DAY,normal,0,0
2557,2026-01-30T09:15:44.741Z,2026-01-30T09:15:46.138Z,1397,FG-B,BATCH-1005,DAY,normal,0,0
2558,2026-01-30T09:15:46.138Z,2026-01-30T09:15:47.616Z,1478,FG-B,BATCH-1005,DAY,normal,0,0
2559,2026-01-30T09:15:47.616Z,2026-01-30T09:15:49.210Z,1594,FG-B,BATCH-1005,DAY,normal,0,0
2560,2026-01-30T09:15:49.210Z,2026-01-30T09:15:50.618Z,1408,FG-B,BATCH-1005,DAY,normal,0,0
2561,2026-01-30T09:15:50.618Z,2026-01-30T09:15:52.122Z,1504,FG-B,BATCH-1005,DAY,normal,0,0
2562,2026-01-30T09:15:52.122Z,2026-01-30T09:15:53.503Z,1381,FG-B,BATCH-1005,DAY,normal,0,0
2563,2026-01-30T09:15:53.503Z,2026-01-30T09:15:55.189Z,1686,FG-B,BATCH-1005,DAY,normal,0,0
2564,2026-01-30T09:15:55.189Z,2026-01-30T09:15:56.873Z,1684,FG-B,BATCH-1005,DAY,normal,0,0
2565,2026-01-30T09:15:56.873Z,2026-01-30T09:15:58.413Z,1540,FG-B,BATCH-1005,DAY,normal,0,0
2566,2026-01-30T09:15:58.413Z,2026-01-30T09:16:00.106Z,1693,FG-B,BATCH-1005,DAY,normal,0,0
2567,2026-01-30T09:16:00.106Z,2026-01-30T09:16:01.663Z,1557,FG-B,BATCH-1005,DAY,normal,0,0
2568,2026-01-30T09:16:01.663Z,2026-01-30T09:16:03.245Z,1582,FG-B,BATCH-1005,DAY,normal,0,0
2569,2026-01-30T09:16:03.245Z,2026-01-30T09:16:04.785Z,1540,FG-B,BATCH-1005,DAY,normal,0,0
2570,2026-01-30T09:16:04.785Z,2026-01-30T09:16:06.166Z,1381,FG-B,BATCH-1005,DAY,normal,0,0
2571,2026-01-30T09:16:06.166Z,2026-01-30T09:16:07.754Z,1588,FG-B,BATCH-1005,DAY,normal,0,0
2572,2026-01-30T09:16:07.754Z,2026-01-30T09:16:09.344Z,1590,FG-B,BATCH-1005,DAY,normal,0,0
2573,2026-01-30T09:16:09.344Z,2026-01-30T09:16:10.988Z,1644,FG-B,BATCH-1005,DAY,normal,0,0
2574,2026-01-30T09:16:10.988Z,2026-01-30T09:16:12.492Z,1504,FG-B,BATCH-1005,DAY,normal,0,0
2575,2026-01-30T09:16:12.492Z,2026-01-30T09:16:14.082Z,1590,FG-B,BATCH-1005,DAY,normal,0,0
2576,2026-01-30T09:16:14.082Z,2026-01-30T09:16:15.663Z,1581,FG-B,BATCH-1005,DAY,normal,0,0
2577,2026-01-30T09:16:15.663Z,2026-01-30T09:16:17.147Z,1484,FG-B,BATCH-1005,DAY,normal,0,0
2578,2026-01-30T09:16:17.147Z,2026-01-30T09:16:18.601Z,1454,FG-B,BATCH-1005,DAY,normal,0,0
2579,2026-01-30T09:16:18.601Z,2026-01-30T09:16:20.116Z,1515,FG-B,BATCH-1005,DAY,normal,0,0
2580,2026-01-30T09:16:20.116Z,2026-01-30T09:16:21.644Z,1528,FG-B,BATCH-1005,DAY,normal,0,0
2581,2026-01-30T09:16:21.644Z,2026-01-30T09:16:23.140Z,1496,FG-B,BATCH-1005,DAY,normal,0,0
2582,2026-01-30T09:16:23.140Z,2026-01-30T09:16:24.778Z,1638,FG-B,BATCH-1005,DAY,normal,0,0
2583,2026-01-30T09:16:24.778Z,2026-01-30T09:16:26.439Z,1661,FG-B,BATCH-1005,DAY,normal,0,0
2584,2026-01-30T09:16:26.439Z,2026-01-30T09:16:27.999Z,1560,FG-B,BATCH-1005,DAY,normal,0,0
2585,2026-01-30T09:16:27.999Z,2026-01-30T09:16:29.435Z,1436,FG-B,BATCH-1005,DAY,normal,0,0
2586,2026-01-30T09:16:29.435Z,2026-01-30T09:16:31.067Z,1632,FG-B,BATCH-1005,DAY,normal,0,0
2587,2026-01-30T09:16:31.067Z,2026-01-30T09:16:32.664Z,1597,FG-B,BATCH-1005,DAY,normal,0,0
2588,2026-01-30T09:16:32.664Z,2026-01-30T09:16:34.323Z,1659,FG-B,BATCH-1005,DAY,normal,0,0
2589,2026-01-30T09:16:34.323Z,2026-01-30T09:16:35.927Z,1604,FG-B,BATCH-1005,DAY,normal,0,0
2590,2026-01-30T09:16:35.927Z,2026-01-30T09:16:37.550Z,1623,FG-B,BATCH-1005,DAY,normal,0,0
2591,2026-01-30T09:16:37.550Z,2026-01-30T09:16:39.119Z,1569,FG-B,BATCH-1005,DAY,normal,0,0
2592,2026-01-30T09:16:39.119Z,2026-01-30T09:16:40.553Z,1434,FG-B,BATCH-1005,DAY,normal,0,0
2593,2026-01-30T09:16:40.553Z,2026-01-30T09:16:42.085Z,1532,FG-B,BATCH-1005,DAY,normal,0,0
2594,2026-01-30T09:16:42.085Z,2026-01-30T09:16:43.790Z,1705,FG-B,BATCH-1005,DAY,normal,0,0
2595,2026-01-30T09:16:43.790Z,2026-01-30T09:16:49.334Z,5544,FG-B,BATCH-1005,DAY,jam_recovery,1,1
2596,2026-01-30T09:16:49.334Z,2026-01-30T09:16:50.873Z,1539,FG-B,BATCH-1005,DAY,normal,0,0
2597,2026-01-30T09:16:50.873Z,2026-01-30T09:16:52.260Z,1387,FG-B,BATCH-1005,DAY,normal,0,0
2598,2026-01-30T09:16:52.260Z,2026-01-30T09:16:53.394Z,1134,FG-B,BATCH-1005,DAY,fast_cycle,0,0
2599,2026-01-30T09:16:53.394Z,2026-01-30T09:16:54.943Z,1549,FG-B,BATCH-1005,DAY,normal,0,0
2600,2026-01-30T09:16:54.943Z,2026-01-30T09:16:56.427Z,1484,FG-B,BATCH-1005,DAY,normal,0,0
2601,2026-01-30T09:16:56.427Z,2026-01-30T09:16:57.911Z,1484,FG-B,BATCH-1005,DAY,normal,0,0
2602,2026-01-30T09:16:57.911Z,2026-01-30T09:16:59.496Z,1585,FG-B,BATCH-1005,DAY,normal,0,0
2603,2026-01-30T09:16:59.496Z,2026-01-30T09:17:00.974Z,1478,FG-B,BATCH-1005,DAY,normal,0,0
2604,2026-01-30T09:17:00.974Z,2026-01-30T09:17:02.523Z,1549,FG-B,BATCH-1005,DAY,normal,0,0
2605,2026-01-30T09:17:02.523Z,2026-01-30T09:17:04.050Z,1527,FG-B,BATCH-1005,DAY,normal,0,0
2606,2026-01-30T09:17:04.050Z,2026-01-30T09:17:05.543Z,1493,FG-B,BATCH-1005,DAY,normal,0,0
2607,2026-01-30T09:17:05.543Z,2026-01-30T09:17:07.052Z,1509,FG-B,BATCH-1005,DAY,normal,0,0
2608,2026-01-30T09:17:07.052Z,2026-01-30T09:17:08.580Z,1528,FG-B,BATCH-1005,DAY,normal,0,0
2609,2026-01-30T09:17:08.580Z,2026-01-30T09:17:10.266Z,1686,FG-B,BATCH-1005,DAY,normal,0,0
2610,2026-01-30T09:17:10.266Z,2026-01-30T09:17:11.861Z,1595,FG-B,BATCH-1005,DAY,normal,0,0
2611,2026-01-30T09:17:11.861Z,2026-01-30T09:17:13.333Z,1472,FG-B,BATCH-1005,DAY,normal,0,0
2612,2026-01-30T09:17:13.333Z,2026-01-30T09:17:14.922Z,1589,FG-B,BATCH-1005,DAY,normal,0,0
2613,2026-01-30T09:17:14.922Z,2026-01-30T09:17:16.438Z,1516,FG-B,BATCH-1005,DAY,normal,0,0
2614,2026-01-30T09:17:16.438Z,2026-01-30T09:17:17.985Z,1547,FG-B,BATCH-1005,DAY,normal,0,0
2615,2026-01-30T09:17:17.985Z,2026-01-30T09:17:19.454Z,1469,FG-B,BATCH-1005,DAY,normal,0,0
2616,2026-01-30T09:17:19.454Z,2026-01-30T09:17:21.030Z,1576,FG-B,BATCH-1005,DAY,normal,0,0
2617,2026-01-30T09:17:21.030Z,2026-01-30T09:17:22.718Z,1688,FG-B,BATCH-1005,DAY,normal,0,0
2618,2026-01-30T09:17:22.718Z,2026-01-30T09:17:24.258Z,1540,FG-B,BATCH-1005,DAY,normal,0,0
2619,2026-01-30T09:17:24.258Z,2026-01-30T09:17:25.749Z,1491,FG-B,BATCH-1005,DAY,normal,0,0
2620,2026-01-30T09:17:25.749Z,2026-01-30T09:17:27.237Z,1488,FG-B,BATCH-1005,DAY,normal,0,0
2621,2026-01-30T09:17:27.237Z,2026-01-30T09:17:28.924Z,1687,FG-B,BATCH-1005,DAY,normal,0,0
2622,2026-01-30T09:17:28.924Z,2026-01-30T09:17:30.354Z,1430,FG-B,BATCH-1005,DAY,normal,0,0
2623,2026-01-30T09:17:30.354Z,2026-01-30T09:17:31.993Z,1639,FG-B,BATCH-1005,DAY,normal,0,0
2624,2026-01-30T09:17:31.993Z,2026-01-30T09:17:33.541Z,1548,FG-B,BATCH-1005,DAY,normal,0,0
2625,2026-01-30T09:17:33.541Z,2026-01-30T09:17:35.068Z,1527,FG-B,BATCH-1005,DAY,normal,0,0
2626,2026-01-30T09:17:35.068Z,2026-01-30T09:17:36.500Z,1432,FG-B,BATCH-1005,DAY,normal,0,0
2627,2026-01-30T09:17:36.500Z,2026-01-30T09:17:41.854Z,5354,FG-B,BATCH-1005,DAY,jam_recovery,1,1
2628,2026-01-30T09:17:41.854Z,2026-01-30T09:17:43.237Z,1383,FG-B,BATCH-1005,DAY,normal,0,0
2629,2026-01-30T09:17:43.237Z,2026-01-30T09:17:44.594Z,1357,FG-B,BATCH-1005,DAY,normal,0,0
2630,2026-01-30T09:17:44.594Z,2026-01-30T09:17:46.185Z,1591,FG-B,BATCH-1005,DAY,normal,0,0
2631,2026-01-30T09:17:46.185Z,2026-01-30T09:17:47.655Z,1470,FG-B,BATCH-1005,DAY,normal,0,0
2632,2026-01-30T09:17:47.655Z,2026-01-30T09:17:49.138Z,1483,FG-B,BATCH-1005,DAY,normal,0,0
2633,2026-01-30T09:17:49.138Z,2026-01-30T09:17:50.597Z,1459,FG-B,BATCH-1005,DAY,normal,0,0
2634,2026-01-30T09:17:50.597Z,2026-01-30T09:17:52.121Z,1524,FG-B,BATCH-1005,DAY,normal,0,0
2635,2026-01-30T09:17:52.121Z,2026-01-30T09:17:53.532Z,1411,FG-B,BATCH-1005,DAY,normal,0,0
2636,2026-01-30T09:17:53.532Z,2026-01-30T09:17:55.047Z,1515,FG-B,BATCH-1005,DAY,normal,0,0
2637,2026-01-30T09:17:55.047Z,2026-01-30T09:17:56.528Z,1481,FG-B,BATCH-1005,DAY,normal,0,0
2638,2026-01-30T09:17:56.528Z,2026-01-30T09:17:58.072Z,1544,FG-B,BATCH-1005,DAY,normal,0,0
2639,2026-01-30T09:17:58.072Z,2026-01-30T09:17:59.596Z,1524,FG-B,BATCH-1005,DAY,normal,0,0
2640,2026-01-30T09:17:59.596Z,2026-01-30T09:18:01.069Z,1473,FG-B,BATCH-1005,DAY,normal,0,0
2641,2026-01-30T09:18:01.069Z,2026-01-30T09:18:02.628Z,1559,FG-B,BATCH-1005,DAY,normal,0,0
2642,2026-01-30T09:18:02.628Z,2026-01-30T09:18:04.205Z,1577,FG-B,BATCH-1005,DAY,normal,0,0
2643,2026-01-30T09:18:04.205Z,2026-01-30T09:18:05.747Z,1542,FG-B,BATCH-1005,DAY,normal,0,0
2644,2026-01-30T09:18:05.747Z,2026-01-30T09:18:07.402Z,1655,FG-B,BATCH-1005,DAY,normal,0,0
2645,2026-01-30T09:18:07.402Z,2026-01-30T09:18:08.738Z,1336,FG-B,BATCH-1005,DAY,normal,0,0
2646,2026-01-30T09:18:08.738Z,2026-01-30T09:18:10.410Z,1672,FG-B,BATCH-1005,DAY,normal,0,0
2647,2026-01-30T09:18:10.410Z,2026-01-30T09:18:12.074Z,1664,FG-B,BATCH-1005,DAY,normal,0,0
2648,2026-01-30T09:18:12.074Z,2026-01-30T09:18:13.709Z,1635,FG-B,BATCH-1005,DAY,normal,0,0
2649,2026-01-30T09:18:13.709Z,2026-01-30T09:18:15.172Z,1463,FG-B,BATCH-1005,DAY,normal,0,0
2650,2026-01-30T09:18:15.172Z,2026-01-30T09:18:16.683Z,1511,FG-B,BATCH-1005,DAY,normal,0,0
2651,2026-01-30T09:18:16.683Z,2026-01-30T09:18:18.150Z,1467,FG-B,BATCH-1005,DAY,normal,0,0
2652,2026-01-30T09:18:18.150Z,2026-01-30T09:18:19.547Z,1397,FG-B,BATCH-1005,DAY,normal,0,0
2653,2026-01-30T09:18:19.547Z,2026-01-30T09:18:20.918Z,1371,FG-B,BATCH-1005,DAY,normal,0,0
2654,2026-01-30T09:18:20.918Z,2026-01-30T09:18:22.587Z,1669,FG-B,BATCH-1005,DAY,normal,0,0
2655,2026-01-30T09:18:22.587Z,2026-01-30T09:18:24.029Z,1442,FG-B,BATCH-1005,DAY,normal,0,0
2656,2026-01-30T09:18:24.029Z,2026-01-30T09:18:25.711Z,1682,FG-B,BATCH-1005,DAY,normal,0,0
2657,2026-01-30T09:18:25.711Z,2026-01-30T09:18:27.320Z,1609,FG-B,BATCH-1005,DAY,normal,0,0
2658,2026-01-30T09:18:27.320Z,2026-01-30T09:18:29.075Z,1755,FG-B,BATCH-1005,DAY,normal,0,0
2659,2026-01-30T09:18:29.075Z,2026-01-30T09:18:30.697Z,1622,FG-B,BATCH-1005,DAY,normal,0,0
2660,2026-01-30T09:18:30.697Z,2026-01-30T09:18:32.014Z,1317,FG-B,BATCH-1005,DAY,normal,0,0
2661,2026-01-30T09:18:32.014Z,2026-01-30T09:18:33.560Z,1546,FG-B,BATCH-1005,DAY,normal,0,0
2662,2026-01-30T09:18:33.560Z,2026-01-30T09:18:35.042Z,1482,FG-B,BATCH-1005,DAY,normal,0,0
2663,2026-01-30T09:18:35.042Z,2026-01-30T09:18:36.579Z,1537,FG-B,BATCH-1005,DAY,normal,0,0
2664,2026-01-30T09:18:36.579Z,2026-01-30T09:18:37.983Z,1404,FG-B,BATCH-1005,DAY,normal,0,0
2665,2026-01-30T09:18:37.983Z,2026-01-30T09:18:39.353Z,1370,FG-B,BATCH-1005,DAY,normal,0,0
2666,2026-01-30T09:18:39.353Z,2026-01-30T09:18:40.998Z,1645,FG-B,BATCH-1005,DAY,normal,0,0
2667,2026-01-30T09:18:40.998Z,2026-01-30T09:18:42.587Z,1589,FG-B,BATCH-1005,DAY,normal,0,0
2668,2026-01-30T09:18:42.587Z,2026-01-30T09:18:44.164Z,1577,FG-B,BATCH-1005,DAY,normal,0,0
2669,2026-01-30T09:18:44.164Z,2026-01-30T09:18:45.666Z,1502,FG-B,BATCH-1005,DAY,normal,0,0
2670,2026-01-30T09:18:45.666Z,2026-01-30T09:18:47.162Z,1496,FG-B,BATCH-1005,DAY,normal,0,0
2671,2026-01-30T09:18:47.162Z,2026-01-30T09:18:48.632Z,1470,FG-B,BATCH-1005,DAY,normal,0,0
2672,2026-01-30T09:18:48.632Z,2026-01-30T09:18:50.064Z,1432,FG-B,BATCH-1005,DAY,normal,0,0
2673,2026-01-30T09:18:50.064Z,2026-01-30T09:18:51.546Z,1482,FG-B,BATCH-1005,DAY,normal,0,0
2674,2026-01-30T09:18:51.546Z,2026-01-30T09:18:52.911Z,1365,FG-B,BATCH-1005,DAY,normal,0,0
2675,2026-01-30T09:18:52.911Z,2026-01-30T09:18:54.516Z,1605,FG-B,BATCH-1005,DAY,normal,0,0
2676,2026-01-30T09:18:54.516Z,2026-01-30T09:18:56.042Z,1526,FG-B,BATCH-1005,DAY,normal,0,0
2677,2026-01-30T09:18:56.042Z,2026-01-30T09:18:57.574Z,1532,FG-B,BATCH-1005,DAY,normal,0,0
2678,2026-01-30T09:18:57.574Z,2026-01-30T09:18:58.985Z,1411,FG-B,BATCH-1005,DAY,normal,0,0
2679,2026-01-30T09:18:58.985Z,2026-01-30T09:19:00.532Z,1547,FG-B,BATCH-1005,DAY,normal,0,0
2680,2026-01-30T09:19:00.532Z,2026-01-30T09:19:02.026Z,1494,FG-B,BATCH-1005,DAY,normal,0,0
2681,2026-01-30T09:19:02.026Z,2026-01-30T09:19:03.472Z,1446,FG-B,BATCH-1005,DAY,normal,0,0
2682,2026-01-30T09:19:03.472Z,2026-01-30T09:19:05.104Z,1632,FG-B,BATCH-1005,DAY,normal,0,0
2683,2026-01-30T09:19:05.104Z,2026-01-30T09:19:06.701Z,1597,FG-B,BATCH-1005,DAY,normal,0,0
2684,2026-01-30T09:19:06.701Z,2026-01-30T09:19:08.077Z,1376,FG-B,BATCH-1005,DAY,normal,0,0
2685,2026-01-30T09:19:08.077Z,2026-01-30T09:19:09.651Z,1574,FG-B,BATCH-1005,DAY,normal,0,0
2686,2026-01-30T09:19:09.651Z,2026-01-30T09:19:11.275Z,1624,FG-B,BATCH-1005,DAY,normal,0,0
2687,2026-01-30T09:19:11.275Z,2026-01-30T09:19:12.831Z,1556,FG-B,BATCH-1005,DAY,normal,0,0
2688,2026-01-30T09:19:12.831Z,2026-01-30T09:19:14.471Z,1640,FG-B,BATCH-1005,DAY,normal,0,0
2689,2026-01-30T09:19:14.471Z,2026-01-30T09:19:15.923Z,1452,FG-B,BATCH-1005,DAY,normal,0,0
2690,2026-01-30T09:19:15.923Z,2026-01-30T09:19:17.352Z,1429,FG-B,BATCH-1005,DAY,normal,0,0
2691,2026-01-30T09:19:17.352Z,2026-01-30T09:19:18.770Z,1418,FG-B,BATCH-1005,DAY,normal,0,0
2692,2026-01-30T09:19:18.770Z,2026-01-30T09:19:20.279Z,1509,FG-B,BATCH-1005,DAY,normal,0,0
2693,2026-01-30T09:19:20.279Z,2026-01-30T09:19:21.687Z,1408,FG-B,BATCH-1005,DAY,normal,0,0
2694,2026-01-30T09:19:21.687Z,2026-01-30T09:19:23.141Z,1454,FG-B,BATCH-1005,DAY,normal,0,0
2695,2026-01-30T09:19:23.141Z,2026-01-30T09:19:24.653Z,1512,FG-B,BATCH-1005,DAY,normal,0,0
2696,2026-01-30T09:19:24.653Z,2026-01-30T09:19:28.199Z,3546,FG-B,BATCH-1005,DAY,jam_recovery,0,1
2697,2026-01-30T09:19:28.199Z,2026-01-30T09:19:29.830Z,1631,FG-B,BATCH-1005,DAY,normal,0,0
2698,2026-01-30T09:19:29.830Z,2026-01-30T09:19:31.408Z,1578,FG-B,BATCH-1005,DAY,normal,0,0
2699,2026-01-30T09:19:31.408Z,2026-01-30T09:19:32.953Z,1545,FG-B,BATCH-1005,DAY,normal,0,0
2700,2026-01-30T09:19:32.953Z,2026-01-30T09:19:34.347Z,1394,FG-B,BATCH-1005,DAY,normal,0,0
2701,2026-01-30T09:19:34.347Z,2026-01-30T09:19:35.916Z,1569,FG-B,BATCH-1005,DAY,normal,0,0
2702,2026-01-30T09:19:35.916Z,2026-01-30T09:19:39.741Z,3825,FG-B,BATCH-1005,DAY,jam_recovery,0,1
2703,2026-01-30T09:19:39.741Z,2026-01-30T09:19:41.170Z,1429,FG-B,BATCH-1005,DAY,normal,0,0
2704,2026-01-30T09:19:41.170Z,2026-01-30T09:19:42.194Z,1024,FG-B,BATCH-1005,DAY,fast_cycle,0,0
2705,2026-01-30T09:19:42.194Z,2026-01-30T09:19:43.764Z,1570,FG-B,BATCH-1005,DAY,normal,0,0
2706,2026-01-30T09:19:43.764Z,2026-01-30T09:19:45.310Z,1546,FG-B,BATCH-1005,DAY,normal,0,0
2707,2026-01-30T09:19:45.310Z,2026-01-30T09:19:46.869Z,1559,FG-B,BATCH-1005,DAY,normal,0,0
2708,2026-01-30T09:19:46.869Z,2026-01-30T09:19:48.345Z,1476,FG-B,BATCH-1005,DAY,normal,0,0
2709,2026-01-30T09:19:48.345Z,2026-01-30T09:19:49.892Z,1547,FG-B,BATCH-1005,DAY,normal,0,0
2710,2026-01-30T09:19:49.892Z,2026-01-30T09:19:51.511Z,1619,FG-B,BATCH-1005,DAY,normal,0,0
2711,2026-01-30T09:19:51.511Z,2026-01-30T09:19:53.111Z,1600,FG-B,BATCH-1005,DAY,normal,0,0
2712,2026-01-30T09:19:53.111Z,2026-01-30T09:19:54.676Z,1565,FG-B,BATCH-1005,DAY,normal,0,0
2713,2026-01-30T09:19:54.676Z,2026-01-30T09:19:56.113Z,1437,FG-B,BATCH-1005,DAY,normal,0,0
2714,2026-01-30T09:19:56.113Z,2026-01-30T09:19:57.608Z,1495,FG-B,BATCH-1005,DAY,normal,0,0
2715,2026-01-30T09:19:57.608Z,2026-01-30T09:19:59.063Z,1455,FG-B,BATCH-1005,DAY,normal,0,0
2716,2026-01-30T09:19:59.063Z,2026-01-30T09:20:00.712Z,1649,FG-B,BATCH-1005,DAY,normal,0,0
2717,2026-01-30T09:20:00.712Z,2026-01-30T09:20:02.380Z,1668,FG-B,BATCH-1005,DAY,normal,0,0
2718,2026-01-30T09:20:02.380Z,2026-01-30T09:20:03.839Z,1459,FG-B,BATCH-1005,DAY,normal,0,0
2719,2026-01-30T09:20:03.839Z,2026-01-30T09:20:05.323Z,1484,FG-B,BATCH-1005,DAY,normal,0,0
2720,2026-01-30T09:20:05.323Z,2026-01-30T09:20:06.728Z,1405,FG-B,BATCH-1005,DAY,normal,0,0
2721,2026-01-30T09:20:06.728Z,2026-01-30T09:20:08.333Z,1605,FG-B,BATCH-1005,DAY,normal,0,0
2722,2026-01-30T09:20:08.333Z,2026-01-30T09:20:09.888Z,1555,FG-B,BATCH-1005,DAY,normal,0,0
2723,2026-01-30T09:20:09.888Z,2026-01-30T09:20:11.406Z,1518,FG-B,BATCH-1005,DAY,normal,0,0
2724,2026-01-30T09:20:11.406Z,2026-01-30T09:20:14.096Z,2690,FG-B,BATCH-1005,DAY,slow_cycle,0,1
2725,2026-01-30T09:20:14.096Z,2026-01-30T09:20:22.298Z,8202,FG-B,BATCH-1005,DAY,long_gap,1,1
2726,2026-01-30T09:20:22.298Z,2026-01-30T09:20:23.945Z,1647,FG-B,BATCH-1005,DAY,normal,0,0
2727,2026-01-30T09:20:23.945Z,2026-01-30T09:20:25.549Z,1604,FG-B,BATCH-1005,DAY,normal,0,0
2728,2026-01-30T09:20:25.549Z,2026-01-30T09:20:27.137Z,1588,FG-B,BATCH-1005,DAY,normal,0,0
2729,2026-01-30T09:20:27.137Z,2026-01-30T09:20:28.514Z,1377,FG-B,BATCH-1005,DAY,normal,0,0
2730,2026-01-30T09:20:28.514Z,2026-01-30T09:20:29.970Z,1456,FG-B,BATCH-1005,DAY,normal,0,0
2731,2026-01-30T09:20:29.970Z,2026-01-30T09:20:31.411Z,1441,FG-B,BATCH-1005,DAY,normal,0,0
2732,2026-01-30T09:20:31.411Z,2026-01-30T09:20:32.921Z,1510,FG-B,BATCH-1005,DAY,normal,0,0
2733,2026-01-30T09:20:32.921Z,2026-01-30T09:20:34.434Z,1513,FG-B,BATCH-1005,DAY,normal,0,0
2734,2026-01-30T09:20:34.434Z,2026-01-30T09:20:36.091Z,1657,FG-B,BATCH-1005,DAY,normal,0,0
2735,2026-01-30T09:20:36.091Z,2026-01-30T09:20:37.580Z,1489,FG-B,BATCH-1005,DAY,normal,0,0
2736,2026-01-30T09:20:37.580Z,2026-01-30T09:20:39.180Z,1600,FG-B,BATCH-1005,DAY,normal,0,0
2737,2026-01-30T09:20:39.180Z,2026-01-30T09:20:40.712Z,1532,FG-B,BATCH-1005,DAY,normal,0,0
2738,2026-01-30T09:20:40.712Z,2026-01-30T09:20:42.316Z,1604,FG-B,BATCH-1005,DAY,normal,0,0
2739,2026-01-30T09:20:42.316Z,2026-01-30T09:20:43.897Z,1581,FG-B,BATCH-1005,DAY,normal,0,0
2740,2026-01-30T09:20:43.897Z,2026-01-30T09:20:45.458Z,1561,FG-B,BATCH-1005,DAY,normal,0,0
2741,2026-01-30T09:20:45.458Z,2026-01-30T09:20:47.148Z,1690,FG-B,BATCH-1005,DAY,normal,0,0
2742,2026-01-30T09:20:47.148Z,2026-01-30T09:20:48.736Z,1588,FG-B,BATCH-1005,DAY,normal,0,0
2743,2026-01-30T09:20:48.736Z,2026-01-30T09:20:50.425Z,1689,FG-B,BATCH-1005,DAY,normal,0,0
2744,2026-01-30T09:20:50.425Z,2026-01-30T09:20:51.896Z,1471,FG-B,BATCH-1005,DAY,normal,0,0
2745,2026-01-30T09:20:51.896Z,2026-01-30T09:20:56.925Z,5029,FG-B,BATCH-1005,DAY,jam_recovery,1,1
2746,2026-01-30T09:20:56.925Z,2026-01-30T09:20:58.432Z,1507,FG-B,BATCH-1005,DAY,normal,0,0
2747,2026-01-30T09:20:58.432Z,2026-01-30T09:21:00.060Z,1628,FG-B,BATCH-1005,DAY,normal,0,0
2748,2026-01-30T09:21:00.060Z,2026-01-30T09:21:01.591Z,1531,FG-B,BATCH-1005,DAY,normal,0,0
2749,2026-01-30T09:21:01.591Z,2026-01-30T09:21:03.092Z,1501,FG-B,BATCH-1005,DAY,normal,0,0
2750,2026-01-30T09:21:03.092Z,2026-01-30T09:21:04.696Z,1604,FG-B,BATCH-1005,DAY,normal,0,0
2751,2026-01-30T09:21:04.696Z,2026-01-30T09:21:06.374Z,1678,FG-B,BATCH-1005,DAY,normal,0,0
2752,2026-01-30T09:21:06.374Z,2026-01-30T09:21:08.023Z,1649,FG-B,BATCH-1005,DAY,normal,0,0
2753,2026-01-30T09:21:08.023Z,2026-01-30T09:21:09.459Z,1436,FG-B,BATCH-1005,DAY,normal,0,0
2754,2026-01-30T09:21:09.459Z,2026-01-30T09:21:11.033Z,1574,FG-B,BATCH-1005,DAY,normal,0,0
2755,2026-01-30T09:21:11.033Z,2026-01-30T09:21:12.697Z,1664,FG-B,BATCH-1005,DAY,normal,0,0
2756,2026-01-30T09:21:12.697Z,2026-01-30T09:21:14.206Z,1509,FG-B,BATCH-1005,DAY,normal,0,0
2757,2026-01-30T09:21:14.206Z,2026-01-30T09:21:15.773Z,1567,FG-B,BATCH-1005,DAY,normal,0,0
2758,2026-01-30T09:21:15.773Z,2026-01-30T09:21:17.254Z,1481,FG-B,BATCH-1005,DAY,normal,0,0
2759,2026-01-30T09:21:17.254Z,2026-01-30T09:21:18.830Z,1576,FG-B,BATCH-1005,DAY,normal,0,0
2760,2026-01-30T09:21:18.830Z,2026-01-30T09:21:20.400Z,1570,FG-B,BATCH-1005,DAY,normal,0,0
2761,2026-01-30T09:21:20.400Z,2026-01-30T09:21:21.895Z,1495,FG-B,BATCH-1005,DAY,normal,0,0
2762,2026-01-30T09:21:21.895Z,2026-01-30T09:21:23.384Z,1489,FG-B,BATCH-1005,DAY,normal,0,0
2763,2026-01-30T09:21:23.384Z,2026-01-30T09:21:24.946Z,1562,FG-B,BATCH-1005,DAY,normal,0,0
2764,2026-01-30T09:21:24.946Z,2026-01-30T09:21:26.537Z,1591,FG-B,BATCH-1005,DAY,normal,0,0
2765,2026-01-30T09:21:26.537Z,2026-01-30T09:21:28.055Z,1518,FG-B,BATCH-1005,DAY,normal,0,0
2766,2026-01-30T09:21:28.055Z,2026-01-30T09:21:29.631Z,1576,FG-B,BATCH-1005,DAY,normal,0,0
2767,2026-01-30T09:21:29.631Z,2026-01-30T09:21:31.178Z,1547,FG-B,BATCH-1005,DAY,normal,0,0
2768,2026-01-30T09:21:31.178Z,2026-01-30T09:21:32.748Z,1570,FG-B,BATCH-1005,DAY,normal,0,0
2769,2026-01-30T09:21:32.748Z,2026-01-30T09:21:34.353Z,1605,FG-B,BATCH-1005,DAY,normal,0,0
2770,2026-01-30T09:21:34.353Z,2026-01-30T09:21:35.914Z,1561,FG-B,BATCH-1005,DAY,normal,0,0
2771,2026-01-30T09:21:35.914Z,2026-01-30T09:21:37.311Z,1397,FG-B,BATCH-1005,DAY,normal,0,0
2772,2026-01-30T09:21:37.311Z,2026-01-30T09:21:39.022Z,1711,FG-B,BATCH-1005,DAY,normal,0,0
2773,2026-01-30T09:21:39.022Z,2026-01-30T09:21:40.515Z,1493,FG-B,BATCH-1005,DAY,normal,0,0
2774,2026-01-30T09:21:40.515Z,2026-01-30T09:21:41.730Z,1215,FG-B,BATCH-1005,DAY,normal,0,0
2775,2026-01-30T09:21:41.730Z,2026-01-30T09:21:43.279Z,1549,FG-B,BATCH-1005,DAY,normal,0,0
2776,2026-01-30T09:21:43.279Z,2026-01-30T09:21:44.779Z,1500,FG-B,BATCH-1005,DAY,normal,0,0
2777,2026-01-30T09:21:44.779Z,2026-01-30T09:21:46.458Z,1679,FG-B,BATCH-1005,DAY,normal,0,0
2778,2026-01-30T09:21:46.458Z,2026-01-30T09:21:47.927Z,1469,FG-B,BATCH-1005,DAY,normal,0,0
2779,2026-01-30T09:21:47.927Z,2026-01-30T09:21:49.565Z,1638,FG-B,BATCH-1005,DAY,normal,0,0
2780,2026-01-30T09:21:49.565Z,2026-01-30T09:22:04.992Z,15427,FG-B,BATCH-1005,DAY,long_gap,1,1
2781,2026-01-30T09:22:04.992Z,2026-01-30T09:22:09.761Z,4769,FG-B,BATCH-1005,DAY,jam_recovery,0,1
2782,2026-01-30T09:22:09.761Z,2026-01-30T09:22:11.291Z,1530,FG-B,BATCH-1005,DAY,normal,0,0
2783,2026-01-30T09:22:11.291Z,2026-01-30T09:22:12.794Z,1503,FG-B,BATCH-1005,DAY,normal,0,0
2784,2026-01-30T09:22:12.794Z,2026-01-30T09:22:14.374Z,1580,FG-B,BATCH-1005,DAY,normal,0,0
2785,2026-01-30T09:22:14.374Z,2026-01-30T09:22:15.733Z,1359,FG-B,BATCH-1005,DAY,normal,0,0
2786,2026-01-30T09:22:15.733Z,2026-01-30T09:22:17.246Z,1513,FG-B,BATCH-1005,DAY,normal,0,0
2787,2026-01-30T09:22:17.246Z,2026-01-30T09:22:18.768Z,1522,FG-B,BATCH-1005,DAY,normal,0,0
2788,2026-01-30T09:22:18.768Z,2026-01-30T09:22:20.349Z,1581,FG-B,BATCH-1005,DAY,normal,0,0
2789,2026-01-30T09:22:20.349Z,2026-01-30T09:22:21.935Z,1586,FG-B,BATCH-1005,DAY,normal,0,0
2790,2026-01-30T09:22:21.935Z,2026-01-30T09:22:23.382Z,1447,FG-B,BATCH-1005,DAY,normal,0,0
2791,2026-01-30T09:22:23.382Z,2026-01-30T09:22:24.919Z,1537,FG-B,BATCH-1005,DAY,normal,0,0
2792,2026-01-30T09:22:24.919Z,2026-01-30T09:22:26.445Z,1526,FG-B,BATCH-1005,DAY,normal,0,0
2793,2026-01-30T09:22:26.445Z,2026-01-30T09:22:27.951Z,1506,FG-B,BATCH-1005,DAY,normal,0,0
2794,2026-01-30T09:22:27.951Z,2026-01-30T09:22:29.546Z,1595,FG-B,BATCH-1005,DAY,normal,0,0
2795,2026-01-30T09:22:29.546Z,2026-01-30T09:22:31.004Z,1458,FG-B,BATCH-1005,DAY,normal,0,0
2796,2026-01-30T09:22:31.004Z,2026-01-30T09:22:32.399Z,1395,FG-B,BATCH-1005,DAY,normal,0,0
2797,2026-01-30T09:22:32.399Z,2026-01-30T09:22:33.956Z,1557,FG-B,BATCH-1005,DAY,normal,0,0
2798,2026-01-30T09:22:33.956Z,2026-01-30T09:22:38.601Z,4645,FG-B,BATCH-1005,DAY,jam_recovery,0,1
2799,2026-01-30T09:22:38.601Z,2026-01-30T09:22:40.074Z,1473,FG-B,BATCH-1005,DAY,normal,0,0
2800,2026-01-30T09:22:40.074Z,2026-01-30T09:22:41.713Z,1639,FG-B,BATCH-1005,DAY,normal,0,0
2801,2026-01-30T09:22:41.713Z,2026-01-30T09:22:43.200Z,1487,FG-B,BATCH-1005,DAY,normal,0,0
2802,2026-01-30T09:22:43.200Z,2026-01-30T09:22:44.898Z,1698,FG-B,BATCH-1005,DAY,normal,0,0
2803,2026-01-30T09:22:44.898Z,2026-01-30T09:22:46.179Z,1281,FG-B,BATCH-1005,DAY,fast_cycle,0,0
2804,2026-01-30T09:22:46.179Z,2026-01-30T09:22:47.615Z,1436,FG-B,BATCH-1005,DAY,normal,0,0
2805,2026-01-30T09:22:47.615Z,2026-01-30T09:22:48.964Z,1349,FG-B,BATCH-1005,DAY,normal,0,0
2806,2026-01-30T09:22:48.964Z,2026-01-30T09:22:50.424Z,1460,FG-B,BATCH-1005,DAY,normal,0,0
2807,2026-01-30T09:22:50.424Z,2026-01-30T09:22:51.888Z,1464,FG-B,BATCH-1005,DAY,normal,0,0
2808,2026-01-30T09:22:51.888Z,2026-01-30T09:22:53.550Z,1662,FG-B,BATCH-1005,DAY,normal,0,0
2809,2026-01-30T09:22:53.550Z,2026-01-30T09:22:55.137Z,1587,FG-B,BATCH-1005,DAY,normal,0,0
2810,2026-01-30T09:22:55.137Z,2026-01-30T09:22:56.666Z,1529,FG-B,BATCH-1005,DAY,normal,0,0
2811,2026-01-30T09:22:56.666Z,2026-01-30T09:22:58.238Z,1572,FG-B,BATCH-1005,DAY,normal,0,0
2812,2026-01-30T09:22:58.238Z,2026-01-30T09:22:59.553Z,1315,FG-B,BATCH-1005,DAY,normal,0,0
2813,2026-01-30T09:22:59.553Z,2026-01-30T09:23:00.963Z,1410,FG-B,BATCH-1005,DAY,normal,0,0
2814,2026-01-30T09:23:00.963Z,2026-01-30T09:23:02.502Z,1539,FG-B,BATCH-1005,DAY,normal,0,0
2815,2026-01-30T09:23:02.502Z,2026-01-30T09:23:04.115Z,1613,FG-B,BATCH-1005,DAY,normal,0,0
2816,2026-01-30T09:23:04.115Z,2026-01-30T09:23:05.635Z,1520,FG-B,BATCH-1005,DAY,normal,0,0
2817,2026-01-30T09:23:05.635Z,2026-01-30T09:23:07.195Z,1560,FG-B,BATCH-1005,DAY,normal,0,0
2818,2026-01-30T09:23:07.195Z,2026-01-30T09:23:08.673Z,1478,FG-B,BATCH-1005,DAY,normal,0,0
2819,2026-01-30T09:23:08.673Z,2026-01-30T09:23:10.190Z,1517,FG-B,BATCH-1005,DAY,normal,0,0
2820,2026-01-30T09:23:10.190Z,2026-01-30T09:23:11.638Z,1448,FG-B,BATCH-1005,DAY,normal,0,0
2821,2026-01-30T09:23:11.638Z,2026-01-30T09:23:13.147Z,1509,FG-B,BATCH-1005,DAY,normal,0,0
2822,2026-01-30T09:23:13.147Z,2026-01-30T09:23:14.835Z,1688,FG-B,BATCH-1005,DAY,normal,0,0
2823,2026-01-30T09:23:14.835Z,2026-01-30T09:23:16.302Z,1467,FG-B,BATCH-1005,DAY,normal,0,0
2824,2026-01-30T09:23:16.302Z,2026-01-30T09:23:17.909Z,1607,FG-B,BATCH-1005,DAY,normal,0,0
2825,2026-01-30T09:23:17.909Z,2026-01-30T09:23:19.368Z,1459,FG-B,BATCH-1005,DAY,normal,0,0
2826,2026-01-30T09:23:19.368Z,2026-01-30T09:23:20.836Z,1468,FG-B,BATCH-1005,DAY,normal,0,0
2827,2026-01-30T09:23:20.836Z,2026-01-30T09:23:22.592Z,1756,FG-B,BATCH-1005,DAY,normal,0,0
2828,2026-01-30T09:23:22.592Z,2026-01-30T09:23:24.081Z,1489,FG-B,BATCH-1005,DAY,normal,0,0
2829,2026-01-30T09:23:24.081Z,2026-01-30T09:23:25.501Z,1420,FG-B,BATCH-1005,DAY,normal,0,0
2830,2026-01-30T09:23:25.501Z,2026-01-30T09:23:26.971Z,1470,FG-B,BATCH-1005,DAY,normal,0,0
2831,2026-01-30T09:23:26.971Z,2026-01-30T09:23:28.439Z,1468,FG-B,BATCH-1005,DAY,normal,0,0
2832,2026-01-30T09:23:28.439Z,2026-01-30T09:23:30.023Z,1584,FG-B,BATCH-1005,DAY,normal,0,0
2833,2026-01-30T09:23:30.023Z,2026-01-30T09:23:31.613Z,1590,FG-B,BATCH-1005,DAY,normal,0,0
2834,2026-01-30T09:23:31.613Z,2026-01-30T09:23:33.129Z,1516,FG-B,BATCH-1005,DAY,normal,0,0
2835,2026-01-30T09:23:33.129Z,2026-01-30T09:23:34.687Z,1558,FG-B,BATCH-1005,DAY,normal,0,0
2836,2026-01-30T09:23:34.687Z,2026-01-30T09:23:36.341Z,1654,FG-B,BATCH-1005,DAY,normal,0,0
2837,2026-01-30T09:23:36.341Z,2026-01-30T09:23:37.821Z,1480,FG-B,BATCH-1005,DAY,normal,0,0
2838,2026-01-30T09:23:37.821Z,2026-01-30T09:23:39.294Z,1473,FG-B,BATCH-1005,DAY,normal,0,0
2839,2026-01-30T09:23:39.294Z,2026-01-30T09:23:40.752Z,1458,FG-B,BATCH-1005,DAY,normal,0,0
2840,2026-01-30T09:23:40.752Z,2026-01-30T09:23:42.333Z,1581,FG-B,BATCH-1005,DAY,normal,0,0
2841,2026-01-30T09:23:42.333Z,2026-01-30T09:23:43.771Z,1438,FG-B,BATCH-1005,DAY,normal,0,0
2842,2026-01-30T09:23:43.771Z,2026-01-30T09:23:45.310Z,1539,FG-B,BATCH-1005,DAY,normal,0,0
2843,2026-01-30T09:23:45.310Z,2026-01-30T09:23:46.778Z,1468,FG-B,BATCH-1005,DAY,normal,0,0
2844,2026-01-30T09:23:46.778Z,2026-01-30T09:23:48.223Z,1445,FG-B,BATCH-1005,DAY,fast_cycle,0,0
2845,2026-01-30T09:23:48.223Z,2026-01-30T09:23:49.718Z,1495,FG-B,BATCH-1005,DAY,normal,0,0
2846,2026-01-30T09:23:49.718Z,2026-01-30T09:23:51.351Z,1633,FG-B,BATCH-1005,DAY,normal,0,0
2847,2026-01-30T09:23:51.351Z,2026-01-30T09:23:53.062Z,1711,FG-B,BATCH-1005,DAY,normal,0,0
2848,2026-01-30T09:23:53.062Z,2026-01-30T09:23:54.765Z,1703,FG-B,BATCH-1005,DAY,normal,0,0
2849,2026-01-30T09:23:54.765Z,2026-01-30T09:23:56.259Z,1494,FG-B,BATCH-1005,DAY,normal,0,0
2850,2026-01-30T09:23:56.259Z,2026-01-30T09:24:00.656Z,4397,FG-B,BATCH-1005,DAY,jam_recovery,0,1
2851,2026-01-30T09:24:00.656Z,2026-01-30T09:24:02.238Z,1582,FG-B,BATCH-1005,DAY,normal,0,0
2852,2026-01-30T09:24:02.238Z,2026-01-30T09:24:03.758Z,1520,FG-B,BATCH-1005,DAY,normal,0,0
2853,2026-01-30T09:24:03.758Z,2026-01-30T09:24:08.177Z,4419,FG-B,BATCH-1005,DAY,jam_recovery,0,1
2854,2026-01-30T09:24:08.177Z,2026-01-30T09:24:09.650Z,1473,FG-B,BATCH-1005,DAY,normal,0,0
2855,2026-01-30T09:24:09.650Z,2026-01-30T09:24:11.250Z,1600,FG-B,BATCH-1005,DAY,normal,0,0
2856,2026-01-30T09:24:11.250Z,2026-01-30T09:24:12.706Z,1456,FG-B,BATCH-1005,DAY,normal,0,0
2857,2026-01-30T09:24:12.706Z,2026-01-30T09:24:14.433Z,1727,FG-B,BATCH-1005,DAY,normal,0,0
2858,2026-01-30T09:24:14.433Z,2026-01-30T09:24:16.021Z,1588,FG-B,BATCH-1005,DAY,normal,0,0
2859,2026-01-30T09:24:16.021Z,2026-01-30T09:24:29.327Z,13306,FG-B,BATCH-1005,DAY,long_gap,1,1
2860,2026-01-30T09:24:29.327Z,2026-01-30T09:24:30.935Z,1608,FG-B,BATCH-1005,DAY,normal,0,0
2861,2026-01-30T09:24:30.935Z,2026-01-30T09:24:32.446Z,1511,FG-B,BATCH-1005,DAY,normal,0,0
2862,2026-01-30T09:24:32.446Z,2026-01-30T09:24:33.913Z,1467,FG-B,BATCH-1005,DAY,normal,0,0
2863,2026-01-30T09:24:33.913Z,2026-01-30T09:24:35.658Z,1745,FG-B,BATCH-1005,DAY,normal,0,0
2864,2026-01-30T09:24:35.658Z,2026-01-30T09:24:37.256Z,1598,FG-B,BATCH-1005,DAY,normal,0,0
2865,2026-01-30T09:24:37.256Z,2026-01-30T09:24:38.878Z,1622,FG-B,BATCH-1005,DAY,normal,0,0
2866,2026-01-30T09:24:38.878Z,2026-01-30T09:24:40.344Z,1466,FG-B,BATCH-1005,DAY,normal,0,0
2867,2026-01-30T09:24:40.344Z,2026-01-30T09:24:41.725Z,1381,FG-B,BATCH-1005,DAY,normal,0,0
2868,2026-01-30T09:24:41.725Z,2026-01-30T09:24:43.171Z,1446,FG-B,BATCH-1005,DAY,normal,0,0
2869,2026-01-30T09:24:43.171Z,2026-01-30T09:24:44.669Z,1498,FG-B,BATCH-1005,DAY,normal,0,0
2870,2026-01-30T09:24:44.669Z,2026-01-30T09:24:45.864Z,1195,FG-B,BATCH-1005,DAY,fast_cycle,0,0
2871,2026-01-30T09:24:45.864Z,2026-01-30T09:24:47.401Z,1537,FG-B,BATCH-1005,DAY,normal,0,0
2872,2026-01-30T09:24:47.401Z,2026-01-30T09:24:48.963Z,1562,FG-B,BATCH-1005,DAY,normal,0,0
2873,2026-01-30T09:24:48.963Z,2026-01-30T09:24:52.052Z,3089,FG-B,BATCH-1005,DAY,slow_cycle,0,1
2874,2026-01-30T09:24:52.052Z,2026-01-30T09:24:53.442Z,1390,FG-B,BATCH-1005,DAY,normal,0,0
2875,2026-01-30T09:24:53.442Z,2026-01-30T09:24:55.013Z,1571,FG-B,BATCH-1005,DAY,normal,0,0
2876,2026-01-30T09:24:55.013Z,2026-01-30T09:24:56.565Z,1552,FG-B,BATCH-1005,DAY,normal,0,0
2877,2026-01-30T09:24:56.565Z,2026-01-30T09:24:58.166Z,1601,FG-B,BATCH-1005,DAY,normal,0,0
2878,2026-01-30T09:24:58.166Z,2026-01-30T09:24:59.765Z,1599,FG-B,BATCH-1005,DAY,normal,0,0
2879,2026-01-30T09:24:59.765Z,2026-01-30T09:25:01.239Z,1474,FG-B,BATCH-1005,DAY,normal,0,0
2880,2026-01-30T09:25:01.239Z,2026-01-30T09:25:02.699Z,1460,FG-B,BATCH-1005,DAY,normal,0,0
2881,2026-01-30T09:25:02.699Z,2026-01-30T09:25:04.289Z,1590,FG-B,BATCH-1005,DAY,normal,0,0
2882,2026-01-30T09:25:04.289Z,2026-01-30T09:25:06.004Z,1715,FG-B,BATCH-1005,DAY,normal,0,0
2883,2026-01-30T09:25:06.004Z,2026-01-30T09:25:07.500Z,1496,FG-B,BATCH-1005,DAY,normal,0,0
2884,2026-01-30T09:25:07.500Z,2026-01-30T09:25:08.744Z,1244,FG-B,BATCH-1005,DAY,normal,0,0
2885,2026-01-30T09:25:08.744Z,2026-01-30T09:25:10.369Z,1625,FG-B,BATCH-1005,DAY,normal,0,0
2886,2026-01-30T09:25:10.369Z,2026-01-30T09:25:11.978Z,1609,FG-B,BATCH-1005,DAY,normal,0,0
2887,2026-01-30T09:25:11.978Z,2026-01-30T09:25:13.264Z,1286,FG-B,BATCH-1005,DAY,normal,0,0
2888,2026-01-30T09:25:13.264Z,2026-01-30T09:25:14.868Z,1604,FG-B,BATCH-1005,DAY,normal,0,0
2889,2026-01-30T09:25:14.868Z,2026-01-30T09:25:16.488Z,1620,FG-B,BATCH-1005,DAY,normal,0,0
2890,2026-01-30T09:25:16.488Z,2026-01-30T09:25:17.822Z,1334,FG-B,BATCH-1005,DAY,normal,0,0
2891,2026-01-30T09:25:17.822Z,2026-01-30T09:25:19.375Z,1553,FG-B,BATCH-1005,DAY,normal,0,0
2892,2026-01-30T09:25:19.375Z,2026-01-30T09:25:21.052Z,1677,FG-B,BATCH-1005,DAY,normal,0,0
2893,2026-01-30T09:25:21.052Z,2026-01-30T09:25:22.535Z,1483,FG-B,BATCH-1005,DAY,normal,0,0
2894,2026-01-30T09:25:22.535Z,2026-01-30T09:25:24.142Z,1607,FG-B,BATCH-1005,DAY,normal,0,0
2895,2026-01-30T09:25:24.142Z,2026-01-30T09:25:25.614Z,1472,FG-B,BATCH-1005,DAY,normal,0,0
2896,2026-01-30T09:25:25.614Z,2026-01-30T09:25:27.138Z,1524,FG-B,BATCH-1005,DAY,normal,0,0
2897,2026-01-30T09:25:27.138Z,2026-01-30T09:25:28.609Z,1471,FG-B,BATCH-1005,DAY,normal,0,0
2898,2026-01-30T09:25:28.609Z,2026-01-30T09:25:30.105Z,1496,FG-B,BATCH-1005,DAY,normal,0,0
2899,2026-01-30T09:25:30.105Z,2026-01-30T09:25:31.618Z,1513,FG-B,BATCH-1005,DAY,normal,0,0
2900,2026-01-30T09:25:31.618Z,2026-01-30T09:25:33.100Z,1482,FG-B,BATCH-1005,DAY,normal,0,0
2901,2026-01-30T09:25:33.100Z,2026-01-30T09:25:35.440Z,2340,FG-B,BATCH-1005,DAY,slow_cycle,0,1
2902,2026-01-30T09:25:35.440Z,2026-01-30T09:25:36.944Z,1504,FG-B,BATCH-1005,DAY,normal,0,0
2903,2026-01-30T09:25:36.944Z,2026-01-30T09:25:38.703Z,1759,FG-B,BATCH-1005,DAY,normal,0,0
2904,2026-01-30T09:25:38.703Z,2026-01-30T09:25:40.111Z,1408,FG-B,BATCH-1005,DAY,normal,0,0
2905,2026-01-30T09:25:40.111Z,2026-01-30T09:25:41.468Z,1357,FG-B,BATCH-1005,DAY,normal,0,0
2906,2026-01-30T09:25:41.468Z,2026-01-30T09:25:42.963Z,1495,FG-B,BATCH-1005,DAY,normal,0,0
2907,2026-01-30T09:25:42.963Z,2026-01-30T09:25:44.419Z,1456,FG-B,BATCH-1005,DAY,normal,0,0
2908,2026-01-30T09:25:44.419Z,2026-01-30T09:25:45.977Z,1558,FG-B,BATCH-1005,DAY,normal,0,0
2909,2026-01-30T09:25:45.977Z,2026-01-30T09:25:47.498Z,1521,FG-B,BATCH-1005,DAY,normal,0,0
2910,2026-01-30T09:25:47.498Z,2026-01-30T09:25:48.845Z,1347,FG-B,BATCH-1005,DAY,normal,0,0
2911,2026-01-30T09:25:48.845Z,2026-01-30T09:25:50.291Z,1446,FG-B,BATCH-1005,DAY,normal,0,0
2912,2026-01-30T09:25:50.291Z,2026-01-30T09:25:51.797Z,1506,FG-B,BATCH-1005,DAY,normal,0,0
2913,2026-01-30T09:25:51.797Z,2026-01-30T09:25:53.274Z,1477,FG-B,BATCH-1005,DAY,normal,0,0
2914,2026-01-30T09:25:53.274Z,2026-01-30T09:25:54.594Z,1320,FG-B,BATCH-1005,DAY,fast_cycle,0,0
2915,2026-01-30T09:25:54.594Z,2026-01-30T09:25:56.069Z,1475,FG-B,BATCH-1005,DAY,normal,0,0
2916,2026-01-30T09:25:56.069Z,2026-01-30T09:25:57.628Z,1559,FG-B,BATCH-1005,DAY,normal,0,0
2917,2026-01-30T09:25:57.628Z,2026-01-30T09:25:59.193Z,1565,FG-B,BATCH-1005,DAY,normal,0,0
2918,2026-01-30T09:25:59.193Z,2026-01-30T09:26:00.791Z,1598,FG-B,BATCH-1005,DAY,normal,0,0
2919,2026-01-30T09:26:00.791Z,2026-01-30T09:26:02.266Z,1475,FG-B,BATCH-1005,DAY,normal,0,0
2920,2026-01-30T09:26:02.266Z,2026-01-30T09:26:03.893Z,1627,FG-B,BATCH-1005,DAY,normal,0,0
2921,2026-01-30T09:26:03.893Z,2026-01-30T09:26:05.370Z,1477,FG-B,BATCH-1005,DAY,normal,0,0
2922,2026-01-30T09:26:05.370Z,2026-01-30T09:26:07.023Z,1653,FG-B,BATCH-1005,DAY,normal,0,0
2923,2026-01-30T09:26:07.023Z,2026-01-30T09:26:08.634Z,1611,FG-B,BATCH-1005,DAY,normal,0,0
2924,2026-01-30T09:26:08.634Z,2026-01-30T09:26:10.223Z,1589,FG-B,BATCH-1005,DAY,normal,0,0
2925,2026-01-30T09:26:10.223Z,2026-01-30T09:26:11.617Z,1394,FG-B,BATCH-1005,DAY,normal,0,0
2926,2026-01-30T09:26:11.617Z,2026-01-30T09:26:13.123Z,1506,FG-B,BATCH-1005,DAY,normal,0,0
2927,2026-01-30T09:26:13.123Z,2026-01-30T09:26:14.605Z,1482,FG-B,BATCH-1005,DAY,normal,0,0
2928,2026-01-30T09:26:14.605Z,2026-01-30T09:26:16.241Z,1636,FG-B,BATCH-1005,DAY,normal,0,0
2929,2026-01-30T09:26:16.241Z,2026-01-30T09:26:17.772Z,1531,FG-B,BATCH-1005,DAY,normal,0,0
2930,2026-01-30T09:26:17.772Z,2026-01-30T09:26:19.181Z,1409,FG-B,BATCH-1005,DAY,normal,0,0
2931,2026-01-30T09:26:19.181Z,2026-01-30T09:26:20.879Z,1698,FG-B,BATCH-1005,DAY,normal,0,0
2932,2026-01-30T09:26:20.879Z,2026-01-30T09:26:22.412Z,1533,FG-B,BATCH-1005,DAY,normal,0,0
2933,2026-01-30T09:26:22.412Z,2026-01-30T09:26:23.994Z,1582,FG-B,BATCH-1005,DAY,normal,0,0
2934,2026-01-30T09:26:23.994Z,2026-01-30T09:26:25.572Z,1578,FG-B,BATCH-1005,DAY,normal,0,0
2935,2026-01-30T09:26:25.572Z,2026-01-30T09:26:26.992Z,1420,FG-B,BATCH-1005,DAY,normal,0,0
2936,2026-01-30T09:26:26.992Z,2026-01-30T09:26:28.515Z,1523,FG-B,BATCH-1005,DAY,normal,0,0
2937,2026-01-30T09:26:28.515Z,2026-01-30T09:26:29.990Z,1475,FG-B,BATCH-1005,DAY,normal,0,0
2938,2026-01-30T09:26:29.990Z,2026-01-30T09:26:31.602Z,1612,FG-B,BATCH-1005,DAY,normal,0,0
2939,2026-01-30T09:26:31.602Z,2026-01-30T09:26:32.928Z,1326,FG-B,BATCH-1005,DAY,normal,0,0
2940,2026-01-30T09:26:32.928Z,2026-01-30T09:26:34.336Z,1408,FG-B,BATCH-1005,DAY,normal,0,0
2941,2026-01-30T09:26:34.336Z,2026-01-30T09:26:35.990Z,1654,FG-B,BATCH-1005,DAY,normal,0,0
2942,2026-01-30T09:26:35.990Z,2026-01-30T09:26:37.519Z,1529,FG-B,BATCH-1005,DAY,normal,0,0
2943,2026-01-30T09:26:37.519Z,2026-01-30T09:26:40.631Z,3112,FG-B,BATCH-1005,DAY,slow_cycle,0,1
2944,2026-01-30T09:26:40.631Z,2026-01-30T09:26:42.185Z,1554,FG-B,BATCH-1005,DAY,normal,0,0
2945,2026-01-30T09:26:42.185Z,2026-01-30T09:26:43.891Z,1706,FG-B,BATCH-1005,DAY,normal,0,0
2946,2026-01-30T09:26:43.891Z,2026-01-30T09:26:45.448Z,1557,FG-B,BATCH-1005,DAY,normal,0,0
2947,2026-01-30T09:26:45.448Z,2026-01-30T09:26:47.005Z,1557,FG-B,BATCH-1005,DAY,normal,0,0
2948,2026-01-30T09:26:47.005Z,2026-01-30T09:26:48.534Z,1529,FG-B,BATCH-1005,DAY,normal,0,0
2949,2026-01-30T09:26:48.534Z,2026-01-30T09:26:50.018Z,1484,FG-B,BATCH-1005,DAY,normal,0,0
2950,2026-01-30T09:26:50.018Z,2026-01-30T09:26:51.583Z,1565,FG-B,BATCH-1005,DAY,normal,0,0
2951,2026-01-30T09:26:51.583Z,2026-01-30T09:26:53.116Z,1533,FG-B,BATCH-1005,DAY,normal,0,0
2952,2026-01-30T09:26:53.116Z,2026-01-30T09:26:54.682Z,1566,FG-B,BATCH-1005,DAY,normal,0,0
2953,2026-01-30T09:26:54.682Z,2026-01-30T09:26:56.221Z,1539,FG-B,BATCH-1005,DAY,normal,0,0
2954,2026-01-30T09:26:56.221Z,2026-01-30T09:26:57.663Z,1442,FG-B,BATCH-1005,DAY,normal,0,0
2955,2026-01-30T09:26:57.663Z,2026-01-30T09:26:59.046Z,1383,FG-B,BATCH-1005,DAY,normal,0,0
2956,2026-01-30T09:26:59.046Z,2026-01-30T09:27:00.624Z,1578,FG-B,BATCH-1005,DAY,normal,0,0
2957,2026-01-30T09:27:00.624Z,2026-01-30T09:27:02.341Z,1717,FG-B,BATCH-1005,DAY,normal,0,0
2958,2026-01-30T09:27:02.341Z,2026-01-30T09:27:04.017Z,1676,FG-B,BATCH-1005,DAY,normal,0,0
2959,2026-01-30T09:27:04.017Z,2026-01-30T09:27:05.637Z,1620,FG-B,BATCH-1005,DAY,normal,0,0
2960,2026-01-30T09:27:05.637Z,2026-01-30T09:27:07.126Z,1489,FG-B,BATCH-1005,DAY,normal,0,0
2961,2026-01-30T09:27:07.126Z,2026-01-30T09:27:08.693Z,1567,FG-B,BATCH-1005,DAY,normal,0,0
2962,2026-01-30T09:27:08.693Z,2026-01-30T09:27:10.220Z,1527,FG-B,BATCH-1005,DAY,normal,0,0
2963,2026-01-30T09:27:10.220Z,2026-01-30T09:27:11.864Z,1644,FG-B,BATCH-1005,DAY,normal,0,0
2964,2026-01-30T09:27:11.864Z,2026-01-30T09:27:13.451Z,1587,FG-B,BATCH-1005,DAY,normal,0,0
2965,2026-01-30T09:27:13.451Z,2026-01-30T09:27:14.978Z,1527,FG-B,BATCH-1005,DAY,normal,0,0
2966,2026-01-30T09:27:14.978Z,2026-01-30T09:27:16.595Z,1617,FG-B,BATCH-1005,DAY,normal,0,0
2967,2026-01-30T09:27:16.595Z,2026-01-30T09:27:18.048Z,1453,FG-B,BATCH-1005,DAY,normal,0,0
2968,2026-01-30T09:27:18.048Z,2026-01-30T09:27:19.594Z,1546,FG-B,BATCH-1005,DAY,normal,0,0
2969,2026-01-30T09:27:19.594Z,2026-01-30T09:27:21.225Z,1631,FG-B,BATCH-1005,DAY,normal,0,0
2970,2026-01-30T09:27:21.225Z,2026-01-30T09:27:22.659Z,1434,FG-B,BATCH-1005,DAY,normal,0,0
2971,2026-01-30T09:27:22.659Z,2026-01-30T09:27:24.125Z,1466,FG-B,BATCH-1005,DAY,normal,0,0
2972,2026-01-30T09:27:24.125Z,2026-01-30T09:27:25.589Z,1464,FG-B,BATCH-1005,DAY,normal,0,0
2973,2026-01-30T09:27:25.589Z,2026-01-30T09:27:27.183Z,1594,FG-B,BATCH-1005,DAY,normal,0,0
2974,2026-01-30T09:27:27.183Z,2026-01-30T09:27:28.912Z,1729,FG-B,BATCH-1005,DAY,normal,0,0
2975,2026-01-30T09:27:28.912Z,2026-01-30T09:27:30.611Z,1699,FG-B,BATCH-1005,DAY,normal,0,0
2976,2026-01-30T09:27:30.611Z,2026-01-30T09:27:32.238Z,1627,FG-B,BATCH-1005,DAY,normal,0,0
2977,2026-01-30T09:27:32.238Z,2026-01-30T09:27:33.880Z,1642,FG-B,BATCH-1005,DAY,normal,0,0
2978,2026-01-30T09:27:33.880Z,2026-01-30T09:27:35.483Z,1603,FG-B,BATCH-1005,DAY,normal,0,0
2979,2026-01-30T09:27:35.483Z,2026-01-30T09:27:37.025Z,1542,FG-B,BATCH-1005,DAY,normal,0,0
2980,2026-01-30T09:27:37.025Z,2026-01-30T09:27:38.479Z,1454,FG-B,BATCH-1005,DAY,normal,0,0
2981,2026-01-30T09:27:38.479Z,2026-01-30T09:27:39.951Z,1472,FG-B,BATCH-1005,DAY,normal,0,0
2982,2026-01-30T09:27:39.951Z,2026-01-30T09:27:41.397Z,1446,FG-B,BATCH-1005,DAY,normal,0,0
2983,2026-01-30T09:27:41.397Z,2026-01-30T09:27:42.891Z,1494,FG-B,BATCH-1005,DAY,normal,0,0
2984,2026-01-30T09:27:42.891Z,2026-01-30T09:27:44.577Z,1686,FG-B,BATCH-1005,DAY,normal,0,0
2985,2026-01-30T09:27:44.577Z,2026-01-30T09:27:46.175Z,1598,FG-B,BATCH-1005,DAY,normal,0,0
2986,2026-01-30T09:27:46.175Z,2026-01-30T09:27:47.845Z,1670,FG-B,BATCH-1005,DAY,normal,0,0
2987,2026-01-30T09:27:47.845Z,2026-01-30T09:27:49.679Z,1834,FG-B,BATCH-1005,DAY,normal,0,0
2988,2026-01-30T09:27:49.679Z,2026-01-30T09:27:51.071Z,1392,FG-B,BATCH-1005,DAY,normal,0,0
2989,2026-01-30T09:27:51.071Z,2026-01-30T09:27:52.644Z,1573,FG-B,BATCH-1005,DAY,normal,0,0
2990,2026-01-30T09:27:52.644Z,2026-01-30T09:27:54.062Z,1418,FG-B,BATCH-1005,DAY,normal,0,0
2991,2026-01-30T09:27:54.062Z,2026-01-30T09:27:55.657Z,1595,FG-B,BATCH-1005,DAY,normal,0,0
2992,2026-01-30T09:27:55.657Z,2026-01-30T09:27:57.212Z,1555,FG-B,BATCH-1005,DAY,normal,0,0
2993,2026-01-30T09:27:57.212Z,2026-01-30T09:27:58.728Z,1516,FG-B,BATCH-1005,DAY,normal,0,0
2994,2026-01-30T09:27:58.728Z,2026-01-30T09:28:00.008Z,1280,FG-B,BATCH-1005,DAY,normal,0,0
2995,2026-01-30T09:28:00.008Z,2026-01-30T09:28:01.365Z,1357,FG-B,BATCH-1005,DAY,normal,0,0
2996,2026-01-30T09:28:01.365Z,2026-01-30T09:28:02.874Z,1509,FG-B,BATCH-1005,DAY,normal,0,0
2997,2026-01-30T09:28:02.874Z,2026-01-30T09:28:04.319Z,1445,FG-B,BATCH-1005,DAY,normal,0,0
2998,2026-01-30T09:28:04.319Z,2026-01-30T09:28:05.815Z,1496,FG-B,BATCH-1005,DAY,normal,0,0
2999,2026-01-30T09:28:05.815Z,2026-01-30T09:28:07.501Z,1686,FG-B,BATCH-1005,DAY,normal,0,0
3000,2026-01-30T09:28:07.501Z,2026-01-30T09:28:08.779Z,1278,FG-C,BATCH-1006,DAY,normal,0,0
3001,2026-01-30T09:28:08.779Z,2026-01-30T09:28:10.204Z,1425,FG-C,BATCH-1006,DAY,normal,0,0
3002,2026-01-30T09:28:10.204Z,2026-01-30T09:28:11.580Z,1376,FG-C,BATCH-1006,DAY,normal,0,0
3003,2026-01-30T09:28:11.580Z,2026-01-30T09:28:13.145Z,1565,FG-C,BATCH-1006,DAY,normal,0,0
3004,2026-01-30T09:28:13.145Z,2026-01-30T09:28:14.417Z,1272,FG-C,BATCH-1006,DAY,normal,0,0
3005,2026-01-30T09:28:14.417Z,2026-01-30T09:28:15.825Z,1408,FG-C,BATCH-1006,DAY,normal,0,0
3006,2026-01-30T09:28:15.825Z,2026-01-30T09:28:17.264Z,1439,FG-C,BATCH-1006,DAY,normal,0,0
3007,2026-01-30T09:28:17.264Z,2026-01-30T09:28:18.681Z,1417,FG-C,BATCH-1006,DAY,normal,0,0
3008,2026-01-30T09:28:18.681Z,2026-01-30T09:28:19.980Z,1299,FG-C,BATCH-1006,DAY,normal,0,0
3009,2026-01-30T09:28:19.980Z,2026-01-30T09:28:21.482Z,1502,FG-C,BATCH-1006,DAY,normal,0,0
3010,2026-01-30T09:28:21.482Z,2026-01-30T09:28:22.918Z,1436,FG-C,BATCH-1006,DAY,normal,0,0
3011,2026-01-30T09:28:22.918Z,2026-01-30T09:28:24.345Z,1427,FG-C,BATCH-1006,DAY,normal,0,0
3012,2026-01-30T09:28:24.345Z,2026-01-30T09:28:25.767Z,1422,FG-C,BATCH-1006,DAY,normal,0,0
3013,2026-01-30T09:28:25.767Z,2026-01-30T09:28:27.111Z,1344,FG-C,BATCH-1006,DAY,normal,0,0
3014,2026-01-30T09:28:27.111Z,2026-01-30T09:28:28.510Z,1399,FG-C,BATCH-1006,DAY,normal,0,0
3015,2026-01-30T09:28:28.510Z,2026-01-30T09:28:30.002Z,1492,FG-C,BATCH-1006,DAY,normal,0,0
3016,2026-01-30T09:28:30.002Z,2026-01-30T09:28:31.430Z,1428,FG-C,BATCH-1006,DAY,normal,0,0
3017,2026-01-30T09:28:31.430Z,2026-01-30T09:28:32.828Z,1398,FG-C,BATCH-1006,DAY,normal,0,0
3018,2026-01-30T09:28:32.828Z,2026-01-30T09:28:34.172Z,1344,FG-C,BATCH-1006,DAY,normal,0,0
3019,2026-01-30T09:28:34.172Z,2026-01-30T09:28:35.632Z,1460,FG-C,BATCH-1006,DAY,normal,0,0
3020,2026-01-30T09:28:35.632Z,2026-01-30T09:28:37.156Z,1524,FG-C,BATCH-1006,DAY,normal,0,0
3021,2026-01-30T09:28:37.156Z,2026-01-30T09:28:38.586Z,1430,FG-C,BATCH-1006,DAY,normal,0,0
3022,2026-01-30T09:28:38.586Z,2026-01-30T09:28:39.961Z,1375,FG-C,BATCH-1006,DAY,normal,0,0
3023,2026-01-30T09:28:39.961Z,2026-01-30T09:28:41.260Z,1299,FG-C,BATCH-1006,DAY,normal,0,0
3024,2026-01-30T09:28:41.260Z,2026-01-30T09:28:42.620Z,1360,FG-C,BATCH-1006,DAY,normal,0,0
3025,2026-01-30T09:28:42.620Z,2026-01-30T09:28:44.029Z,1409,FG-C,BATCH-1006,DAY,normal,0,0
3026,2026-01-30T09:28:44.029Z,2026-01-30T09:28:45.385Z,1356,FG-C,BATCH-1006,DAY,normal,0,0
3027,2026-01-30T09:28:45.385Z,2026-01-30T09:28:46.676Z,1291,FG-C,BATCH-1006,DAY,normal,0,0
3028,2026-01-30T09:28:46.676Z,2026-01-30T09:28:47.987Z,1311,FG-C,BATCH-1006,DAY,normal,0,0
3029,2026-01-30T09:28:47.987Z,2026-01-30T09:28:49.388Z,1401,FG-C,BATCH-1006,DAY,normal,0,0
3030,2026-01-30T09:28:49.388Z,2026-01-30T09:28:50.727Z,1339,FG-C,BATCH-1006,DAY,normal,0,0
3031,2026-01-30T09:28:50.727Z,2026-01-30T09:28:52.073Z,1346,FG-C,BATCH-1006,DAY,normal,0,0
3032,2026-01-30T09:28:52.073Z,2026-01-30T09:28:53.507Z,1434,FG-C,BATCH-1006,DAY,normal,0,0
3033,2026-01-30T09:28:53.507Z,2026-01-30T09:28:54.917Z,1410,FG-C,BATCH-1006,DAY,normal,0,0
3034,2026-01-30T09:28:54.917Z,2026-01-30T09:28:56.321Z,1404,FG-C,BATCH-1006,DAY,normal,0,0
3035,2026-01-30T09:28:56.321Z,2026-01-30T09:28:57.704Z,1383,FG-C,BATCH-1006,DAY,normal,0,0
3036,2026-01-30T09:28:57.704Z,2026-01-30T09:28:59.181Z,1477,FG-C,BATCH-1006,DAY,normal,0,0
3037,2026-01-30T09:28:59.181Z,2026-01-30T09:29:00.636Z,1455,FG-C,BATCH-1006,DAY,normal,0,0
3038,2026-01-30T09:29:00.636Z,2026-01-30T09:29:02.003Z,1367,FG-C,BATCH-1006,DAY,normal,0,0
3039,2026-01-30T09:29:02.003Z,2026-01-30T09:29:03.347Z,1344,FG-C,BATCH-1006,DAY,normal,0,0
3040,2026-01-30T09:29:03.347Z,2026-01-30T09:29:04.782Z,1435,FG-C,BATCH-1006,DAY,normal,0,0
3041,2026-01-30T09:29:04.782Z,2026-01-30T09:29:06.168Z,1386,FG-C,BATCH-1006,DAY,normal,0,0
3042,2026-01-30T09:29:06.168Z,2026-01-30T09:29:07.657Z,1489,FG-C,BATCH-1006,DAY,normal,0,0
3043,2026-01-30T09:29:07.657Z,2026-01-30T09:29:09.072Z,1415,FG-C,BATCH-1006,DAY,normal,0,0
3044,2026-01-30T09:29:09.072Z,2026-01-30T09:29:10.291Z,1219,FG-C,BATCH-1006,DAY,normal,0,0
3045,2026-01-30T09:29:10.291Z,2026-01-30T09:29:11.611Z,1320,FG-C,BATCH-1006,DAY,normal,0,0
3046,2026-01-30T09:29:11.611Z,2026-01-30T09:29:12.780Z,1169,FG-C,BATCH-1006,DAY,normal,0,0
3047,2026-01-30T09:29:12.780Z,2026-01-30T09:29:14.040Z,1260,FG-C,BATCH-1006,DAY,normal,0,0
3048,2026-01-30T09:29:14.040Z,2026-01-30T09:29:15.290Z,1250,FG-C,BATCH-1006,DAY,normal,0,0
3049,2026-01-30T09:29:15.290Z,2026-01-30T09:29:16.619Z,1329,FG-C,BATCH-1006,DAY,normal,0,0
3050,2026-01-30T09:29:16.619Z,2026-01-30T09:29:17.966Z,1347,FG-C,BATCH-1006,DAY,normal,0,0
3051,2026-01-30T09:29:17.966Z,2026-01-30T09:29:19.467Z,1501,FG-C,BATCH-1006,DAY,normal,0,0
3052,2026-01-30T09:29:19.467Z,2026-01-30T09:29:20.804Z,1337,FG-C,BATCH-1006,DAY,normal,0,0
3053,2026-01-30T09:29:20.804Z,2026-01-30T09:29:22.149Z,1345,FG-C,BATCH-1006,DAY,normal,0,0
3054,2026-01-30T09:29:22.149Z,2026-01-30T09:29:23.650Z,1501,FG-C,BATCH-1006,DAY,normal,0,0
3055,2026-01-30T09:29:23.650Z,2026-01-30T09:29:24.918Z,1268,FG-C,BATCH-1006,DAY,normal,0,0
3056,2026-01-30T09:29:24.918Z,2026-01-30T09:29:26.316Z,1398,FG-C,BATCH-1006,DAY,normal,0,0
3057,2026-01-30T09:29:26.316Z,2026-01-30T09:29:27.750Z,1434,FG-C,BATCH-1006,DAY,normal,0,0
3058,2026-01-30T09:29:27.750Z,2026-01-30T09:29:29.179Z,1429,FG-C,BATCH-1006,DAY,normal,0,0
3059,2026-01-30T09:29:29.179Z,2026-01-30T09:29:30.739Z,1560,FG-C,BATCH-1006,DAY,normal,0,0
3060,2026-01-30T09:29:30.739Z,2026-01-30T09:29:32.215Z,1476,FG-C,BATCH-1006,DAY,normal,0,0
3061,2026-01-30T09:29:32.215Z,2026-01-30T09:29:33.668Z,1453,FG-C,BATCH-1006,DAY,normal,0,0
3062,2026-01-30T09:29:33.668Z,2026-01-30T09:29:35.009Z,1341,FG-C,BATCH-1006,DAY,normal,0,0
3063,2026-01-30T09:29:35.009Z,2026-01-30T09:29:36.424Z,1415,FG-C,BATCH-1006,DAY,normal,0,0
3064,2026-01-30T09:29:36.424Z,2026-01-30T09:29:37.774Z,1350,FG-C,BATCH-1006,DAY,normal,0,0
3065,2026-01-30T09:29:37.774Z,2026-01-30T09:29:39.342Z,1568,FG-C,BATCH-1006,DAY,normal,0,0
3066,2026-01-30T09:29:39.342Z,2026-01-30T09:29:40.777Z,1435,FG-C,BATCH-1006,DAY,normal,0,0
3067,2026-01-30T09:29:40.777Z,2026-01-30T09:29:42.274Z,1497,FG-C,BATCH-1006,DAY,normal,0,0
3068,2026-01-30T09:29:42.274Z,2026-01-30T09:29:45.228Z,2954,FG-C,BATCH-1006,DAY,slow_cycle,0,1
3069,2026-01-30T09:29:45.228Z,2026-01-30T09:29:46.573Z,1345,FG-C,BATCH-1006,DAY,normal,0,0
3070,2026-01-30T09:29:46.573Z,2026-01-30T09:29:47.920Z,1347,FG-C,BATCH-1006,DAY,normal,0,0
3071,2026-01-30T09:29:47.920Z,2026-01-30T09:29:49.294Z,1374,FG-C,BATCH-1006,DAY,normal,0,0
3072,2026-01-30T09:29:49.294Z,2026-01-30T09:29:50.480Z,1186,FG-C,BATCH-1006,DAY,normal,0,0
3073,2026-01-30T09:29:50.480Z,2026-01-30T09:29:51.931Z,1451,FG-C,BATCH-1006,DAY,normal,0,0
3074,2026-01-30T09:29:51.931Z,2026-01-30T09:29:53.348Z,1417,FG-C,BATCH-1006,DAY,normal,0,0
3075,2026-01-30T09:29:53.348Z,2026-01-30T09:29:54.652Z,1304,FG-C,BATCH-1006,DAY,normal,0,0
3076,2026-01-30T09:29:54.652Z,2026-01-30T09:29:55.967Z,1315,FG-C,BATCH-1006,DAY,normal,0,0
3077,2026-01-30T09:29:55.967Z,2026-01-30T09:29:57.359Z,1392,FG-C,BATCH-1006,DAY,normal,0,0
3078,2026-01-30T09:29:57.359Z,2026-01-30T09:29:58.732Z,1373,FG-C,BATCH-1006,DAY,normal,0,0
3079,2026-01-30T09:29:58.732Z,2026-01-30T09:30:00.063Z,1331,FG-C,BATCH-1006,DAY,normal,0,0
3080,2026-01-30T09:30:00.063Z,2026-01-30T09:30:01.485Z,1422,FG-C,BATCH-1006,DAY,normal,0,0
3081,2026-01-30T09:30:01.485Z,2026-01-30T09:30:02.860Z,1375,FG-C,BATCH-1006,DAY,normal,0,0
3082,2026-01-30T09:30:02.860Z,2026-01-30T09:30:04.326Z,1466,FG-C,BATCH-1006,DAY,normal,0,0
3083,2026-01-30T09:30:04.326Z,2026-01-30T09:30:05.609Z,1283,FG-C,BATCH-1006,DAY,normal,0,0
3084,2026-01-30T09:30:05.609Z,2026-01-30T09:30:06.975Z,1366,FG-C,BATCH-1006,DAY,normal,0,0
3085,2026-01-30T09:30:06.975Z,2026-01-30T09:30:08.406Z,1431,FG-C,BATCH-1006,DAY,normal,0,0
3086,2026-01-30T09:30:08.406Z,2026-01-30T09:30:09.861Z,1455,FG-C,BATCH-1006,DAY,normal,0,0
3087,2026-01-30T09:30:09.861Z,2026-01-30T09:30:11.172Z,1311,FG-C,BATCH-1006,DAY,normal,0,0
3088,2026-01-30T09:30:11.172Z,2026-01-30T09:30:12.561Z,1389,FG-C,BATCH-1006,DAY,normal,0,0
3089,2026-01-30T09:30:12.561Z,2026-01-30T09:30:13.945Z,1384,FG-C,BATCH-1006,DAY,normal,0,0
3090,2026-01-30T09:30:13.945Z,2026-01-30T09:30:15.341Z,1396,FG-C,BATCH-1006,DAY,normal,0,0
3091,2026-01-30T09:30:15.341Z,2026-01-30T09:30:16.917Z,1576,FG-C,BATCH-1006,DAY,normal,0,0
3092,2026-01-30T09:30:16.917Z,2026-01-30T09:30:18.469Z,1552,FG-C,BATCH-1006,DAY,normal,0,0
3093,2026-01-30T09:30:18.469Z,2026-01-30T09:30:21.410Z,2941,FG-C,BATCH-1006,DAY,slow_cycle,0,1
3094,2026-01-30T09:30:21.410Z,2026-01-30T09:30:22.926Z,1516,FG-C,BATCH-1006,DAY,normal,0,0
3095,2026-01-30T09:30:22.926Z,2026-01-30T09:30:24.396Z,1470,FG-C,BATCH-1006,DAY,normal,0,0
3096,2026-01-30T09:30:24.396Z,2026-01-30T09:30:25.726Z,1330,FG-C,BATCH-1006,DAY,normal,0,0
3097,2026-01-30T09:30:25.726Z,2026-01-30T09:30:27.181Z,1455,FG-C,BATCH-1006,DAY,normal,0,0
3098,2026-01-30T09:30:27.181Z,2026-01-30T09:30:28.729Z,1548,FG-C,BATCH-1006,DAY,normal,0,0
3099,2026-01-30T09:30:28.729Z,2026-01-30T09:30:30.081Z,1352,FG-C,BATCH-1006,DAY,normal,0,0
3100,2026-01-30T09:30:30.081Z,2026-01-30T09:30:31.465Z,1384,FG-C,BATCH-1006,DAY,normal,0,0
3101,2026-01-30T09:30:31.465Z,2026-01-30T09:30:32.650Z,1185,FG-C,BATCH-1006,DAY,normal,0,0
3102,2026-01-30T09:30:32.650Z,2026-01-30T09:30:34.264Z,1614,FG-C,BATCH-1006,DAY,normal,0,0
3103,2026-01-30T09:30:34.264Z,2026-01-30T09:30:35.601Z,1337,FG-C,BATCH-1006,DAY,normal,0,0
3104,2026-01-30T09:30:35.601Z,2026-01-30T09:30:37.010Z,1409,FG-C,BATCH-1006,DAY,normal,0,0
3105,2026-01-30T09:30:37.010Z,2026-01-30T09:30:38.464Z,1454,FG-C,BATCH-1006,DAY,normal,0,0
3106,2026-01-30T09:30:38.464Z,2026-01-30T09:30:39.788Z,1324,FG-C,BATCH-1006,DAY,normal,0,0
3107,2026-01-30T09:30:39.788Z,2026-01-30T09:30:41.145Z,1357,FG-C,BATCH-1006,DAY,normal,0,0
3108,2026-01-30T09:30:41.145Z,2026-01-30T09:30:42.503Z,1358,FG-C,BATCH-1006,DAY,normal,0,0
3109,2026-01-30T09:30:42.503Z,2026-01-30T09:30:43.933Z,1430,FG-C,BATCH-1006,DAY,normal,0,0
3110,2026-01-30T09:30:43.933Z,2026-01-30T09:30:45.271Z,1338,FG-C,BATCH-1006,DAY,normal,0,0
3111,2026-01-30T09:30:45.271Z,2026-01-30T09:30:46.703Z,1432,FG-C,BATCH-1006,DAY,normal,0,0
3112,2026-01-30T09:30:46.703Z,2026-01-30T09:30:47.945Z,1242,FG-C,BATCH-1006,DAY,normal,0,0
3113,2026-01-30T09:30:47.945Z,2026-01-30T09:30:49.514Z,1569,FG-C,BATCH-1006,DAY,normal,0,0
3114,2026-01-30T09:30:49.514Z,2026-01-30T09:30:50.819Z,1305,FG-C,BATCH-1006,DAY,normal,0,0
3115,2026-01-30T09:30:50.819Z,2026-01-30T09:30:52.001Z,1182,FG-C,BATCH-1006,DAY,normal,0,0
3116,2026-01-30T09:30:52.001Z,2026-01-30T09:30:53.308Z,1307,FG-C,BATCH-1006,DAY,normal,0,0
3117,2026-01-30T09:30:53.308Z,2026-01-30T09:30:56.688Z,3380,FG-C,BATCH-1006,DAY,slow_cycle,0,1
3118,2026-01-30T09:30:56.688Z,2026-01-30T09:30:57.950Z,1262,FG-C,BATCH-1006,DAY,normal,0,0
3119,2026-01-30T09:30:57.950Z,2026-01-30T09:30:59.243Z,1293,FG-C,BATCH-1006,DAY,normal,0,0
3120,2026-01-30T09:30:59.243Z,2026-01-30T09:31:00.587Z,1344,FG-C,BATCH-1006,DAY,normal,0,0
3121,2026-01-30T09:31:00.587Z,2026-01-30T09:31:01.836Z,1249,FG-C,BATCH-1006,DAY,normal,0,0
3122,2026-01-30T09:31:01.836Z,2026-01-30T09:31:03.154Z,1318,FG-C,BATCH-1006,DAY,normal,0,0
3123,2026-01-30T09:31:03.154Z,2026-01-30T09:31:04.783Z,1629,FG-C,BATCH-1006,DAY,normal,0,0
3124,2026-01-30T09:31:04.783Z,2026-01-30T09:31:06.326Z,1543,FG-C,BATCH-1006,DAY,normal,0,0
3125,2026-01-30T09:31:06.326Z,2026-01-30T09:31:07.864Z,1538,FG-C,BATCH-1006,DAY,normal,0,0
3126,2026-01-30T09:31:07.864Z,2026-01-30T09:31:09.349Z,1485,FG-C,BATCH-1006,DAY,normal,0,0
3127,2026-01-30T09:31:09.349Z,2026-01-30T09:31:10.703Z,1354,FG-C,BATCH-1006,DAY,normal,0,0
3128,2026-01-30T09:31:10.703Z,2026-01-30T09:31:12.257Z,1554,FG-C,BATCH-1006,DAY,normal,0,0
3129,2026-01-30T09:31:12.257Z,2026-01-30T09:31:13.757Z,1500,FG-C,BATCH-1006,DAY,normal,0,0
3130,2026-01-30T09:31:13.757Z,2026-01-30T09:31:15.326Z,1569,FG-C,BATCH-1006,DAY,normal,0,0
3131,2026-01-30T09:31:15.326Z,2026-01-30T09:31:16.597Z,1271,FG-C,BATCH-1006,DAY,normal,0,0
3132,2026-01-30T09:31:16.597Z,2026-01-30T09:31:21.946Z,5349,FG-C,BATCH-1006,DAY,jam_recovery,1,1
3133,2026-01-30T09:31:21.946Z,2026-01-30T09:31:23.255Z,1309,FG-C,BATCH-1006,DAY,normal,0,0
3134,2026-01-30T09:31:23.255Z,2026-01-30T09:31:24.760Z,1505,FG-C,BATCH-1006,DAY,normal,0,0
3135,2026-01-30T09:31:24.760Z,2026-01-30T09:31:26.126Z,1366,FG-C,BATCH-1006,DAY,normal,0,0
3136,2026-01-30T09:31:26.126Z,2026-01-30T09:31:27.492Z,1366,FG-C,BATCH-1006,DAY,normal,0,0
3137,2026-01-30T09:31:27.492Z,2026-01-30T09:31:28.707Z,1215,FG-C,BATCH-1006,DAY,normal,0,0
3138,2026-01-30T09:31:28.707Z,2026-01-30T09:31:30.077Z,1370,FG-C,BATCH-1006,DAY,normal,0,0
3139,2026-01-30T09:31:30.077Z,2026-01-30T09:31:31.376Z,1299,FG-C,BATCH-1006,DAY,normal,0,0
3140,2026-01-30T09:31:31.376Z,2026-01-30T09:31:32.842Z,1466,FG-C,BATCH-1006,DAY,normal,0,0
3141,2026-01-30T09:31:32.842Z,2026-01-30T09:31:34.867Z,2025,FG-C,BATCH-1006,DAY,slow_cycle,0,0
3142,2026-01-30T09:31:34.867Z,2026-01-30T09:31:36.188Z,1321,FG-C,BATCH-1006,DAY,normal,0,0
3143,2026-01-30T09:31:36.188Z,2026-01-30T09:31:37.490Z,1302,FG-C,BATCH-1006,DAY,normal,0,0
3144,2026-01-30T09:31:37.490Z,2026-01-30T09:31:38.787Z,1297,FG-C,BATCH-1006,DAY,normal,0,0
3145,2026-01-30T09:31:38.787Z,2026-01-30T09:31:40.271Z,1484,FG-C,BATCH-1006,DAY,normal,0,0
3146,2026-01-30T09:31:40.271Z,2026-01-30T09:31:41.739Z,1468,FG-C,BATCH-1006,DAY,normal,0,0
3147,2026-01-30T09:31:41.739Z,2026-01-30T09:31:43.240Z,1501,FG-C,BATCH-1006,DAY,normal,0,0
3148,2026-01-30T09:31:43.240Z,2026-01-30T09:31:44.661Z,1421,FG-C,BATCH-1006,DAY,normal,0,0
3149,2026-01-30T09:31:44.661Z,2026-01-30T09:31:45.883Z,1222,FG-C,BATCH-1006,DAY,normal,0,0
3150,2026-01-30T09:31:45.883Z,2026-01-30T09:31:47.243Z,1360,FG-C,BATCH-1006,DAY,normal,0,0
3151,2026-01-30T09:31:47.243Z,2026-01-30T09:31:48.747Z,1504,FG-C,BATCH-1006,DAY,normal,0,0
3152,2026-01-30T09:31:48.747Z,2026-01-30T09:31:50.085Z,1338,FG-C,BATCH-1006,DAY,normal,0,0
3153,2026-01-30T09:31:50.085Z,2026-01-30T09:31:51.326Z,1241,FG-C,BATCH-1006,DAY,normal,0,0
3154,2026-01-30T09:31:51.326Z,2026-01-30T09:31:52.680Z,1354,FG-C,BATCH-1006,DAY,normal,0,0
3155,2026-01-30T09:31:52.680Z,2026-01-30T09:31:54.117Z,1437,FG-C,BATCH-1006,DAY,normal,0,0
3156,2026-01-30T09:31:54.117Z,2026-01-30T09:31:55.573Z,1456,FG-C,BATCH-1006,DAY,normal,0,0
3157,2026-01-30T09:31:55.573Z,2026-01-30T09:31:56.934Z,1361,FG-C,BATCH-1006,DAY,normal,0,0
3158,2026-01-30T09:31:56.934Z,2026-01-30T09:31:58.260Z,1326,FG-C,BATCH-1006,DAY,normal,0,0
3159,2026-01-30T09:31:58.260Z,2026-01-30T09:31:59.559Z,1299,FG-C,BATCH-1006,DAY,normal,0,0
3160,2026-01-30T09:31:59.559Z,2026-01-30T09:32:01.012Z,1453,FG-C,BATCH-1006,DAY,normal,0,0
3161,2026-01-30T09:32:01.012Z,2026-01-30T09:32:02.558Z,1546,FG-C,BATCH-1006,DAY,normal,0,0
3162,2026-01-30T09:32:02.558Z,2026-01-30T09:32:03.897Z,1339,FG-C,BATCH-1006,DAY,normal,0,0
3163,2026-01-30T09:32:03.897Z,2026-01-30T09:32:05.335Z,1438,FG-C,BATCH-1006,DAY,normal,0,0
3164,2026-01-30T09:32:05.335Z,2026-01-30T09:32:06.786Z,1451,FG-C,BATCH-1006,DAY,normal,0,0
3165,2026-01-30T09:32:06.786Z,2026-01-30T09:32:08.177Z,1391,FG-C,BATCH-1006,DAY,normal,0,0
3166,2026-01-30T09:32:08.177Z,2026-01-30T09:32:09.675Z,1498,FG-C,BATCH-1006,DAY,normal,0,0
3167,2026-01-30T09:32:09.675Z,2026-01-30T09:32:11.031Z,1356,FG-C,BATCH-1006,DAY,normal,0,0
3168,2026-01-30T09:32:11.031Z,2026-01-30T09:32:12.423Z,1392,FG-C,BATCH-1006,DAY,normal,0,0
3169,2026-01-30T09:32:12.423Z,2026-01-30T09:32:13.769Z,1346,FG-C,BATCH-1006,DAY,normal,0,0
3170,2026-01-30T09:32:13.769Z,2026-01-30T09:32:15.149Z,1380,FG-C,BATCH-1006,DAY,normal,0,0
3171,2026-01-30T09:32:15.149Z,2026-01-30T09:32:16.663Z,1514,FG-C,BATCH-1006,DAY,normal,0,0
3172,2026-01-30T09:32:16.663Z,2026-01-30T09:32:17.818Z,1155,FG-C,BATCH-1006,DAY,normal,0,0
3173,2026-01-30T09:32:17.818Z,2026-01-30T09:32:19.042Z,1224,FG-C,BATCH-1006,DAY,normal,0,0
3174,2026-01-30T09:32:19.042Z,2026-01-30T09:32:20.363Z,1321,FG-C,BATCH-1006,DAY,normal,0,0
3175,2026-01-30T09:32:20.363Z,2026-01-30T09:32:21.817Z,1454,FG-C,BATCH-1006,DAY,normal,0,0
3176,2026-01-30T09:32:21.817Z,2026-01-30T09:32:23.213Z,1396,FG-C,BATCH-1006,DAY,normal,0,0
3177,2026-01-30T09:32:23.213Z,2026-01-30T09:32:24.751Z,1538,FG-C,BATCH-1006,DAY,normal,0,0
3178,2026-01-30T09:32:24.751Z,2026-01-30T09:32:26.975Z,2224,FG-C,BATCH-1006,DAY,slow_cycle,0,1
3179,2026-01-30T09:32:26.975Z,2026-01-30T09:32:28.285Z,1310,FG-C,BATCH-1006,DAY,normal,0,0
3180,2026-01-30T09:32:28.285Z,2026-01-30T09:32:29.641Z,1356,FG-C,BATCH-1006,DAY,normal,0,0
3181,2026-01-30T09:32:29.641Z,2026-01-30T09:32:30.912Z,1271,FG-C,BATCH-1006,DAY,normal,0,0
3182,2026-01-30T09:32:30.912Z,2026-01-30T09:32:32.312Z,1400,FG-C,BATCH-1006,DAY,normal,0,0
3183,2026-01-30T09:32:32.312Z,2026-01-30T09:32:33.409Z,1097,FG-C,BATCH-1006,DAY,fast_cycle,0,0
3184,2026-01-30T09:32:33.409Z,2026-01-30T09:32:34.835Z,1426,FG-C,BATCH-1006,DAY,normal,0,0
3185,2026-01-30T09:32:34.835Z,2026-01-30T09:32:36.448Z,1613,FG-C,BATCH-1006,DAY,normal,0,0
3186,2026-01-30T09:32:36.448Z,2026-01-30T09:32:37.980Z,1532,FG-C,BATCH-1006,DAY,normal,0,0
3187,2026-01-30T09:32:37.980Z,2026-01-30T09:32:39.137Z,1157,FG-C,BATCH-1006,DAY,fast_cycle,0,0
3188,2026-01-30T09:32:39.137Z,2026-01-30T09:32:40.485Z,1348,FG-C,BATCH-1006,DAY,normal,0,0
3189,2026-01-30T09:32:40.485Z,2026-01-30T09:32:41.836Z,1351,FG-C,BATCH-1006,DAY,normal,0,0
3190,2026-01-30T09:32:41.836Z,2026-01-30T09:32:43.362Z,1526,FG-C,BATCH-1006,DAY,normal,0,0
3191,2026-01-30T09:32:43.362Z,2026-01-30T09:32:44.744Z,1382,FG-C,BATCH-1006,DAY,normal,0,0
3192,2026-01-30T09:32:44.744Z,2026-01-30T09:32:45.931Z,1187,FG-C,BATCH-1006,DAY,normal,0,0
3193,2026-01-30T09:32:45.931Z,2026-01-30T09:32:47.332Z,1401,FG-C,BATCH-1006,DAY,normal,0,0
3194,2026-01-30T09:32:47.332Z,2026-01-30T09:32:48.691Z,1359,FG-C,BATCH-1006,DAY,normal,0,0
3195,2026-01-30T09:32:48.691Z,2026-01-30T09:32:50.204Z,1513,FG-C,BATCH-1006,DAY,normal,0,0
3196,2026-01-30T09:32:50.204Z,2026-01-30T09:32:51.658Z,1454,FG-C,BATCH-1006,DAY,normal,0,0
3197,2026-01-30T09:32:51.658Z,2026-01-30T09:32:53.078Z,1420,FG-C,BATCH-1006,DAY,normal,0,0
3198,2026-01-30T09:32:53.078Z,2026-01-30T09:32:54.482Z,1404,FG-C,BATCH-1006,DAY,normal,0,0
3199,2026-01-30T09:32:54.482Z,2026-01-30T09:32:55.672Z,1190,FG-C,BATCH-1006,DAY,normal,0,0
3200,2026-01-30T09:32:55.672Z,2026-01-30T09:32:56.957Z,1285,FG-C,BATCH-1006,DAY,normal,0,0
3201,2026-01-30T09:32:56.957Z,2026-01-30T09:32:58.259Z,1302,FG-C,BATCH-1006,DAY,normal,0,0
3202,2026-01-30T09:32:58.259Z,2026-01-30T09:32:59.730Z,1471,FG-C,BATCH-1006,DAY,normal,0,0
3203,2026-01-30T09:32:59.730Z,2026-01-30T09:33:01.085Z,1355,FG-C,BATCH-1006,DAY,normal,0,0
3204,2026-01-30T09:33:01.085Z,2026-01-30T09:33:02.600Z,1515,FG-C,BATCH-1006,DAY,normal,0,0
3205,2026-01-30T09:33:02.600Z,2026-01-30T09:33:04.158Z,1558,FG-C,BATCH-1006,DAY,normal,0,0
3206,2026-01-30T09:33:04.158Z,2026-01-30T09:33:05.616Z,1458,FG-C,BATCH-1006,DAY,normal,0,0
3207,2026-01-30T09:33:05.616Z,2026-01-30T09:33:09.761Z,4145,FG-C,BATCH-1006,DAY,jam_recovery,0,1
3208,2026-01-30T09:33:09.761Z,2026-01-30T09:33:11.140Z,1379,FG-C,BATCH-1006,DAY,normal,0,0
3209,2026-01-30T09:33:11.140Z,2026-01-30T09:33:12.449Z,1309,FG-C,BATCH-1006,DAY,normal,0,0
3210,2026-01-30T09:33:12.449Z,2026-01-30T09:33:13.942Z,1493,FG-C,BATCH-1006,DAY,normal,0,0
3211,2026-01-30T09:33:13.942Z,2026-01-30T09:33:15.372Z,1430,FG-C,BATCH-1006,DAY,normal,0,0
3212,2026-01-30T09:33:15.372Z,2026-01-30T09:33:16.596Z,1224,FG-C,BATCH-1006,DAY,normal,0,0
3213,2026-01-30T09:33:16.596Z,2026-01-30T09:33:18.011Z,1415,FG-C,BATCH-1006,DAY,normal,0,0
3214,2026-01-30T09:33:18.011Z,2026-01-30T09:33:19.577Z,1566,FG-C,BATCH-1006,DAY,normal,0,0
3215,2026-01-30T09:33:19.577Z,2026-01-30T09:33:21.090Z,1513,FG-C,BATCH-1006,DAY,normal,0,0
3216,2026-01-30T09:33:21.090Z,2026-01-30T09:33:22.421Z,1331,FG-C,BATCH-1006,DAY,normal,0,0
3217,2026-01-30T09:33:22.421Z,2026-01-30T09:33:23.824Z,1403,FG-C,BATCH-1006,DAY,normal,0,0
3218,2026-01-30T09:33:23.824Z,2026-01-30T09:33:25.012Z,1188,FG-C,BATCH-1006,DAY,normal,0,0
3219,2026-01-30T09:33:25.012Z,2026-01-30T09:33:26.292Z,1280,FG-C,BATCH-1006,DAY,normal,0,0
3220,2026-01-30T09:33:26.292Z,2026-01-30T09:33:27.666Z,1374,FG-C,BATCH-1006,DAY,normal,0,0
3221,2026-01-30T09:33:27.666Z,2026-01-30T09:33:29.092Z,1426,FG-C,BATCH-1006,DAY,normal,0,0
3222,2026-01-30T09:33:29.092Z,2026-01-30T09:33:30.516Z,1424,FG-C,BATCH-1006,DAY,normal,0,0
3223,2026-01-30T09:33:30.516Z,2026-01-30T09:33:31.909Z,1393,FG-C,BATCH-1006,DAY,normal,0,0
3224,2026-01-30T09:33:31.909Z,2026-01-30T09:33:33.217Z,1308,FG-C,BATCH-1006,DAY,normal,0,0
3225,2026-01-30T09:33:33.217Z,2026-01-30T09:33:34.703Z,1486,FG-C,BATCH-1006,DAY,normal,0,0
3226,2026-01-30T09:33:34.703Z,2026-01-30T09:33:36.133Z,1430,FG-C,BATCH-1006,DAY,normal,0,0
3227,2026-01-30T09:33:36.133Z,2026-01-30T09:33:37.573Z,1440,FG-C,BATCH-1006,DAY,normal,0,0
3228,2026-01-30T09:33:37.573Z,2026-01-30T09:33:38.754Z,1181,FG-C,BATCH-1006,DAY,normal,0,0
3229,2026-01-30T09:33:38.754Z,2026-01-30T09:33:53.963Z,15209,FG-C,BATCH-1006,DAY,long_gap,1,1
3230,2026-01-30T09:33:53.963Z,2026-01-30T09:33:55.241Z,1278,FG-C,BATCH-1006,DAY,normal,0,0
3231,2026-01-30T09:33:55.241Z,2026-01-30T09:33:56.455Z,1214,FG-C,BATCH-1006,DAY,normal,0,0
3232,2026-01-30T09:33:56.455Z,2026-01-30T09:33:57.839Z,1384,FG-C,BATCH-1006,DAY,normal,0,0
3233,2026-01-30T09:33:57.839Z,2026-01-30T09:33:59.009Z,1170,FG-C,BATCH-1006,DAY,normal,0,0
3234,2026-01-30T09:33:59.009Z,2026-01-30T09:34:00.547Z,1538,FG-C,BATCH-1006,DAY,normal,0,0
3235,2026-01-30T09:34:00.547Z,2026-01-30T09:34:01.804Z,1257,FG-C,BATCH-1006,DAY,fast_cycle,0,0
3236,2026-01-30T09:34:01.804Z,2026-01-30T09:34:03.301Z,1497,FG-C,BATCH-1006,DAY,normal,0,0
3237,2026-01-30T09:34:03.301Z,2026-01-30T09:34:04.681Z,1380,FG-C,BATCH-1006,DAY,normal,0,0
3238,2026-01-30T09:34:04.681Z,2026-01-30T09:34:06.275Z,1594,FG-C,BATCH-1006,DAY,normal,0,0
3239,2026-01-30T09:34:06.275Z,2026-01-30T09:34:07.641Z,1366,FG-C,BATCH-1006,DAY,normal,0,0
3240,2026-01-30T09:34:07.641Z,2026-01-30T09:34:09.135Z,1494,FG-C,BATCH-1006,DAY,normal,0,0
3241,2026-01-30T09:34:09.135Z,2026-01-30T09:34:10.684Z,1549,FG-C,BATCH-1006,DAY,normal,0,0
3242,2026-01-30T09:34:10.684Z,2026-01-30T09:34:12.065Z,1381,FG-C,BATCH-1006,DAY,normal,0,0
3243,2026-01-30T09:34:12.065Z,2026-01-30T09:34:13.433Z,1368,FG-C,BATCH-1006,DAY,normal,0,0
3244,2026-01-30T09:34:13.433Z,2026-01-30T09:34:14.869Z,1436,FG-C,BATCH-1006,DAY,normal,0,0
3245,2026-01-30T09:34:14.869Z,2026-01-30T09:34:16.200Z,1331,FG-C,BATCH-1006,DAY,normal,0,0
3246,2026-01-30T09:34:16.200Z,2026-01-30T09:34:17.517Z,1317,FG-C,BATCH-1006,DAY,normal,0,0
3247,2026-01-30T09:34:17.517Z,2026-01-30T09:34:18.770Z,1253,FG-C,BATCH-1006,DAY,normal,0,0
3248,2026-01-30T09:34:18.770Z,2026-01-30T09:34:20.259Z,1489,FG-C,BATCH-1006,DAY,normal,0,0
3249,2026-01-30T09:34:20.259Z,2026-01-30T09:34:21.596Z,1337,FG-C,BATCH-1006,DAY,normal,0,0
3250,2026-01-30T09:34:21.596Z,2026-01-30T09:34:23.011Z,1415,FG-C,BATCH-1006,DAY,normal,0,0
3251,2026-01-30T09:34:23.011Z,2026-01-30T09:34:24.246Z,1235,FG-C,BATCH-1006,DAY,normal,0,0
3252,2026-01-30T09:34:24.246Z,2026-01-30T09:34:25.630Z,1384,FG-C,BATCH-1006,DAY,normal,0,0
3253,2026-01-30T09:34:25.630Z,2026-01-30T09:34:27.051Z,1421,FG-C,BATCH-1006,DAY,normal,0,0
3254,2026-01-30T09:34:27.051Z,2026-01-30T09:34:28.483Z,1432,FG-C,BATCH-1006,DAY,normal,0,0
3255,2026-01-30T09:34:28.483Z,2026-01-30T09:34:30.034Z,1551,FG-C,BATCH-1006,DAY,normal,0,0
3256,2026-01-30T09:34:30.034Z,2026-01-30T09:34:31.363Z,1329,FG-C,BATCH-1006,DAY,normal,0,0
3257,2026-01-30T09:34:31.363Z,2026-01-30T09:34:32.687Z,1324,FG-C,BATCH-1006,DAY,normal,0,0
3258,2026-01-30T09:34:32.687Z,2026-01-30T09:34:34.186Z,1499,FG-C,BATCH-1006,DAY,normal,0,0
3259,2026-01-30T09:34:34.186Z,2026-01-30T09:34:35.535Z,1349,FG-C,BATCH-1006,DAY,normal,0,0
3260,2026-01-30T09:34:35.535Z,2026-01-30T09:34:37.093Z,1558,FG-C,BATCH-1006,DAY,normal,0,0
3261,2026-01-30T09:34:37.093Z,2026-01-30T09:34:38.397Z,1304,FG-C,BATCH-1006,DAY,normal,0,0
3262,2026-01-30T09:34:38.397Z,2026-01-30T09:34:39.644Z,1247,FG-C,BATCH-1006,DAY,fast_cycle,0,0
3263,2026-01-30T09:34:39.644Z,2026-01-30T09:34:41.064Z,1420,FG-C,BATCH-1006,DAY,normal,0,0
3264,2026-01-30T09:34:41.064Z,2026-01-30T09:34:42.589Z,1525,FG-C,BATCH-1006,DAY,normal,0,0
3265,2026-01-30T09:34:42.589Z,2026-01-30T09:34:44.076Z,1487,FG-C,BATCH-1006,DAY,normal,0,0
3266,2026-01-30T09:34:44.076Z,2026-01-30T09:34:45.484Z,1408,FG-C,BATCH-1006,DAY,normal,0,0
3267,2026-01-30T09:34:45.484Z,2026-01-30T09:34:46.932Z,1448,FG-C,BATCH-1006,DAY,normal,0,0
3268,2026-01-30T09:34:46.932Z,2026-01-30T09:34:48.309Z,1377,FG-C,BATCH-1006,DAY,normal,0,0
3269,2026-01-30T09:34:48.309Z,2026-01-30T09:34:49.667Z,1358,FG-C,BATCH-1006,DAY,normal,0,0
3270,2026-01-30T09:34:49.667Z,2026-01-30T09:34:51.244Z,1577,FG-C,BATCH-1006,DAY,normal,0,0
3271,2026-01-30T09:34:51.244Z,2026-01-30T09:34:52.750Z,1506,FG-C,BATCH-1006,DAY,normal,0,0
3272,2026-01-30T09:34:52.750Z,2026-01-30T09:34:54.023Z,1273,FG-C,BATCH-1006,DAY,normal,0,0
3273,2026-01-30T09:34:54.023Z,2026-01-30T09:34:55.472Z,1449,FG-C,BATCH-1006,DAY,normal,0,0
3274,2026-01-30T09:34:55.472Z,2026-01-30T09:34:57.069Z,1597,FG-C,BATCH-1006,DAY,normal,0,0
3275,2026-01-30T09:34:57.069Z,2026-01-30T09:34:58.438Z,1369,FG-C,BATCH-1006,DAY,normal,0,0
3276,2026-01-30T09:34:58.438Z,2026-01-30T09:34:59.845Z,1407,FG-C,BATCH-1006,DAY,normal,0,0
3277,2026-01-30T09:34:59.845Z,2026-01-30T09:35:01.125Z,1280,FG-C,BATCH-1006,DAY,normal,0,0
3278,2026-01-30T09:35:01.125Z,2026-01-30T09:35:02.524Z,1399,FG-C,BATCH-1006,DAY,normal,0,0
3279,2026-01-30T09:35:02.524Z,2026-01-30T09:35:03.931Z,1407,FG-C,BATCH-1006,DAY,normal,0,0
3280,2026-01-30T09:35:03.931Z,2026-01-30T09:35:05.196Z,1265,FG-C,BATCH-1006,DAY,normal,0,0
3281,2026-01-30T09:35:05.196Z,2026-01-30T09:35:06.626Z,1430,FG-C,BATCH-1006,DAY,normal,0,0
3282,2026-01-30T09:35:06.626Z,2026-01-30T09:35:07.948Z,1322,FG-C,BATCH-1006,DAY,normal,0,0
3283,2026-01-30T09:35:07.948Z,2026-01-30T09:35:09.292Z,1344,FG-C,BATCH-1006,DAY,normal,0,0
3284,2026-01-30T09:35:09.292Z,2026-01-30T09:35:10.610Z,1318,FG-C,BATCH-1006,DAY,normal,0,0
3285,2026-01-30T09:35:10.610Z,2026-01-30T09:35:12.129Z,1519,FG-C,BATCH-1006,DAY,normal,0,0
3286,2026-01-30T09:35:12.129Z,2026-01-30T09:35:14.357Z,2228,FG-C,BATCH-1006,DAY,slow_cycle,0,1
3287,2026-01-30T09:35:14.357Z,2026-01-30T09:35:17.678Z,3321,FG-C,BATCH-1006,DAY,slow_cycle,0,1
3288,2026-01-30T09:35:17.678Z,2026-01-30T09:35:19.129Z,1451,FG-C,BATCH-1006,DAY,normal,0,0
3289,2026-01-30T09:35:19.129Z,2026-01-30T09:35:20.488Z,1359,FG-C,BATCH-1006,DAY,normal,0,0
3290,2026-01-30T09:35:20.488Z,2026-01-30T09:35:21.775Z,1287,FG-C,BATCH-1006,DAY,normal,0,0
3291,2026-01-30T09:35:21.775Z,2026-01-30T09:35:23.237Z,1462,FG-C,BATCH-1006,DAY,normal,0,0
3292,2026-01-30T09:35:23.237Z,2026-01-30T09:35:24.614Z,1377,FG-C,BATCH-1006,DAY,normal,0,0
3293,2026-01-30T09:35:24.614Z,2026-01-30T09:35:27.024Z,2410,FG-C,BATCH-1006,DAY,slow_cycle,0,1
3294,2026-01-30T09:35:27.024Z,2026-01-30T09:35:28.519Z,1495,FG-C,BATCH-1006,DAY,normal,0,0
3295,2026-01-30T09:35:28.519Z,2026-01-30T09:35:30.050Z,1531,FG-C,BATCH-1006,DAY,normal,0,0
3296,2026-01-30T09:35:30.050Z,2026-01-30T09:35:31.540Z,1490,FG-C,BATCH-1006,DAY,normal,0,0
3297,2026-01-30T09:35:31.540Z,2026-01-30T09:35:32.853Z,1313,FG-C,BATCH-1006,DAY,normal,0,0
3298,2026-01-30T09:35:32.853Z,2026-01-30T09:35:45.026Z,12173,FG-C,BATCH-1006,DAY,long_gap,1,1
3299,2026-01-30T09:35:45.026Z,2026-01-30T09:35:46.410Z,1384,FG-C,BATCH-1006,DAY,normal,0,0
3300,2026-01-30T09:35:46.410Z,2026-01-30T09:35:48.003Z,1593,FG-C,BATCH-1006,DAY,normal,0,0
3301,2026-01-30T09:35:48.003Z,2026-01-30T09:35:49.390Z,1387,FG-C,BATCH-1006,DAY,normal,0,0
3302,2026-01-30T09:35:49.390Z,2026-01-30T09:35:50.726Z,1336,FG-C,BATCH-1006,DAY,normal,0,0
3303,2026-01-30T09:35:50.726Z,2026-01-30T09:35:52.110Z,1384,FG-C,BATCH-1006,DAY,normal,0,0
3304,2026-01-30T09:35:52.110Z,2026-01-30T09:35:53.411Z,1301,FG-C,BATCH-1006,DAY,normal,0,0
3305,2026-01-30T09:35:53.411Z,2026-01-30T09:35:54.751Z,1340,FG-C,BATCH-1006,DAY,normal,0,0
3306,2026-01-30T09:35:54.751Z,2026-01-30T09:35:56.012Z,1261,FG-C,BATCH-1006,DAY,normal,0,0
3307,2026-01-30T09:35:56.012Z,2026-01-30T09:35:57.434Z,1422,FG-C,BATCH-1006,DAY,normal,0,0
3308,2026-01-30T09:35:57.434Z,2026-01-30T09:35:58.831Z,1397,FG-C,BATCH-1006,DAY,normal,0,0
3309,2026-01-30T09:35:58.831Z,2026-01-30T09:36:00.273Z,1442,FG-C,BATCH-1006,DAY,normal,0,0
3310,2026-01-30T09:36:00.273Z,2026-01-30T09:36:01.574Z,1301,FG-C,BATCH-1006,DAY,normal,0,0
3311,2026-01-30T09:36:01.574Z,2026-01-30T09:36:03.003Z,1429,FG-C,BATCH-1006,DAY,normal,0,0
3312,2026-01-30T09:36:03.003Z,2026-01-30T09:36:04.407Z,1404,FG-C,BATCH-1006,DAY,normal,0,0
3313,2026-01-30T09:36:04.407Z,2026-01-30T09:36:05.799Z,1392,FG-C,BATCH-1006,DAY,normal,0,0
3314,2026-01-30T09:36:05.799Z,2026-01-30T09:36:07.171Z,1372,FG-C,BATCH-1006,DAY,normal,0,0
3315,2026-01-30T09:36:07.171Z,2026-01-30T09:36:08.639Z,1468,FG-C,BATCH-1006,DAY,normal,0,0
3316,2026-01-30T09:36:08.639Z,2026-01-30T09:36:09.981Z,1342,FG-C,BATCH-1006,DAY,normal,0,0
3317,2026-01-30T09:36:09.981Z,2026-01-30T09:36:11.501Z,1520,FG-C,BATCH-1006,DAY,normal,0,0
3318,2026-01-30T09:36:11.501Z,2026-01-30T09:36:12.966Z,1465,FG-C,BATCH-1006,DAY,normal,0,0
3319,2026-01-30T09:36:12.966Z,2026-01-30T09:36:14.435Z,1469,FG-C,BATCH-1006,DAY,normal,0,0
3320,2026-01-30T09:36:14.435Z,2026-01-30T09:36:15.917Z,1482,FG-C,BATCH-1006,DAY,normal,0,0
3321,2026-01-30T09:36:15.917Z,2026-01-30T09:36:17.205Z,1288,FG-C,BATCH-1006,DAY,normal,0,0
3322,2026-01-30T09:36:17.205Z,2026-01-30T09:36:18.673Z,1468,FG-C,BATCH-1006,DAY,normal,0,0
3323,2026-01-30T09:36:18.673Z,2026-01-30T09:36:19.910Z,1237,FG-C,BATCH-1006,DAY,normal,0,0
3324,2026-01-30T09:36:19.910Z,2026-01-30T09:36:21.321Z,1411,FG-C,BATCH-1006,DAY,normal,0,0
3325,2026-01-30T09:36:21.321Z,2026-01-30T09:36:22.592Z,1271,FG-C,BATCH-1006,DAY,normal,0,0
3326,2026-01-30T09:36:22.592Z,2026-01-30T09:36:23.969Z,1377,FG-C,BATCH-1006,DAY,normal,0,0
3327,2026-01-30T09:36:23.969Z,2026-01-30T09:36:25.353Z,1384,FG-C,BATCH-1006,DAY,normal,0,0
3328,2026-01-30T09:36:25.353Z,2026-01-30T09:36:26.560Z,1207,FG-C,BATCH-1006,DAY,fast_cycle,0,0
3329,2026-01-30T09:36:26.560Z,2026-01-30T09:36:28.033Z,1473,FG-C,BATCH-1006,DAY,normal,0,0
3330,2026-01-30T09:36:28.033Z,2026-01-30T09:36:29.410Z,1377,FG-C,BATCH-1006,DAY,normal,0,0
3331,2026-01-30T09:36:29.410Z,2026-01-30T09:36:30.865Z,1455,FG-C,BATCH-1006,DAY,normal,0,0
3332,2026-01-30T09:36:30.865Z,2026-01-30T09:36:32.311Z,1446,FG-C,BATCH-1006,DAY,normal,0,0
3333,2026-01-30T09:36:32.311Z,2026-01-30T09:36:33.730Z,1419,FG-C,BATCH-1006,DAY,normal,0,0
3334,2026-01-30T09:36:33.730Z,2026-01-30T09:36:35.191Z,1461,FG-C,BATCH-1006,DAY,normal,0,0
3335,2026-01-30T09:36:35.191Z,2026-01-30T09:36:36.649Z,1458,FG-C,BATCH-1006,DAY,normal,0,0
3336,2026-01-30T09:36:36.649Z,2026-01-30T09:36:38.043Z,1394,FG-C,BATCH-1006,DAY,normal,0,0
3337,2026-01-30T09:36:38.043Z,2026-01-30T09:36:39.478Z,1435,FG-C,BATCH-1006,DAY,normal,0,0
3338,2026-01-30T09:36:39.478Z,2026-01-30T09:36:40.975Z,1497,FG-C,BATCH-1006,DAY,normal,0,0
3339,2026-01-30T09:36:40.975Z,2026-01-30T09:36:42.505Z,1530,FG-C,BATCH-1006,DAY,normal,0,0
3340,2026-01-30T09:36:42.505Z,2026-01-30T09:36:43.858Z,1353,FG-C,BATCH-1006,DAY,normal,0,0
3341,2026-01-30T09:36:43.858Z,2026-01-30T09:36:45.061Z,1203,FG-C,BATCH-1006,DAY,normal,0,0
3342,2026-01-30T09:36:45.061Z,2026-01-30T09:36:46.498Z,1437,FG-C,BATCH-1006,DAY,normal,0,0
3343,2026-01-30T09:36:46.498Z,2026-01-30T09:36:47.872Z,1374,FG-C,BATCH-1006,DAY,normal,0,0
3344,2026-01-30T09:36:47.872Z,2026-01-30T09:36:49.331Z,1459,FG-C,BATCH-1006,DAY,normal,0,0
3345,2026-01-30T09:36:49.331Z,2026-01-30T09:36:52.928Z,3597,FG-C,BATCH-1006,DAY,jam_recovery,0,1
3346,2026-01-30T09:36:52.928Z,2026-01-30T09:36:54.209Z,1281,FG-C,BATCH-1006,DAY,normal,0,0
3347,2026-01-30T09:36:54.209Z,2026-01-30T09:36:55.481Z,1272,FG-C,BATCH-1006,DAY,normal,0,0
3348,2026-01-30T09:36:55.481Z,2026-01-30T09:36:56.867Z,1386,FG-C,BATCH-1006,DAY,normal,0,0
3349,2026-01-30T09:36:56.867Z,2026-01-30T09:36:58.379Z,1512,FG-C,BATCH-1006,DAY,normal,0,0
3350,2026-01-30T09:36:58.379Z,2026-01-30T09:36:59.903Z,1524,FG-C,BATCH-1006,DAY,normal,0,0
3351,2026-01-30T09:36:59.903Z,2026-01-30T09:37:01.396Z,1493,FG-C,BATCH-1006,DAY,normal,0,0
3352,2026-01-30T09:37:01.396Z,2026-01-30T09:37:02.868Z,1472,FG-C,BATCH-1006,DAY,normal,0,0
3353,2026-01-30T09:37:02.868Z,2026-01-30T09:37:04.198Z,1330,FG-C,BATCH-1006,DAY,normal,0,0
3354,2026-01-30T09:37:04.198Z,2026-01-30T09:37:05.616Z,1418,FG-C,BATCH-1006,DAY,normal,0,0
3355,2026-01-30T09:37:05.616Z,2026-01-30T09:37:07.202Z,1586,FG-C,BATCH-1006,DAY,normal,0,0
3356,2026-01-30T09:37:07.202Z,2026-01-30T09:37:08.694Z,1492,FG-C,BATCH-1006,DAY,normal,0,0
3357,2026-01-30T09:37:08.694Z,2026-01-30T09:37:10.154Z,1460,FG-C,BATCH-1006,DAY,normal,0,0
3358,2026-01-30T09:37:10.154Z,2026-01-30T09:37:11.539Z,1385,FG-C,BATCH-1006,DAY,normal,0,0
3359,2026-01-30T09:37:11.539Z,2026-01-30T09:37:12.905Z,1366,FG-C,BATCH-1006,DAY,normal,0,0
3360,2026-01-30T09:37:12.905Z,2026-01-30T09:37:14.342Z,1437,FG-C,BATCH-1006,DAY,normal,0,0
3361,2026-01-30T09:37:14.342Z,2026-01-30T09:37:15.925Z,1583,FG-C,BATCH-1006,DAY,normal,0,0
3362,2026-01-30T09:37:15.925Z,2026-01-30T09:37:17.159Z,1234,FG-C,BATCH-1006,DAY,normal,0,0
3363,2026-01-30T09:37:17.159Z,2026-01-30T09:37:18.620Z,1461,FG-C,BATCH-1006,DAY,normal,0,0
3364,2026-01-30T09:37:18.620Z,2026-01-30T09:37:32.381Z,13761,FG-C,BATCH-1006,DAY,long_gap,1,1
3365,2026-01-30T09:37:32.381Z,2026-01-30T09:37:33.804Z,1423,FG-C,BATCH-1006,DAY,normal,0,0
3366,2026-01-30T09:37:33.804Z,2026-01-30T09:37:35.289Z,1485,FG-C,BATCH-1006,DAY,normal,0,0
3367,2026-01-30T09:37:35.289Z,2026-01-30T09:37:36.745Z,1456,FG-C,BATCH-1006,DAY,normal,0,0
3368,2026-01-30T09:37:36.745Z,2026-01-30T09:37:38.307Z,1562,FG-C,BATCH-1006,DAY,normal,0,0
3369,2026-01-30T09:37:38.307Z,2026-01-30T09:37:39.781Z,1474,FG-C,BATCH-1006,DAY,normal,0,0
3370,2026-01-30T09:37:39.781Z,2026-01-30T09:37:41.222Z,1441,FG-C,BATCH-1006,DAY,normal,0,0
3371,2026-01-30T09:37:41.222Z,2026-01-30T09:37:42.617Z,1395,FG-C,BATCH-1006,DAY,normal,0,0
3372,2026-01-30T09:37:42.617Z,2026-01-30T09:37:43.969Z,1352,FG-C,BATCH-1006,DAY,normal,0,0
3373,2026-01-30T09:37:43.969Z,2026-01-30T09:37:45.286Z,1317,FG-C,BATCH-1006,DAY,normal,0,0
3374,2026-01-30T09:37:45.286Z,2026-01-30T09:37:46.649Z,1363,FG-C,BATCH-1006,DAY,normal,0,0
3375,2026-01-30T09:37:46.649Z,2026-01-30T09:37:47.954Z,1305,FG-C,BATCH-1006,DAY,normal,0,0
3376,2026-01-30T09:37:47.954Z,2026-01-30T09:37:49.378Z,1424,FG-C,BATCH-1006,DAY,normal,0,0
3377,2026-01-30T09:37:49.378Z,2026-01-30T09:37:50.786Z,1408,FG-C,BATCH-1006,DAY,normal,0,0
3378,2026-01-30T09:37:50.786Z,2026-01-30T09:37:52.330Z,1544,FG-C,BATCH-1006,DAY,normal,0,0
3379,2026-01-30T09:37:52.330Z,2026-01-30T09:37:53.674Z,1344,FG-C,BATCH-1006,DAY,normal,0,0
3380,2026-01-30T09:37:53.674Z,2026-01-30T09:37:54.927Z,1253,FG-C,BATCH-1006,DAY,normal,0,0
3381,2026-01-30T09:37:54.927Z,2026-01-30T09:37:56.295Z,1368,FG-C,BATCH-1006,DAY,normal,0,0
3382,2026-01-30T09:37:56.295Z,2026-01-30T09:37:57.836Z,1541,FG-C,BATCH-1006,DAY,normal,0,0
3383,2026-01-30T09:37:57.836Z,2026-01-30T09:37:59.143Z,1307,FG-C,BATCH-1006,DAY,normal,0,0
3384,2026-01-30T09:37:59.143Z,2026-01-30T09:38:00.549Z,1406,FG-C,BATCH-1006,DAY,normal,0,0
3385,2026-01-30T09:38:00.549Z,2026-01-30T09:38:01.988Z,1439,FG-C,BATCH-1006,DAY,normal,0,0
3386,2026-01-30T09:38:01.988Z,2026-01-30T09:38:03.400Z,1412,FG-C,BATCH-1006,DAY,normal,0,0
3387,2026-01-30T09:38:03.400Z,2026-01-30T09:38:04.766Z,1366,FG-C,BATCH-1006,DAY,normal,0,0
3388,2026-01-30T09:38:04.766Z,2026-01-30T09:38:06.281Z,1515,FG-C,BATCH-1006,DAY,normal,0,0
3389,2026-01-30T09:38:06.281Z,2026-01-30T09:38:07.762Z,1481,FG-C,BATCH-1006,DAY,normal,0,0
3390,2026-01-30T09:38:07.762Z,2026-01-30T09:38:09.189Z,1427,FG-C,BATCH-1006,DAY,normal,0,0
3391,2026-01-30T09:38:09.189Z,2026-01-30T09:38:10.623Z,1434,FG-C,BATCH-1006,DAY,normal,0,0
3392,2026-01-30T09:38:10.623Z,2026-01-30T09:38:12.047Z,1424,FG-C,BATCH-1006,DAY,normal,0,0
3393,2026-01-30T09:38:12.047Z,2026-01-30T09:38:13.626Z,1579,FG-C,BATCH-1006,DAY,normal,0,0
3394,2026-01-30T09:38:13.626Z,2026-01-30T09:38:15.067Z,1441,FG-C,BATCH-1006,DAY,normal,0,0
3395,2026-01-30T09:38:15.067Z,2026-01-30T09:38:16.504Z,1437,FG-C,BATCH-1006,DAY,normal,0,0
3396,2026-01-30T09:38:16.504Z,2026-01-30T09:38:17.901Z,1397,FG-C,BATCH-1006,DAY,normal,0,0
3397,2026-01-30T09:38:17.901Z,2026-01-30T09:38:19.340Z,1439,FG-C,BATCH-1006,DAY,normal,0,0
3398,2026-01-30T09:38:19.340Z,2026-01-30T09:38:20.709Z,1369,FG-C,BATCH-1006,DAY,normal,0,0
3399,2026-01-30T09:38:20.709Z,2026-01-30T09:38:22.273Z,1564,FG-C,BATCH-1006,DAY,normal,0,0
3400,2026-01-30T09:38:22.273Z,2026-01-30T09:38:23.786Z,1513,FG-C,BATCH-1006,DAY,normal,0,0
3401,2026-01-30T09:38:23.786Z,2026-01-30T09:38:24.933Z,1147,FG-C,BATCH-1006,DAY,normal,0,0
3402,2026-01-30T09:38:24.933Z,2026-01-30T09:38:26.267Z,1334,FG-C,BATCH-1006,DAY,normal,0,0
3403,2026-01-30T09:38:26.267Z,2026-01-30T09:38:27.598Z,1331,FG-C,BATCH-1006,DAY,normal,0,0
3404,2026-01-30T09:38:27.598Z,2026-01-30T09:38:28.978Z,1380,FG-C,BATCH-1006,DAY,normal,0,0
3405,2026-01-30T09:38:28.978Z,2026-01-30T09:38:30.556Z,1578,FG-C,BATCH-1006,DAY,normal,0,0
3406,2026-01-30T09:38:30.556Z,2026-01-30T09:38:31.946Z,1390,FG-C,BATCH-1006,DAY,normal,0,0
3407,2026-01-30T09:38:31.946Z,2026-01-30T09:38:33.250Z,1304,FG-C,BATCH-1006,DAY,normal,0,0
3408,2026-01-30T09:38:33.250Z,2026-01-30T09:38:34.512Z,1262,FG-C,BATCH-1006,DAY,normal,0,0
3409,2026-01-30T09:38:34.512Z,2026-01-30T09:38:35.841Z,1329,FG-C,BATCH-1006,DAY,normal,0,0
3410,2026-01-30T09:38:35.841Z,2026-01-30T09:38:37.215Z,1374,FG-C,BATCH-1006,DAY,normal,0,0
3411,2026-01-30T09:38:37.215Z,2026-01-30T09:38:38.458Z,1243,FG-C,BATCH-1006,DAY,normal,0,0
3412,2026-01-30T09:38:38.458Z,2026-01-30T09:38:39.957Z,1499,FG-C,BATCH-1006,DAY,normal,0,0
3413,2026-01-30T09:38:39.957Z,2026-01-30T09:38:41.304Z,1347,FG-C,BATCH-1006,DAY,normal,0,0
3414,2026-01-30T09:38:41.304Z,2026-01-30T09:38:42.596Z,1292,FG-C,BATCH-1006,DAY,normal,0,0
3415,2026-01-30T09:38:42.596Z,2026-01-30T09:38:43.992Z,1396,FG-C,BATCH-1006,DAY,normal,0,0
3416,2026-01-30T09:38:43.992Z,2026-01-30T09:38:45.399Z,1407,FG-C,BATCH-1006,DAY,normal,0,0
3417,2026-01-30T09:38:45.399Z,2026-01-30T09:38:46.927Z,1528,FG-C,BATCH-1006,DAY,normal,0,0
3418,2026-01-30T09:38:46.927Z,2026-01-30T09:38:48.444Z,1517,FG-C,BATCH-1006,DAY,normal,0,0
3419,2026-01-30T09:38:48.444Z,2026-01-30T09:38:49.814Z,1370,FG-C,BATCH-1006,DAY,normal,0,0
3420,2026-01-30T09:38:49.814Z,2026-01-30T09:38:51.261Z,1447,FG-C,BATCH-1006,DAY,normal,0,0
3421,2026-01-30T09:38:51.261Z,2026-01-30T09:38:52.717Z,1456,FG-C,BATCH-1006,DAY,normal,0,0
3422,2026-01-30T09:38:52.717Z,2026-01-30T09:38:54.080Z,1363,FG-C,BATCH-1006,DAY,normal,0,0
3423,2026-01-30T09:38:54.080Z,2026-01-30T09:38:55.315Z,1235,FG-C,BATCH-1006,DAY,normal,0,0
3424,2026-01-30T09:38:55.315Z,2026-01-30T09:38:56.577Z,1262,FG-C,BATCH-1006,DAY,normal,0,0
3425,2026-01-30T09:38:56.577Z,2026-01-30T09:38:58.020Z,1443,FG-C,BATCH-1006,DAY,normal,0,0
3426,2026-01-30T09:38:58.020Z,2026-01-30T09:38:59.560Z,1540,FG-C,BATCH-1006,DAY,normal,0,0
3427,2026-01-30T09:38:59.560Z,2026-01-30T09:39:00.939Z,1379,FG-C,BATCH-1006,DAY,normal,0,0
3428,2026-01-30T09:39:00.939Z,2026-01-30T09:39:02.332Z,1393,FG-C,BATCH-1006,DAY,normal,0,0
3429,2026-01-30T09:39:02.332Z,2026-01-30T09:39:03.737Z,1405,FG-C,BATCH-1006,DAY,normal,0,0
3430,2026-01-30T09:39:03.737Z,2026-01-30T09:39:05.235Z,1498,FG-C,BATCH-1006,DAY,normal,0,0
3431,2026-01-30T09:39:05.235Z,2026-01-30T09:39:06.648Z,1413,FG-C,BATCH-1006,DAY,normal,0,0
3432,2026-01-30T09:39:06.648Z,2026-01-30T09:39:07.813Z,1165,FG-C,BATCH-1006,DAY,fast_cycle,0,0
3433,2026-01-30T09:39:07.813Z,2026-01-30T09:39:09.329Z,1516,FG-C,BATCH-1006,DAY,normal,0,0
3434,2026-01-30T09:39:09.329Z,2026-01-30T09:39:10.784Z,1455,FG-C,BATCH-1006,DAY,normal,0,0
3435,2026-01-30T09:39:10.784Z,2026-01-30T09:39:12.373Z,1589,FG-C,BATCH-1006,DAY,normal,0,0
3436,2026-01-30T09:39:12.373Z,2026-01-30T09:39:13.679Z,1306,FG-C,BATCH-1006,DAY,normal,0,0
3437,2026-01-30T09:39:13.679Z,2026-01-30T09:39:15.253Z,1574,FG-C,BATCH-1006,DAY,normal,0,0
3438,2026-01-30T09:39:15.253Z,2026-01-30T09:39:16.484Z,1231,FG-C,BATCH-1006,DAY,normal,0,0
3439,2026-01-30T09:39:16.484Z,2026-01-30T09:39:17.820Z,1336,FG-C,BATCH-1006,DAY,normal,0,0
3440,2026-01-30T09:39:17.820Z,2026-01-30T09:39:19.214Z,1394,FG-C,BATCH-1006,DAY,normal,0,0
3441,2026-01-30T09:39:19.214Z,2026-01-30T09:39:20.505Z,1291,FG-C,BATCH-1006,DAY,normal,0,0
3442,2026-01-30T09:39:20.505Z,2026-01-30T09:39:21.822Z,1317,FG-C,BATCH-1006,DAY,normal,0,0
3443,2026-01-30T09:39:21.822Z,2026-01-30T09:39:23.266Z,1444,FG-C,BATCH-1006,DAY,normal,0,0
3444,2026-01-30T09:39:23.266Z,2026-01-30T09:39:24.607Z,1341,FG-C,BATCH-1006,DAY,normal,0,0
3445,2026-01-30T09:39:24.607Z,2026-01-30T09:39:26.177Z,1570,FG-C,BATCH-1006,DAY,normal,0,0
3446,2026-01-30T09:39:26.177Z,2026-01-30T09:39:27.606Z,1429,FG-C,BATCH-1006,DAY,normal,0,0
3447,2026-01-30T09:39:27.606Z,2026-01-30T09:39:29.119Z,1513,FG-C,BATCH-1006,DAY,normal,0,0
3448,2026-01-30T09:39:29.119Z,2026-01-30T09:39:30.657Z,1538,FG-C,BATCH-1006,DAY,normal,0,0
3449,2026-01-30T09:39:30.657Z,2026-01-30T09:39:31.977Z,1320,FG-C,BATCH-1006,DAY,normal,0,0
3450,2026-01-30T09:39:31.977Z,2026-01-30T09:39:33.363Z,1386,FG-C,BATCH-1006,DAY,normal,0,0
3451,2026-01-30T09:39:33.363Z,2026-01-30T09:39:34.663Z,1300,FG-C,BATCH-1006,DAY,normal,0,0
3452,2026-01-30T09:39:34.663Z,2026-01-30T09:39:36.037Z,1374,FG-C,BATCH-1006,DAY,normal,0,0
3453,2026-01-30T09:39:36.037Z,2026-01-30T09:39:37.438Z,1401,FG-C,BATCH-1006,DAY,normal,0,0
3454,2026-01-30T09:39:37.438Z,2026-01-30T09:39:38.489Z,1051,FG-C,BATCH-1006,DAY,fast_cycle,0,0
3455,2026-01-30T09:39:38.489Z,2026-01-30T09:39:39.824Z,1335,FG-C,BATCH-1006,DAY,normal,0,0
3456,2026-01-30T09:39:39.824Z,2026-01-30T09:39:41.043Z,1219,FG-C,BATCH-1006,DAY,normal,0,0
3457,2026-01-30T09:39:41.043Z,2026-01-30T09:39:42.493Z,1450,FG-C,BATCH-1006,DAY,normal,0,0
3458,2026-01-30T09:39:42.493Z,2026-01-30T09:39:43.920Z,1427,FG-C,BATCH-1006,DAY,normal,0,0
3459,2026-01-30T09:39:43.920Z,2026-01-30T09:39:45.356Z,1436,FG-C,BATCH-1006,DAY,normal,0,0
3460,2026-01-30T09:39:45.356Z,2026-01-30T09:39:46.721Z,1365,FG-C,BATCH-1006,DAY,normal,0,0
3461,2026-01-30T09:39:46.721Z,2026-01-30T09:39:47.950Z,1229,FG-C,BATCH-1006,DAY,normal,0,0
3462,2026-01-30T09:39:47.950Z,2026-01-30T09:39:53.218Z,5268,FG-C,BATCH-1006,DAY,jam_recovery,1,1
3463,2026-01-30T09:39:53.218Z,2026-01-30T09:39:55.802Z,2584,FG-C,BATCH-1006,DAY,slow_cycle,0,1
3464,2026-01-30T09:39:55.802Z,2026-01-30T09:39:57.060Z,1258,FG-C,BATCH-1006,DAY,normal,0,0
3465,2026-01-30T09:39:57.060Z,2026-01-30T09:39:58.576Z,1516,FG-C,BATCH-1006,DAY,normal,0,0
3466,2026-01-30T09:39:58.576Z,2026-01-30T09:40:00.029Z,1453,FG-C,BATCH-1006,DAY,normal,0,0
3467,2026-01-30T09:40:00.029Z,2026-01-30T09:40:01.478Z,1449,FG-C,BATCH-1006,DAY,normal,0,0
3468,2026-01-30T09:40:01.478Z,2026-01-30T09:40:02.897Z,1419,FG-C,BATCH-1006,DAY,normal,0,0
3469,2026-01-30T09:40:02.897Z,2026-01-30T09:40:04.358Z,1461,FG-C,BATCH-1006,DAY,normal,0,0
3470,2026-01-30T09:40:04.358Z,2026-01-30T09:40:05.842Z,1484,FG-C,BATCH-1006,DAY,normal,0,0
3471,2026-01-30T09:40:05.842Z,2026-01-30T09:40:08.147Z,2305,FG-C,BATCH-1006,DAY,slow_cycle,0,1
3472,2026-01-30T09:40:08.147Z,2026-01-30T09:40:09.503Z,1356,FG-C,BATCH-1006,DAY,normal,0,0
3473,2026-01-30T09:40:09.503Z,2026-01-30T09:40:10.977Z,1474,FG-C,BATCH-1006,DAY,normal,0,0
3474,2026-01-30T09:40:10.977Z,2026-01-30T09:40:12.271Z,1294,FG-C,BATCH-1006,DAY,normal,0,0
3475,2026-01-30T09:40:12.271Z,2026-01-30T09:40:13.817Z,1546,FG-C,BATCH-1006,DAY,normal,0,0
3476,2026-01-30T09:40:13.817Z,2026-01-30T09:40:15.239Z,1422,FG-C,BATCH-1006,DAY,normal,0,0
3477,2026-01-30T09:40:15.239Z,2026-01-30T09:40:16.534Z,1295,FG-C,BATCH-1006,DAY,normal,0,0
3478,2026-01-30T09:40:16.534Z,2026-01-30T09:40:17.920Z,1386,FG-C,BATCH-1006,DAY,normal,0,0
3479,2026-01-30T09:40:17.920Z,2026-01-30T09:40:19.372Z,1452,FG-C,BATCH-1006,DAY,normal,0,0
3480,2026-01-30T09:40:19.372Z,2026-01-30T09:40:20.702Z,1330,FG-C,BATCH-1006,DAY,normal,0,0
3481,2026-01-30T09:40:20.702Z,2026-01-30T09:40:22.183Z,1481,FG-C,BATCH-1006,DAY,normal,0,0
3482,2026-01-30T09:40:22.183Z,2026-01-30T09:40:23.661Z,1478,FG-C,BATCH-1006,DAY,normal,0,0
3483,2026-01-30T09:40:23.661Z,2026-01-30T09:40:25.033Z,1372,FG-C,BATCH-1006,DAY,normal,0,0
3484,2026-01-30T09:40:25.033Z,2026-01-30T09:40:26.457Z,1424,FG-C,BATCH-1006,DAY,normal,0,0
3485,2026-01-30T09:40:26.457Z,2026-01-30T09:40:27.999Z,1542,FG-C,BATCH-1006,DAY,normal,0,0
3486,2026-01-30T09:40:27.999Z,2026-01-30T09:40:29.387Z,1388,FG-C,BATCH-1006,DAY,normal,0,0
3487,2026-01-30T09:40:29.387Z,2026-01-30T09:40:30.830Z,1443,FG-C,BATCH-1006,DAY,normal,0,0
3488,2026-01-30T09:40:30.830Z,2026-01-30T09:40:32.341Z,1511,FG-C,BATCH-1006,DAY,normal,0,0
3489,2026-01-30T09:40:32.341Z,2026-01-30T09:40:33.744Z,1403,FG-C,BATCH-1006,DAY,normal,0,0
3490,2026-01-30T09:40:33.744Z,2026-01-30T09:40:35.069Z,1325,FG-C,BATCH-1006,DAY,normal,0,0
3491,2026-01-30T09:40:35.069Z,2026-01-30T09:40:36.467Z,1398,FG-C,BATCH-1006,DAY,normal,0,0
3492,2026-01-30T09:40:36.467Z,2026-01-30T09:40:37.995Z,1528,FG-C,BATCH-1006,DAY,normal,0,0
3493,2026-01-30T09:40:37.995Z,2026-01-30T09:40:39.418Z,1423,FG-C,BATCH-1006,DAY,normal,0,0
3494,2026-01-30T09:40:39.418Z,2026-01-30T09:40:40.843Z,1425,FG-C,BATCH-1006,DAY,normal,0,0
3495,2026-01-30T09:40:40.843Z,2026-01-30T09:40:42.264Z,1421,FG-C,BATCH-1006,DAY,normal,0,0
3496,2026-01-30T09:40:42.264Z,2026-01-30T09:40:43.538Z,1274,FG-C,BATCH-1006,DAY,normal,0,0
3497,2026-01-30T09:40:43.538Z,2026-01-30T09:40:44.855Z,1317,FG-C,BATCH-1006,DAY,normal,0,0
3498,2026-01-30T09:40:44.855Z,2026-01-30T09:40:46.192Z,1337,FG-C,BATCH-1006,DAY,normal,0,0
3499,2026-01-30T09:40:46.192Z,2026-01-30T09:40:47.216Z,1024,FG-C,BATCH-1006,DAY,fast_cycle,0,0
3500,2026-01-30T09:40:47.216Z,2026-01-30T09:40:48.564Z,1348,FG-C,BATCH-1007,DAY,normal,0,0
3501,2026-01-30T09:40:48.564Z,2026-01-30T09:40:49.955Z,1391,FG-C,BATCH-1007,DAY,normal,0,0
3502,2026-01-30T09:40:49.955Z,2026-01-30T09:40:51.455Z,1500,FG-C,BATCH-1007,DAY,normal,0,0
3503,2026-01-30T09:40:51.455Z,2026-01-30T09:40:52.971Z,1516,FG-C,BATCH-1007,DAY,normal,0,0
3504,2026-01-30T09:40:52.971Z,2026-01-30T09:40:54.210Z,1239,FG-C,BATCH-1007,DAY,normal,0,0
3505,2026-01-30T09:40:54.210Z,2026-01-30T09:40:55.480Z,1270,FG-C,BATCH-1007,DAY,normal,0,0
3506,2026-01-30T09:40:55.480Z,2026-01-30T09:40:56.862Z,1382,FG-C,BATCH-1007,DAY,normal,0,0
3507,2026-01-30T09:40:56.862Z,2026-01-30T09:40:58.347Z,1485,FG-C,BATCH-1007,DAY,normal,0,0
3508,2026-01-30T09:40:58.347Z,2026-01-30T09:40:59.777Z,1430,FG-C,BATCH-1007,DAY,normal,0,0
3509,2026-01-30T09:40:59.777Z,2026-01-30T09:41:01.471Z,1694,FG-C,BATCH-1007,DAY,normal,0,0
3510,2026-01-30T09:41:01.471Z,2026-01-30T09:41:02.880Z,1409,FG-C,BATCH-1007,DAY,normal,0,0
3511,2026-01-30T09:41:02.880Z,2026-01-30T09:41:04.293Z,1413,FG-C,BATCH-1007,DAY,normal,0,0
3512,2026-01-30T09:41:04.293Z,2026-01-30T09:41:05.824Z,1531,FG-C,BATCH-1007,DAY,normal,0,0
3513,2026-01-30T09:41:05.824Z,2026-01-30T09:41:07.249Z,1425,FG-C,BATCH-1007,DAY,normal,0,0
3514,2026-01-30T09:41:07.249Z,2026-01-30T09:41:08.500Z,1251,FG-C,BATCH-1007,DAY,normal,0,0
3515,2026-01-30T09:41:08.500Z,2026-01-30T09:41:10.028Z,1528,FG-C,BATCH-1007,DAY,normal,0,0
3516,2026-01-30T09:41:10.028Z,2026-01-30T09:41:11.289Z,1261,FG-C,BATCH-1007,DAY,normal,0,0
3517,2026-01-30T09:41:11.289Z,2026-01-30T09:41:12.673Z,1384,FG-C,BATCH-1007,DAY,normal,0,0
3518,2026-01-30T09:41:12.673Z,2026-01-30T09:41:14.273Z,1600,FG-C,BATCH-1007,DAY,normal,0,0
3519,2026-01-30T09:41:14.273Z,2026-01-30T09:41:15.732Z,1459,FG-C,BATCH-1007,DAY,normal,0,0
3520,2026-01-30T09:41:15.732Z,2026-01-30T09:41:17.051Z,1319,FG-C,BATCH-1007,DAY,normal,0,0
3521,2026-01-30T09:41:17.051Z,2026-01-30T09:41:18.614Z,1563,FG-C,BATCH-1007,DAY,normal,0,0
3522,2026-01-30T09:41:18.614Z,2026-01-30T09:41:20.110Z,1496,FG-C,BATCH-1007,DAY,normal,0,0
3523,2026-01-30T09:41:20.110Z,2026-01-30T09:41:30.952Z,10842,FG-C,BATCH-1007,DAY,long_gap,1,1
3524,2026-01-30T09:41:30.952Z,2026-01-30T09:41:32.471Z,1519,FG-C,BATCH-1007,DAY,normal,0,0
3525,2026-01-30T09:41:32.471Z,2026-01-30T09:41:34.893Z,2422,FG-C,BATCH-1007,DAY,slow_cycle,0,1
3526,2026-01-30T09:41:34.893Z,2026-01-30T09:41:36.396Z,1503,FG-C,BATCH-1007,DAY,normal,0,0
3527,2026-01-30T09:41:36.396Z,2026-01-30T09:41:37.778Z,1382,FG-C,BATCH-1007,DAY,normal,0,0
3528,2026-01-30T09:41:37.778Z,2026-01-30T09:41:39.153Z,1375,FG-C,BATCH-1007,DAY,normal,0,0
3529,2026-01-30T09:41:39.153Z,2026-01-30T09:41:40.720Z,1567,FG-C,BATCH-1007,DAY,normal,0,0
3530,2026-01-30T09:41:40.720Z,2026-01-30T09:41:42.094Z,1374,FG-C,BATCH-1007,DAY,normal,0,0
3531,2026-01-30T09:41:42.094Z,2026-01-30T09:41:43.577Z,1483,FG-C,BATCH-1007,DAY,normal,0,0
3532,2026-01-30T09:41:43.577Z,2026-01-30T09:41:45.018Z,1441,FG-C,BATCH-1007,DAY,normal,0,0
3533,2026-01-30T09:41:45.018Z,2026-01-30T09:41:46.504Z,1486,FG-C,BATCH-1007,DAY,normal,0,0
3534,2026-01-30T09:41:46.504Z,2026-01-30T09:41:48.013Z,1509,FG-C,BATCH-1007,DAY,normal,0,0
3535,2026-01-30T09:41:48.013Z,2026-01-30T09:41:49.348Z,1335,FG-C,BATCH-1007,DAY,normal,0,0
3536,2026-01-30T09:41:49.348Z,2026-01-30T09:41:50.707Z,1359,FG-C,BATCH-1007,DAY,normal,0,0
3537,2026-01-30T09:41:50.707Z,2026-01-30T09:41:52.029Z,1322,FG-C,BATCH-1007,DAY,normal,0,0
3538,2026-01-30T09:41:52.029Z,2026-01-30T09:41:53.500Z,1471,FG-C,BATCH-1007,DAY,normal,0,0
3539,2026-01-30T09:41:53.500Z,2026-01-30T09:41:54.945Z,1445,FG-C,BATCH-1007,DAY,normal,0,0
3540,2026-01-30T09:41:54.945Z,2026-01-30T09:41:56.309Z,1364,FG-C,BATCH-1007,DAY,normal,0,0
3541,2026-01-30T09:41:56.309Z,2026-01-30T09:41:57.706Z,1397,FG-C,BATCH-1007,DAY,normal,0,0
3542,2026-01-30T09:41:57.706Z,2026-01-30T09:41:59.183Z,1477,FG-C,BATCH-1007,DAY,normal,0,0
3543,2026-01-30T09:41:59.183Z,2026-01-30T09:42:00.742Z,1559,FG-C,BATCH-1007,DAY,normal,0,0
3544,2026-01-30T09:42:00.742Z,2026-01-30T09:42:02.097Z,1355,FG-C,BATCH-1007,DAY,normal,0,0
3545,2026-01-30T09:42:02.097Z,2026-01-30T09:42:03.508Z,1411,FG-C,BATCH-1007,DAY,normal,0,0
3546,2026-01-30T09:42:03.508Z,2026-01-30T09:42:05.060Z,1552,FG-C,BATCH-1007,DAY,normal,0,0
3547,2026-01-30T09:42:05.060Z,2026-01-30T09:42:06.095Z,1035,FG-C,BATCH-1007,DAY,fast_cycle,0,0
3548,2026-01-30T09:42:06.095Z,2026-01-30T09:42:07.239Z,1144,FG-C,BATCH-1007,DAY,normal,0,0
3549,2026-01-30T09:42:07.239Z,2026-01-30T09:42:08.793Z,1554,FG-C,BATCH-1007,DAY,normal,0,0
3550,2026-01-30T09:42:08.793Z,2026-01-30T09:42:10.131Z,1338,FG-C,BATCH-1007,DAY,normal,0,0
3551,2026-01-30T09:42:10.131Z,2026-01-30T09:42:11.576Z,1445,FG-C,BATCH-1007,DAY,normal,0,0
3552,2026-01-30T09:42:11.576Z,2026-01-30T09:42:13.015Z,1439,FG-C,BATCH-1007,DAY,normal,0,0
3553,2026-01-30T09:42:13.015Z,2026-01-30T09:42:14.517Z,1502,FG-C,BATCH-1007,DAY,normal,0,0
3554,2026-01-30T09:42:14.517Z,2026-01-30T09:42:16.006Z,1489,FG-C,BATCH-1007,DAY,normal,0,0
3555,2026-01-30T09:42:16.006Z,2026-01-30T09:42:17.435Z,1429,FG-C,BATCH-1007,DAY,normal,0,0
3556,2026-01-30T09:42:17.435Z,2026-01-30T09:42:19.015Z,1580,FG-C,BATCH-1007,DAY,normal,0,0
3557,2026-01-30T09:42:19.015Z,2026-01-30T09:42:20.467Z,1452,FG-C,BATCH-1007,DAY,normal,0,0
3558,2026-01-30T09:42:20.467Z,2026-01-30T09:42:21.958Z,1491,FG-C,BATCH-1007,DAY,normal,0,0
3559,2026-01-30T09:42:21.958Z,2026-01-30T09:42:23.418Z,1460,FG-C,BATCH-1007,DAY,normal,0,0
3560,2026-01-30T09:42:23.418Z,2026-01-30T09:42:24.815Z,1397,FG-C,BATCH-1007,DAY,normal,0,0
3561,2026-01-30T09:42:24.815Z,2026-01-30T09:42:26.212Z,1397,FG-C,BATCH-1007,DAY,normal,0,0
3562,2026-01-30T09:42:26.212Z,2026-01-30T09:42:27.528Z,1316,FG-C,BATCH-1007,DAY,normal,0,0
3563,2026-01-30T09:42:27.528Z,2026-01-30T09:42:28.882Z,1354,FG-C,BATCH-1007,DAY,normal,0,0
3564,2026-01-30T09:42:28.882Z,2026-01-30T09:42:30.364Z,1482,FG-C,BATCH-1007,DAY,normal,0,0
3565,2026-01-30T09:42:30.364Z,2026-01-30T09:42:31.599Z,1235,FG-C,BATCH-1007,DAY,fast_cycle,0,0
3566,2026-01-30T09:42:31.599Z,2026-01-30T09:42:33.089Z,1490,FG-C,BATCH-1007,DAY,normal,0,0
3567,2026-01-30T09:42:33.089Z,2026-01-30T09:42:34.298Z,1209,FG-C,BATCH-1007,DAY,normal,0,0
3568,2026-01-30T09:42:34.298Z,2026-01-30T09:42:35.738Z,1440,FG-C,BATCH-1007,DAY,normal,0,0
3569,2026-01-30T09:42:35.738Z,2026-01-30T09:42:37.033Z,1295,FG-C,BATCH-1007,DAY,normal,0,0
3570,2026-01-30T09:42:37.033Z,2026-01-30T09:42:38.484Z,1451,FG-C,BATCH-1007,DAY,normal,0,0
3571,2026-01-30T09:42:38.484Z,2026-01-30T09:42:39.921Z,1437,FG-C,BATCH-1007,DAY,normal,0,0
3572,2026-01-30T09:42:39.921Z,2026-01-30T09:42:41.395Z,1474,FG-C,BATCH-1007,DAY,normal,0,0
3573,2026-01-30T09:42:41.395Z,2026-01-30T09:42:42.843Z,1448,FG-C,BATCH-1007,DAY,normal,0,0
3574,2026-01-30T09:42:42.843Z,2026-01-30T09:42:44.229Z,1386,FG-C,BATCH-1007,DAY,normal,0,0
3575,2026-01-30T09:42:44.229Z,2026-01-30T09:42:45.784Z,1555,FG-C,BATCH-1007,DAY,normal,0,0
3576,2026-01-30T09:42:45.784Z,2026-01-30T09:42:47.139Z,1355,FG-C,BATCH-1007,DAY,normal,0,0
3577,2026-01-30T09:42:47.139Z,2026-01-30T09:42:48.539Z,1400,FG-C,BATCH-1007,DAY,normal,0,0
3578,2026-01-30T09:42:48.539Z,2026-01-30T09:42:49.969Z,1430,FG-C,BATCH-1007,DAY,normal,0,0
3579,2026-01-30T09:42:49.969Z,2026-01-30T09:42:51.329Z,1360,FG-C,BATCH-1007,DAY,normal,0,0
3580,2026-01-30T09:42:51.329Z,2026-01-30T09:42:52.851Z,1522,FG-C,BATCH-1007,DAY,normal,0,0
3581,2026-01-30T09:42:52.851Z,2026-01-30T09:42:54.286Z,1435,FG-C,BATCH-1007,DAY,normal,0,0
3582,2026-01-30T09:42:54.286Z,2026-01-30T09:42:55.652Z,1366,FG-C,BATCH-1007,DAY,normal,0,0
3583,2026-01-30T09:42:55.652Z,2026-01-30T09:42:57.022Z,1370,FG-C,BATCH-1007,DAY,normal,0,0
3584,2026-01-30T09:42:57.022Z,2026-01-30T09:42:58.370Z,1348,FG-C,BATCH-1007,DAY,normal,0,0
3585,2026-01-30T09:42:58.370Z,2026-01-30T09:42:59.824Z,1454,FG-C,BATCH-1007,DAY,normal,0,0
3586,2026-01-30T09:42:59.824Z,2026-01-30T09:43:01.224Z,1400,FG-C,BATCH-1007,DAY,normal,0,0
3587,2026-01-30T09:43:01.224Z,2026-01-30T09:43:02.634Z,1410,FG-C,BATCH-1007,DAY,normal,0,0
3588,2026-01-30T09:43:02.634Z,2026-01-30T09:43:03.942Z,1308,FG-C,BATCH-1007,DAY,normal,0,0
3589,2026-01-30T09:43:03.942Z,2026-01-30T09:43:05.312Z,1370,FG-C,BATCH-1007,DAY,normal,0,0
3590,2026-01-30T09:43:05.312Z,2026-01-30T09:43:06.726Z,1414,FG-C,BATCH-1007,DAY,normal,0,0
3591,2026-01-30T09:43:06.726Z,2026-01-30T09:43:08.054Z,1328,FG-C,BATCH-1007,DAY,normal,0,0
3592,2026-01-30T09:43:08.054Z,2026-01-30T09:43:09.560Z,1506,FG-C,BATCH-1007,DAY,normal,0,0
3593,2026-01-30T09:43:09.560Z,2026-01-30T09:43:11.021Z,1461,FG-C,BATCH-1007,DAY,normal,0,0
3594,2026-01-30T09:43:11.021Z,2026-01-30T09:43:12.453Z,1432,FG-C,BATCH-1007,DAY,normal,0,0
3595,2026-01-30T09:43:12.453Z,2026-01-30T09:43:13.801Z,1348,FG-C,BATCH-1007,DAY,normal,0,0
3596,2026-01-30T09:43:13.801Z,2026-01-30T09:43:15.280Z,1479,FG-C,BATCH-1007,DAY,normal,0,0
3597,2026-01-30T09:43:15.280Z,2026-01-30T09:43:16.776Z,1496,FG-C,BATCH-1007,DAY,normal,0,0
3598,2026-01-30T09:43:16.776Z,2026-01-30T09:43:18.333Z,1557,FG-C,BATCH-1007,DAY,normal,0,0
3599,2026-01-30T09:43:18.333Z,2026-01-30T09:43:19.504Z,1171,FG-C,BATCH-1007,DAY,fast_cycle,0,0
3600,2026-01-30T09:43:19.504Z,2026-01-30T09:43:21.031Z,1527,FG-C,BATCH-1007,DAY,normal,0,0
3601,2026-01-30T09:43:21.031Z,2026-01-30T09:43:22.300Z,1269,FG-C,BATCH-1007,DAY,normal,0,0
3602,2026-01-30T09:43:22.300Z,2026-01-30T09:43:23.795Z,1495,FG-C,BATCH-1007,DAY,normal,0,0
3603,2026-01-30T09:43:23.795Z,2026-01-30T09:43:25.424Z,1629,FG-C,BATCH-1007,DAY,normal,0,0
3604,2026-01-30T09:43:25.424Z,2026-01-30T09:43:26.783Z,1359,FG-C,BATCH-1007,DAY,normal,0,0
3605,2026-01-30T09:43:26.783Z,2026-01-30T09:43:28.087Z,1304,FG-C,BATCH-1007,DAY,normal,0,0
3606,2026-01-30T09:43:28.087Z,2026-01-30T09:43:29.457Z,1370,FG-C,BATCH-1007,DAY,normal,0,0
3607,2026-01-30T09:43:29.457Z,2026-01-30T09:43:30.997Z,1540,FG-C,BATCH-1007,DAY,normal,0,0
3608,2026-01-30T09:43:30.997Z,2026-01-30T09:43:32.379Z,1382,FG-C,BATCH-1007,DAY,normal,0,0
3609,2026-01-30T09:43:32.379Z,2026-01-30T09:43:33.838Z,1459,FG-C,BATCH-1007,DAY,normal,0,0
3610,2026-01-30T09:43:33.838Z,2026-01-30T09:43:42.497Z,8659,FG-C,BATCH-1007,DAY,long_gap,1,1
3611,2026-01-30T09:43:42.497Z,2026-01-30T09:43:43.946Z,1449,FG-C,BATCH-1007,DAY,normal,0,0
3612,2026-01-30T09:43:43.946Z,2026-01-30T09:43:45.328Z,1382,FG-C,BATCH-1007,DAY,normal,0,0
3613,2026-01-30T09:43:45.328Z,2026-01-30T09:43:46.711Z,1383,FG-C,BATCH-1007,DAY,normal,0,0
3614,2026-01-30T09:43:46.711Z,2026-01-30T09:43:48.067Z,1356,FG-C,BATCH-1007,DAY,normal,0,0
3615,2026-01-30T09:43:48.067Z,2026-01-30T09:43:49.635Z,1568,FG-C,BATCH-1007,DAY,normal,0,0
3616,2026-01-30T09:43:49.635Z,2026-01-30T09:43:51.157Z,1522,FG-C,BATCH-1007,DAY,normal,0,0
3617,2026-01-30T09:43:51.157Z,2026-01-30T09:43:55.014Z,3857,FG-C,BATCH-1007,DAY,jam_recovery,0,1
3618,2026-01-30T09:43:55.014Z,2026-01-30T09:43:56.431Z,1417,FG-C,BATCH-1007,DAY,normal,0,0
3619,2026-01-30T09:43:56.431Z,2026-01-30T09:43:57.924Z,1493,FG-C,BATCH-1007,DAY,normal,0,0
3620,2026-01-30T09:43:57.924Z,2026-01-30T09:43:59.379Z,1455,FG-C,BATCH-1007,DAY,normal,0,0
3621,2026-01-30T09:43:59.379Z,2026-01-30T09:44:00.818Z,1439,FG-C,BATCH-1007,DAY,normal,0,0
3622,2026-01-30T09:44:00.818Z,2026-01-30T09:44:02.365Z,1547,FG-C,BATCH-1007,DAY,normal,0,0
3623,2026-01-30T09:44:02.365Z,2026-01-30T09:44:03.698Z,1333,FG-C,BATCH-1007,DAY,normal,0,0
3624,2026-01-30T09:44:03.698Z,2026-01-30T09:44:05.140Z,1442,FG-C,BATCH-1007,DAY,normal,0,0
3625,2026-01-30T09:44:05.140Z,2026-01-30T09:44:06.591Z,1451,FG-C,BATCH-1007,DAY,normal,0,0
3626,2026-01-30T09:44:06.591Z,2026-01-30T09:44:08.166Z,1575,FG-C,BATCH-1007,DAY,normal,0,0
3627,2026-01-30T09:44:08.166Z,2026-01-30T09:44:09.618Z,1452,FG-C,BATCH-1007,DAY,normal,0,0
3628,2026-01-30T09:44:09.618Z,2026-01-30T09:44:11.222Z,1604,FG-C,BATCH-1007,DAY,normal,0,0
3629,2026-01-30T09:44:11.222Z,2026-01-30T09:44:12.799Z,1577,FG-C,BATCH-1007,DAY,normal,0,0
3630,2026-01-30T09:44:12.799Z,2026-01-30T09:44:14.284Z,1485,FG-C,BATCH-1007,DAY,normal,0,0
3631,2026-01-30T09:44:14.284Z,2026-01-30T09:44:15.588Z,1304,FG-C,BATCH-1007,DAY,normal,0,0
3632,2026-01-30T09:44:15.588Z,2026-01-30T09:44:17.218Z,1630,FG-C,BATCH-1007,DAY,normal,0,0
3633,2026-01-30T09:44:17.218Z,2026-01-30T09:44:18.649Z,1431,FG-C,BATCH-1007,DAY,normal,0,0
3634,2026-01-30T09:44:18.649Z,2026-01-30T09:44:20.216Z,1567,FG-C,BATCH-1007,DAY,normal,0,0
3635,2026-01-30T09:44:20.216Z,2026-01-30T09:44:21.820Z,1604,FG-C,BATCH-1007,DAY,normal,0,0
3636,2026-01-30T09:44:21.820Z,2026-01-30T09:44:23.188Z,1368,FG-C,BATCH-1007,DAY,normal,0,0
3637,2026-01-30T09:44:23.188Z,2026-01-30T09:44:24.686Z,1498,FG-C,BATCH-1007,DAY,normal,0,0
3638,2026-01-30T09:44:24.686Z,2026-01-30T09:44:26.121Z,1435,FG-C,BATCH-1007,DAY,normal,0,0
3639,2026-01-30T09:44:26.121Z,2026-01-30T09:44:27.585Z,1464,FG-C,BATCH-1007,DAY,normal,0,0
3640,2026-01-30T09:44:27.585Z,2026-01-30T09:44:28.856Z,1271,FG-C,BATCH-1007,DAY,normal,0,0
3641,2026-01-30T09:44:28.856Z,2026-01-30T09:44:29.938Z,1082,FG-C,BATCH-1007,DAY,fast_cycle,0,0
3642,2026-01-30T09:44:29.938Z,2026-01-30T09:44:31.502Z,1564,FG-C,BATCH-1007,DAY,normal,0,0
3643,2026-01-30T09:44:31.502Z,2026-01-30T09:44:32.804Z,1302,FG-C,BATCH-1007,DAY,normal,0,0
3644,2026-01-30T09:44:32.804Z,2026-01-30T09:44:34.249Z,1445,FG-C,BATCH-1007,DAY,normal,0,0
3645,2026-01-30T09:44:34.249Z,2026-01-30T09:44:35.722Z,1473,FG-C,BATCH-1007,DAY,normal,0,0
3646,2026-01-30T09:44:35.722Z,2026-01-30T09:44:37.261Z,1539,FG-C,BATCH-1007,DAY,normal,0,0
3647,2026-01-30T09:44:37.261Z,2026-01-30T09:44:38.741Z,1480,FG-C,BATCH-1007,DAY,normal,0,0
3648,2026-01-30T09:44:38.741Z,2026-01-30T09:44:40.065Z,1324,FG-C,BATCH-1007,DAY,normal,0,0
3649,2026-01-30T09:44:40.065Z,2026-01-30T09:44:41.494Z,1429,FG-C,BATCH-1007,DAY,normal,0,0
3650,2026-01-30T09:44:41.494Z,2026-01-30T09:44:42.827Z,1333,FG-C,BATCH-1007,DAY,normal,0,0
3651,2026-01-30T09:44:42.827Z,2026-01-30T09:44:44.367Z,1540,FG-C,BATCH-1007,DAY,normal,0,0
3652,2026-01-30T09:44:44.367Z,2026-01-30T09:44:45.792Z,1425,FG-C,BATCH-1007,DAY,normal,0,0
3653,2026-01-30T09:44:45.792Z,2026-01-30T09:44:47.323Z,1531,FG-C,BATCH-1007,DAY,normal,0,0
3654,2026-01-30T09:44:47.323Z,2026-01-30T09:44:48.824Z,1501,FG-C,BATCH-1007,DAY,normal,0,0
3655,2026-01-30T09:44:48.824Z,2026-01-30T09:44:50.275Z,1451,FG-C,BATCH-1007,DAY,normal,0,0
3656,2026-01-30T09:44:50.275Z,2026-01-30T09:44:51.647Z,1372,FG-C,BATCH-1007,DAY,normal,0,0
3657,2026-01-30T09:44:51.647Z,2026-01-30T09:44:53.133Z,1486,FG-C,BATCH-1007,DAY,normal,0,0
3658,2026-01-30T09:44:53.133Z,2026-01-30T09:44:54.654Z,1521,FG-C,BATCH-1007,DAY,normal,0,0
3659,2026-01-30T09:44:54.654Z,2026-01-30T09:44:56.054Z,1400,FG-C,BATCH-1007,DAY,normal,0,0
3660,2026-01-30T09:44:56.054Z,2026-01-30T09:44:57.579Z,1525,FG-C,BATCH-1007,DAY,normal,0,0
3661,2026-01-30T09:44:57.579Z,2026-01-30T09:44:59.067Z,1488,FG-C,BATCH-1007,DAY,normal,0,0
3662,2026-01-30T09:44:59.067Z,2026-01-30T09:45:00.374Z,1307,FG-C,BATCH-1007,DAY,normal,0,0
3663,2026-01-30T09:45:00.374Z,2026-01-30T09:45:01.839Z,1465,FG-C,BATCH-1007,DAY,normal,0,0
3664,2026-01-30T09:45:01.839Z,2026-01-30T09:45:03.132Z,1293,FG-C,BATCH-1007,DAY,normal,0,0
3665,2026-01-30T09:45:03.132Z,2026-01-30T09:45:04.662Z,1530,FG-C,BATCH-1007,DAY,normal,0,0
3666,2026-01-30T09:45:04.662Z,2026-01-30T09:45:06.129Z,1467,FG-C,BATCH-1007,DAY,normal,0,0
3667,2026-01-30T09:45:06.129Z,2026-01-30T09:45:07.629Z,1500,FG-C,BATCH-1007,DAY,normal,0,0
3668,2026-01-30T09:45:07.629Z,2026-01-30T09:45:09.225Z,1596,FG-C,BATCH-1007,DAY,normal,0,0
3669,2026-01-30T09:45:09.225Z,2026-01-30T09:45:10.753Z,1528,FG-C,BATCH-1007,DAY,normal,0,0
3670,2026-01-30T09:45:10.753Z,2026-01-30T09:45:12.239Z,1486,FG-C,BATCH-1007,DAY,normal,0,0
3671,2026-01-30T09:45:12.239Z,2026-01-30T09:45:13.465Z,1226,FG-C,BATCH-1007,DAY,normal,0,0
3672,2026-01-30T09:45:13.465Z,2026-01-30T09:45:14.964Z,1499,FG-C,BATCH-1007,DAY,normal,0,0
3673,2026-01-30T09:45:14.964Z,2026-01-30T09:45:16.417Z,1453,FG-C,BATCH-1007,DAY,normal,0,0
3674,2026-01-30T09:45:16.417Z,2026-01-30T09:45:17.798Z,1381,FG-C,BATCH-1007,DAY,normal,0,0
3675,2026-01-30T09:45:17.798Z,2026-01-30T09:45:19.401Z,1603,FG-C,BATCH-1007,DAY,normal,0,0
3676,2026-01-30T09:45:19.401Z,2026-01-30T09:45:20.747Z,1346,FG-C,BATCH-1007,DAY,normal,0,0
3677,2026-01-30T09:45:20.747Z,2026-01-30T09:45:21.863Z,1116,FG-C,BATCH-1007,DAY,normal,0,0
3678,2026-01-30T09:45:21.863Z,2026-01-30T09:45:31.123Z,9260,FG-C,BATCH-1007,DAY,long_gap,1,1
3679,2026-01-30T09:45:31.123Z,2026-01-30T09:45:32.352Z,1229,FG-C,BATCH-1007,DAY,normal,0,0
3680,2026-01-30T09:45:32.352Z,2026-01-30T09:45:33.810Z,1458,FG-C,BATCH-1007,DAY,normal,0,0
3681,2026-01-30T09:45:33.810Z,2026-01-30T09:45:35.154Z,1344,FG-C,BATCH-1007,DAY,normal,0,0
3682,2026-01-30T09:45:35.154Z,2026-01-30T09:45:36.532Z,1378,FG-C,BATCH-1007,DAY,normal,0,0
3683,2026-01-30T09:45:36.532Z,2026-01-30T09:45:37.882Z,1350,FG-C,BATCH-1007,DAY,normal,0,0
3684,2026-01-30T09:45:37.882Z,2026-01-30T09:45:39.377Z,1495,FG-C,BATCH-1007,DAY,normal,0,0
3685,2026-01-30T09:45:39.377Z,2026-01-30T09:45:40.893Z,1516,FG-C,BATCH-1007,DAY,normal,0,0
3686,2026-01-30T09:45:40.893Z,2026-01-30T09:45:42.219Z,1326,FG-C,BATCH-1007,DAY,normal,0,0
3687,2026-01-30T09:45:42.219Z,2026-01-30T09:45:43.676Z,1457,FG-C,BATCH-1007,DAY,normal,0,0
3688,2026-01-30T09:45:43.676Z,2026-01-30T09:45:45.097Z,1421,FG-C,BATCH-1007,DAY,normal,0,0
3689,2026-01-30T09:45:45.097Z,2026-01-30T09:45:46.432Z,1335,FG-C,BATCH-1007,DAY,normal,0,0
3690,2026-01-30T09:45:46.432Z,2026-01-30T09:45:47.933Z,1501,FG-C,BATCH-1007,DAY,normal,0,0
3691,2026-01-30T09:45:47.933Z,2026-01-30T09:45:49.523Z,1590,FG-C,BATCH-1007,DAY,normal,0,0
3692,2026-01-30T09:45:49.523Z,2026-01-30T09:45:50.847Z,1324,FG-C,BATCH-1007,DAY,normal,0,0
3693,2026-01-30T09:45:50.847Z,2026-01-30T09:45:52.324Z,1477,FG-C,BATCH-1007,DAY,normal,0,0
3694,2026-01-30T09:45:52.324Z,2026-01-30T09:46:06.253Z,13929,FG-C,BATCH-1007,DAY,long_gap,1,1
3695,2026-01-30T09:46:06.253Z,2026-01-30T09:46:07.857Z,1604,FG-C,BATCH-1007,DAY,normal,0,0
3696,2026-01-30T09:46:07.857Z,2026-01-30T09:46:09.244Z,1387,FG-C,BATCH-1007,DAY,normal,0,0
3697,2026-01-30T09:46:09.244Z,2026-01-30T09:46:10.768Z,1524,FG-C,BATCH-1007,DAY,normal,0,0
3698,2026-01-30T09:46:10.768Z,2026-01-30T09:46:12.229Z,1461,FG-C,BATCH-1007,DAY,normal,0,0
3699,2026-01-30T09:46:12.229Z,2026-01-30T09:46:15.196Z,2967,FG-C,BATCH-1007,DAY,slow_cycle,0,1
3700,2026-01-30T09:46:15.196Z,2026-01-30T09:46:16.685Z,1489,FG-C,BATCH-1007,DAY,normal,0,0
3701,2026-01-30T09:46:16.685Z,2026-01-30T09:46:18.100Z,1415,FG-C,BATCH-1007,DAY,normal,0,0
3702,2026-01-30T09:46:18.100Z,2026-01-30T09:46:19.452Z,1352,FG-C,BATCH-1007,DAY,normal,0,0
3703,2026-01-30T09:46:19.452Z,2026-01-30T09:46:20.799Z,1347,FG-C,BATCH-1007,DAY,normal,0,0
3704,2026-01-30T09:46:20.799Z,2026-01-30T09:46:22.304Z,1505,FG-C,BATCH-1007,DAY,normal,0,0
3705,2026-01-30T09:46:22.304Z,2026-01-30T09:46:23.737Z,1433,FG-C,BATCH-1007,DAY,normal,0,0
3706,2026-01-30T09:46:23.737Z,2026-01-30T09:46:25.195Z,1458,FG-C,BATCH-1007,DAY,normal,0,0
3707,2026-01-30T09:46:25.195Z,2026-01-30T09:46:26.678Z,1483,FG-C,BATCH-1007,DAY,normal,0,0
3708,2026-01-30T09:46:26.678Z,2026-01-30T09:46:28.152Z,1474,FG-C,BATCH-1007,DAY,normal,0,0
3709,2026-01-30T09:46:28.152Z,2026-01-30T09:46:29.568Z,1416,FG-C,BATCH-1007,DAY,normal,0,0
3710,2026-01-30T09:46:29.568Z,2026-01-30T09:46:31.152Z,1584,FG-C,BATCH-1007,DAY,normal,0,0
3711,2026-01-30T09:46:31.152Z,2026-01-30T09:46:32.623Z,1471,FG-C,BATCH-1007,DAY,normal,0,0
3712,2026-01-30T09:46:32.623Z,2026-01-30T09:46:34.286Z,1663,FG-C,BATCH-1007,DAY,normal,0,0
3713,2026-01-30T09:46:34.286Z,2026-01-30T09:46:35.831Z,1545,FG-C,BATCH-1007,DAY,normal,0,0
3714,2026-01-30T09:46:35.831Z,2026-01-30T09:46:36.985Z,1154,FG-C,BATCH-1007,DAY,fast_cycle,0,0
3715,2026-01-30T09:46:36.985Z,2026-01-30T09:46:38.396Z,1411,FG-C,BATCH-1007,DAY,normal,0,0
3716,2026-01-30T09:46:38.396Z,2026-01-30T09:46:39.900Z,1504,FG-C,BATCH-1007,DAY,normal,0,0
3717,2026-01-30T09:46:39.900Z,2026-01-30T09:46:41.267Z,1367,FG-C,BATCH-1007,DAY,normal,0,0
3718,2026-01-30T09:46:41.267Z,2026-01-30T09:46:42.604Z,1337,FG-C,BATCH-1007,DAY,normal,0,0
3719,2026-01-30T09:46:42.604Z,2026-01-30T09:46:44.022Z,1418,FG-C,BATCH-1007,DAY,normal,0,0
3720,2026-01-30T09:46:44.022Z,2026-01-30T09:46:45.498Z,1476,FG-C,BATCH-1007,DAY,normal,0,0
3721,2026-01-30T09:46:45.498Z,2026-01-30T09:46:46.903Z,1405,FG-C,BATCH-1007,DAY,normal,0,0
3722,2026-01-30T09:46:46.903Z,2026-01-30T09:46:48.319Z,1416,FG-C,BATCH-1007,DAY,normal,0,0
3723,2026-01-30T09:46:48.319Z,2026-01-30T09:46:49.657Z,1338,FG-C,BATCH-1007,DAY,normal,0,0
3724,2026-01-30T09:46:49.657Z,2026-01-30T09:46:51.004Z,1347,FG-C,BATCH-1007,DAY,normal,0,0
3725,2026-01-30T09:46:51.004Z,2026-01-30T09:46:52.388Z,1384,FG-C,BATCH-1007,DAY,normal,0,0
3726,2026-01-30T09:46:52.388Z,2026-01-30T09:46:53.884Z,1496,FG-C,BATCH-1007,DAY,normal,0,0
3727,2026-01-30T09:46:53.884Z,2026-01-30T09:46:55.330Z,1446,FG-C,BATCH-1007,DAY,normal,0,0
3728,2026-01-30T09:46:55.330Z,2026-01-30T09:46:56.814Z,1484,FG-C,BATCH-1007,DAY,normal,0,0
3729,2026-01-30T09:46:56.814Z,2026-01-30T09:46:58.149Z,1335,FG-C,BATCH-1007,DAY,normal,0,0
3730,2026-01-30T09:46:58.149Z,2026-01-30T09:46:59.472Z,1323,FG-C,BATCH-1007,DAY,normal,0,0
3731,2026-01-30T09:46:59.472Z,2026-01-30T09:47:00.946Z,1474,FG-C,BATCH-1007,DAY,normal,0,0
3732,2026-01-30T09:47:00.946Z,2026-01-30T09:47:02.467Z,1521,FG-C,BATCH-1007,DAY,normal,0,0
3733,2026-01-30T09:47:02.467Z,2026-01-30T09:47:03.840Z,1373,FG-C,BATCH-1007,DAY,normal,0,0
3734,2026-01-30T09:47:03.840Z,2026-01-30T09:47:05.246Z,1406,FG-C,BATCH-1007,DAY,normal,0,0
3735,2026-01-30T09:47:05.246Z,2026-01-30T09:47:06.815Z,1569,FG-C,BATCH-1007,DAY,normal,0,0
3736,2026-01-30T09:47:06.815Z,2026-01-30T09:47:08.260Z,1445,FG-C,BATCH-1007,DAY,normal,0,0
3737,2026-01-30T09:47:08.260Z,2026-01-30T09:47:09.908Z,1648,FG-C,BATCH-1007,DAY,normal,0,0
3738,2026-01-30T09:47:09.908Z,2026-01-30T09:47:11.404Z,1496,FG-C,BATCH-1007,DAY,normal,0,0
3739,2026-01-30T09:47:11.404Z,2026-01-30T09:47:12.816Z,1412,FG-C,BATCH-1007,DAY,normal,0,0
3740,2026-01-30T09:47:12.816Z,2026-01-30T09:47:14.327Z,1511,FG-C,BATCH-1007,DAY,normal,0,0
3741,2026-01-30T09:47:14.327Z,2026-01-30T09:47:15.748Z,1421,FG-C,BATCH-1007,DAY,normal,0,0
3742,2026-01-30T09:47:15.748Z,2026-01-30T09:47:17.138Z,1390,FG-C,BATCH-1007,DAY,normal,0,0
3743,2026-01-30T09:47:17.138Z,2026-01-30T09:47:18.526Z,1388,FG-C,BATCH-1007,DAY,normal,0,0
3744,2026-01-30T09:47:18.526Z,2026-01-30T09:47:19.960Z,1434,FG-C,BATCH-1007,DAY,normal,0,0
3745,2026-01-30T09:47:19.960Z,2026-01-30T09:47:21.340Z,1380,FG-C,BATCH-1007,DAY,normal,0,0
3746,2026-01-30T09:47:21.340Z,2026-01-30T09:47:22.491Z,1151,FG-C,BATCH-1007,DAY,normal,0,0
3747,2026-01-30T09:47:22.491Z,2026-01-30T09:47:23.835Z,1344,FG-C,BATCH-1007,DAY,normal,0,0
3748,2026-01-30T09:47:23.835Z,2026-01-30T09:47:25.289Z,1454,FG-C,BATCH-1007,DAY,normal,0,0
3749,2026-01-30T09:47:25.289Z,2026-01-30T09:47:26.651Z,1362,FG-C,BATCH-1007,DAY,normal,0,0
3750,2026-01-30T09:47:26.651Z,2026-01-30T09:47:27.991Z,1340,FG-C,BATCH-1007,DAY,normal,0,0
3751,2026-01-30T09:47:27.991Z,2026-01-30T09:47:29.433Z,1442,FG-C,BATCH-1007,DAY,normal,0,0
3752,2026-01-30T09:47:29.433Z,2026-01-30T09:47:30.879Z,1446,FG-C,BATCH-1007,DAY,normal,0,0
3753,2026-01-30T09:47:30.879Z,2026-01-30T09:47:32.232Z,1353,FG-C,BATCH-1007,DAY,normal,0,0
3754,2026-01-30T09:47:32.232Z,2026-01-30T09:47:33.667Z,1435,FG-C,BATCH-1007,DAY,normal,0,0
3755,2026-01-30T09:47:33.667Z,2026-01-30T09:47:35.122Z,1455,FG-C,BATCH-1007,DAY,normal,0,0
3756,2026-01-30T09:47:35.122Z,2026-01-30T09:47:36.495Z,1373,FG-C,BATCH-1007,DAY,normal,0,0
3757,2026-01-30T09:47:36.495Z,2026-01-30T09:47:38.081Z,1586,FG-C,BATCH-1007,DAY,normal,0,0
3758,2026-01-30T09:47:38.081Z,2026-01-30T09:47:39.460Z,1379,FG-C,BATCH-1007,DAY,normal,0,0
3759,2026-01-30T09:47:39.460Z,2026-01-30T09:47:40.885Z,1425,FG-C,BATCH-1007,DAY,normal,0,0
3760,2026-01-30T09:47:40.885Z,2026-01-30T09:47:42.410Z,1525,FG-C,BATCH-1007,DAY,normal,0,0
3761,2026-01-30T09:47:42.410Z,2026-01-30T09:47:44.513Z,2103,FG-C,BATCH-1007,DAY,slow_cycle,0,0
3762,2026-01-30T09:47:44.513Z,2026-01-30T09:47:45.928Z,1415,FG-C,BATCH-1007,DAY,normal,0,0
3763,2026-01-30T09:47:45.928Z,2026-01-30T09:47:47.488Z,1560,FG-C,BATCH-1007,DAY,normal,0,0
3764,2026-01-30T09:47:47.488Z,2026-01-30T09:47:48.947Z,1459,FG-C,BATCH-1007,DAY,normal,0,0
3765,2026-01-30T09:47:48.947Z,2026-01-30T09:47:50.252Z,1305,FG-C,BATCH-1007,DAY,normal,0,0
3766,2026-01-30T09:47:50.252Z,2026-01-30T09:47:51.705Z,1453,FG-C,BATCH-1007,DAY,normal,0,0
3767,2026-01-30T09:47:51.705Z,2026-01-30T09:47:53.177Z,1472,FG-C,BATCH-1007,DAY,normal,0,0
3768,2026-01-30T09:47:53.177Z,2026-01-30T09:47:54.565Z,1388,FG-C,BATCH-1007,DAY,normal,0,0
3769,2026-01-30T09:47:54.565Z,2026-01-30T09:47:55.842Z,1277,FG-C,BATCH-1007,DAY,normal,0,0
3770,2026-01-30T09:47:55.842Z,2026-01-30T09:47:57.247Z,1405,FG-C,BATCH-1007,DAY,normal,0,0
3771,2026-01-30T09:47:57.247Z,2026-01-30T09:47:58.497Z,1250,FG-C,BATCH-1007,DAY,normal,0,0
3772,2026-01-30T09:47:58.497Z,2026-01-30T09:47:59.954Z,1457,FG-C,BATCH-1007,DAY,normal,0,0
3773,2026-01-30T09:47:59.954Z,2026-01-30T09:48:01.405Z,1451,FG-C,BATCH-1007,DAY,normal,0,0
3774,2026-01-30T09:48:01.405Z,2026-01-30T09:48:02.936Z,1531,FG-C,BATCH-1007,DAY,normal,0,0
3775,2026-01-30T09:48:02.936Z,2026-01-30T09:48:04.345Z,1409,FG-C,BATCH-1007,DAY,normal,0,0
3776,2026-01-30T09:48:04.345Z,2026-01-30T09:48:05.541Z,1196,FG-C,BATCH-1007,DAY,normal,0,0
3777,2026-01-30T09:48:05.541Z,2026-01-30T09:48:07.125Z,1584,FG-C,BATCH-1007,DAY,normal,0,0
3778,2026-01-30T09:48:07.125Z,2026-01-30T09:48:08.541Z,1416,FG-C,BATCH-1007,DAY,normal,0,0
3779,2026-01-30T09:48:08.541Z,2026-01-30T09:48:09.931Z,1390,FG-C,BATCH-1007,DAY,normal,0,0
3780,2026-01-30T09:48:09.931Z,2026-01-30T09:48:11.408Z,1477,FG-C,BATCH-1007,DAY,normal,0,0
3781,2026-01-30T09:48:11.408Z,2026-01-30T09:48:12.807Z,1399,FG-C,BATCH-1007,DAY,normal,0,0
3782,2026-01-30T09:48:12.807Z,2026-01-30T09:48:14.322Z,1515,FG-C,BATCH-1007,DAY,normal,0,0
3783,2026-01-30T09:48:14.322Z,2026-01-30T09:48:15.824Z,1502,FG-C,BATCH-1007,DAY,normal,0,0
3784,2026-01-30T09:48:15.824Z,2026-01-30T09:48:17.305Z,1481,FG-C,BATCH-1007,DAY,normal,0,0
3785,2026-01-30T09:48:17.305Z,2026-01-30T09:48:18.869Z,1564,FG-C,BATCH-1007,DAY,normal,0,0
3786,2026-01-30T09:48:18.869Z,2026-01-30T09:48:20.339Z,1470,FG-C,BATCH-1007,DAY,normal,0,0
3787,2026-01-30T09:48:20.339Z,2026-01-30T09:48:21.876Z,1537,FG-C,BATCH-1007,DAY,normal,0,0
3788,2026-01-30T09:48:21.876Z,2026-01-30T09:48:23.288Z,1412,FG-C,BATCH-1007,DAY,normal,0,0
3789,2026-01-30T09:48:23.288Z,2026-01-30T09:48:24.824Z,1536,FG-C,BATCH-1007,DAY,normal,0,0
3790,2026-01-30T09:48:24.824Z,2026-01-30T09:48:26.329Z,1505,FG-C,BATCH-1007,DAY,normal,0,0
3791,2026-01-30T09:48:26.329Z,2026-01-30T09:48:27.653Z,1324,FG-C,BATCH-1007,DAY,normal,0,0
3792,2026-01-30T09:48:27.653Z,2026-01-30T09:48:29.119Z,1466,FG-C,BATCH-1007,DAY,normal,0,0
3793,2026-01-30T09:48:29.119Z,2026-01-30T09:48:30.648Z,1529,FG-C,BATCH-1007,DAY,normal,0,0
3794,2026-01-30T09:48:30.648Z,2026-01-30T09:48:32.193Z,1545,FG-C,BATCH-1007,DAY,normal,0,0
3795,2026-01-30T09:48:32.193Z,2026-01-30T09:48:33.714Z,1521,FG-C,BATCH-1007,DAY,normal,0,0
3796,2026-01-30T09:48:33.714Z,2026-01-30T09:48:35.278Z,1564,FG-C,BATCH-1007,DAY,normal,0,0
3797,2026-01-30T09:48:35.278Z,2026-01-30T09:48:36.940Z,1662,FG-C,BATCH-1007,DAY,normal,0,0
3798,2026-01-30T09:48:36.940Z,2026-01-30T09:48:38.344Z,1404,FG-C,BATCH-1007,DAY,normal,0,0
3799,2026-01-30T09:48:38.344Z,2026-01-30T09:48:39.660Z,1316,FG-C,BATCH-1007,DAY,normal,0,0
3800,2026-01-30T09:48:39.660Z,2026-01-30T09:48:41.045Z,1385,FG-C,BATCH-1007,DAY,normal,0,0
3801,2026-01-30T09:48:41.045Z,2026-01-30T09:48:42.614Z,1569,FG-C,BATCH-1007,DAY,normal,0,0
3802,2026-01-30T09:48:42.614Z,2026-01-30T09:48:44.130Z,1516,FG-C,BATCH-1007,DAY,normal,0,0
3803,2026-01-30T09:48:44.130Z,2026-01-30T09:48:45.494Z,1364,FG-C,BATCH-1007,DAY,normal,0,0
3804,2026-01-30T09:48:45.494Z,2026-01-30T09:48:46.865Z,1371,FG-C,BATCH-1007,DAY,normal,0,0
3805,2026-01-30T09:48:46.865Z,2026-01-30T09:48:48.269Z,1404,FG-C,BATCH-1007,DAY,normal,0,0
3806,2026-01-30T09:48:48.269Z,2026-01-30T09:48:49.479Z,1210,FG-C,BATCH-1007,DAY,normal,0,0
3807,2026-01-30T09:48:49.479Z,2026-01-30T09:48:50.783Z,1304,FG-C,BATCH-1007,DAY,normal,0,0
3808,2026-01-30T09:48:50.783Z,2026-01-30T09:48:52.300Z,1517,FG-C,BATCH-1007,DAY,normal,0,0
3809,2026-01-30T09:48:52.300Z,2026-01-30T09:48:53.703Z,1403,FG-C,BATCH-1007,DAY,normal,0,0
3810,2026-01-30T09:48:53.703Z,2026-01-30T09:48:55.131Z,1428,FG-C,BATCH-1007,DAY,normal,0,0
3811,2026-01-30T09:48:55.131Z,2026-01-30T09:48:56.561Z,1430,FG-C,BATCH-1007,DAY,normal,0,0
3812,2026-01-30T09:48:56.561Z,2026-01-30T09:49:02.098Z,5537,FG-C,BATCH-1007,DAY,jam_recovery,1,1
3813,2026-01-30T09:49:02.098Z,2026-01-30T09:49:03.603Z,1505,FG-C,BATCH-1007,DAY,normal,0,0
3814,2026-01-30T09:49:03.603Z,2026-01-30T09:49:05.203Z,1600,FG-C,BATCH-1007,DAY,normal,0,0
3815,2026-01-30T09:49:05.203Z,2026-01-30T09:49:06.604Z,1401,FG-C,BATCH-1007,DAY,normal,0,0
3816,2026-01-30T09:49:06.604Z,2026-01-30T09:49:07.957Z,1353,FG-C,BATCH-1007,DAY,normal,0,0
3817,2026-01-30T09:49:07.957Z,2026-01-30T09:49:09.284Z,1327,FG-C,BATCH-1007,DAY,normal,0,0
3818,2026-01-30T09:49:09.284Z,2026-01-30T09:49:12.407Z,3123,FG-C,BATCH-1007,DAY,slow_cycle,0,1
3819,2026-01-30T09:49:12.407Z,2026-01-30T09:49:13.797Z,1390,FG-C,BATCH-1007,DAY,normal,0,0
3820,2026-01-30T09:49:13.797Z,2026-01-30T09:49:15.256Z,1459,FG-C,BATCH-1007,DAY,normal,0,0
3821,2026-01-30T09:49:15.256Z,2026-01-30T09:49:16.828Z,1572,FG-C,BATCH-1007,DAY,normal,0,0
3822,2026-01-30T09:49:16.828Z,2026-01-30T09:49:18.283Z,1455,FG-C,BATCH-1007,DAY,normal,0,0
3823,2026-01-30T09:49:18.283Z,2026-01-30T09:49:19.882Z,1599,FG-C,BATCH-1007,DAY,normal,0,0
3824,2026-01-30T09:49:19.882Z,2026-01-30T09:49:21.274Z,1392,FG-C,BATCH-1007,DAY,normal,0,0
3825,2026-01-30T09:49:21.274Z,2026-01-30T09:49:35.639Z,14365,FG-C,BATCH-1007,DAY,long_gap,1,1
3826,2026-01-30T09:49:35.639Z,2026-01-30T09:49:37.149Z,1510,FG-C,BATCH-1007,DAY,normal,0,0
3827,2026-01-30T09:49:37.149Z,2026-01-30T09:49:38.630Z,1481,FG-C,BATCH-1007,DAY,normal,0,0
3828,2026-01-30T09:49:38.630Z,2026-01-30T09:49:40.096Z,1466,FG-C,BATCH-1007,DAY,normal,0,0
3829,2026-01-30T09:49:40.096Z,2026-01-30T09:49:41.590Z,1494,FG-C,BATCH-1007,DAY,normal,0,0
3830,2026-01-30T09:49:41.590Z,2026-01-30T09:49:43.108Z,1518,FG-C,BATCH-1007,DAY,normal,0,0
3831,2026-01-30T09:49:43.108Z,2026-01-30T09:49:44.534Z,1426,FG-C,BATCH-1007,DAY,normal,0,0
3832,2026-01-30T09:49:44.534Z,2026-01-30T09:49:45.932Z,1398,FG-C,BATCH-1007,DAY,normal,0,0
3833,2026-01-30T09:49:45.932Z,2026-01-30T09:49:47.528Z,1596,FG-C,BATCH-1007,DAY,normal,0,0
3834,2026-01-30T09:49:47.528Z,2026-01-30T09:49:48.983Z,1455,FG-C,BATCH-1007,DAY,normal,0,0
3835,2026-01-30T09:49:48.983Z,2026-01-30T09:49:50.516Z,1533,FG-C,BATCH-1007,DAY,normal,0,0
3836,2026-01-30T09:49:50.516Z,2026-01-30T09:49:51.949Z,1433,FG-C,BATCH-1007,DAY,normal,0,0
3837,2026-01-30T09:49:51.949Z,2026-01-30T09:49:53.568Z,1619,FG-C,BATCH-1007,DAY,normal,0,0
3838,2026-01-30T09:49:53.568Z,2026-01-30T09:49:54.977Z,1409,FG-C,BATCH-1007,DAY,normal,0,0
3839,2026-01-30T09:49:54.977Z,2026-01-30T09:49:56.467Z,1490,FG-C,BATCH-1007,DAY,normal,0,0
3840,2026-01-30T09:49:56.467Z,2026-01-30T09:49:57.907Z,1440,FG-C,BATCH-1007,DAY,normal,0,0
3841,2026-01-30T09:49:57.907Z,2026-01-30T09:49:59.203Z,1296,FG-C,BATCH-1007,DAY,normal,0,0
3842,2026-01-30T09:49:59.203Z,2026-01-30T09:50:00.751Z,1548,FG-C,BATCH-1007,DAY,normal,0,0
3843,2026-01-30T09:50:00.751Z,2026-01-30T09:50:02.219Z,1468,FG-C,BATCH-1007,DAY,normal,0,0
3844,2026-01-30T09:50:02.219Z,2026-01-30T09:50:03.788Z,1569,FG-C,BATCH-1007,DAY,normal,0,0
3845,2026-01-30T09:50:03.788Z,2026-01-30T09:50:05.184Z,1396,FG-C,BATCH-1007,DAY,normal,0,0
3846,2026-01-30T09:50:05.184Z,2026-01-30T09:50:06.635Z,1451,FG-C,BATCH-1007,DAY,normal,0,0
3847,2026-01-30T09:50:06.635Z,2026-01-30T09:50:08.197Z,1562,FG-C,BATCH-1007,DAY,normal,0,0
3848,2026-01-30T09:50:08.197Z,2026-01-30T09:50:09.625Z,1428,FG-C,BATCH-1007,DAY,normal,0,0
3849,2026-01-30T09:50:09.625Z,2026-01-30T09:50:11.059Z,1434,FG-C,BATCH-1007,DAY,normal,0,0
3850,2026-01-30T09:50:11.059Z,2026-01-30T09:50:13.851Z,2792,FG-C,BATCH-1007,DAY,slow_cycle,0,1
3851,2026-01-30T09:50:13.851Z,2026-01-30T09:50:15.359Z,1508,FG-C,BATCH-1007,DAY,normal,0,0
3852,2026-01-30T09:50:15.359Z,2026-01-30T09:50:16.600Z,1241,FG-C,BATCH-1007,DAY,normal,0,0
3853,2026-01-30T09:50:16.600Z,2026-01-30T09:50:18.069Z,1469,FG-C,BATCH-1007,DAY,normal,0,0
3854,2026-01-30T09:50:18.069Z,2026-01-30T09:50:19.449Z,1380,FG-C,BATCH-1007,DAY,normal,0,0
3855,2026-01-30T09:50:19.449Z,2026-01-30T09:50:20.985Z,1536,FG-C,BATCH-1007,DAY,normal,0,0
3856,2026-01-30T09:50:20.985Z,2026-01-30T09:50:22.420Z,1435,FG-C,BATCH-1007,DAY,normal,0,0
3857,2026-01-30T09:50:22.420Z,2026-01-30T09:50:23.892Z,1472,FG-C,BATCH-1007,DAY,normal,0,0
3858,2026-01-30T09:50:23.892Z,2026-01-30T09:50:25.293Z,1401,FG-C,BATCH-1007,DAY,normal,0,0
3859,2026-01-30T09:50:25.293Z,2026-01-30T09:50:26.726Z,1433,FG-C,BATCH-1007,DAY,normal,0,0
3860,2026-01-30T09:50:26.726Z,2026-01-30T09:50:28.314Z,1588,FG-C,BATCH-1007,DAY,normal,0,0
3861,2026-01-30T09:50:28.314Z,2026-01-30T09:50:29.693Z,1379,FG-C,BATCH-1007,DAY,normal,0,0
3862,2026-01-30T09:50:29.693Z,2026-01-30T09:50:31.096Z,1403,FG-C,BATCH-1007,DAY,normal,0,0
3863,2026-01-30T09:50:31.096Z,2026-01-30T09:50:32.418Z,1322,FG-C,BATCH-1007,DAY,normal,0,0
3864,2026-01-30T09:50:32.418Z,2026-01-30T09:50:37.696Z,5278,FG-C,BATCH-1007,DAY,jam_recovery,1,1
3865,2026-01-30T09:50:37.696Z,2026-01-30T09:50:39.084Z,1388,FG-C,BATCH-1007,DAY,normal,0,0
3866,2026-01-30T09:50:39.084Z,2026-01-30T09:50:40.477Z,1393,FG-C,BATCH-1007,DAY,normal,0,0
3867,2026-01-30T09:50:40.477Z,2026-01-30T09:50:41.804Z,1327,FG-C,BATCH-1007,DAY,normal,0,0
3868,2026-01-30T09:50:41.804Z,2026-01-30T09:50:43.125Z,1321,FG-C,BATCH-1007,DAY,normal,0,0
3869,2026-01-30T09:50:43.125Z,2026-01-30T09:50:44.624Z,1499,FG-C,BATCH-1007,DAY,normal,0,0
3870,2026-01-30T09:50:44.624Z,2026-01-30T09:50:47.882Z,3258,FG-C,BATCH-1007,DAY,slow_cycle,0,1
3871,2026-01-30T09:50:47.882Z,2026-01-30T09:50:49.287Z,1405,FG-C,BATCH-1007,DAY,normal,0,0
3872,2026-01-30T09:50:49.287Z,2026-01-30T09:50:50.829Z,1542,FG-C,BATCH-1007,DAY,normal,0,0
3873,2026-01-30T09:50:50.829Z,2026-01-30T09:50:52.241Z,1412,FG-C,BATCH-1007,DAY,normal,0,0
3874,2026-01-30T09:50:52.241Z,2026-01-30T09:50:53.640Z,1399,FG-C,BATCH-1007,DAY,normal,0,0
3875,2026-01-30T09:50:53.640Z,2026-01-30T09:50:55.093Z,1453,FG-C,BATCH-1007,DAY,normal,0,0
3876,2026-01-30T09:50:55.093Z,2026-01-30T09:50:56.551Z,1458,FG-C,BATCH-1007,DAY,normal,0,0
3877,2026-01-30T09:50:56.551Z,2026-01-30T09:50:58.092Z,1541,FG-C,BATCH-1007,DAY,normal,0,0
3878,2026-01-30T09:50:58.092Z,2026-01-30T09:50:59.492Z,1400,FG-C,BATCH-1007,DAY,normal,0,0
3879,2026-01-30T09:50:59.492Z,2026-01-30T09:51:01.007Z,1515,FG-C,BATCH-1007,DAY,normal,0,0
3880,2026-01-30T09:51:01.007Z,2026-01-30T09:51:02.462Z,1455,FG-C,BATCH-1007,DAY,normal,0,0
3881,2026-01-30T09:51:02.462Z,2026-01-30T09:51:03.882Z,1420,FG-C,BATCH-1007,DAY,normal,0,0
3882,2026-01-30T09:51:03.882Z,2026-01-30T09:51:05.313Z,1431,FG-C,BATCH-1007,DAY,normal,0,0
3883,2026-01-30T09:51:05.313Z,2026-01-30T09:51:06.817Z,1504,FG-C,BATCH-1007,DAY,normal,0,0
3884,2026-01-30T09:51:06.817Z,2026-01-30T09:51:08.212Z,1395,FG-C,BATCH-1007,DAY,normal,0,0
3885,2026-01-30T09:51:08.212Z,2026-01-30T09:51:09.722Z,1510,FG-C,BATCH-1007,DAY,normal,0,0
3886,2026-01-30T09:51:09.722Z,2026-01-30T09:51:11.219Z,1497,FG-C,BATCH-1007,DAY,normal,0,0
3887,2026-01-30T09:51:11.219Z,2026-01-30T09:51:12.680Z,1461,FG-C,BATCH-1007,DAY,normal,0,0
3888,2026-01-30T09:51:12.680Z,2026-01-30T09:51:14.054Z,1374,FG-C,BATCH-1007,DAY,normal,0,0
3889,2026-01-30T09:51:14.054Z,2026-01-30T09:51:15.388Z,1334,FG-C,BATCH-1007,DAY,normal,0,0
3890,2026-01-30T09:51:15.388Z,2026-01-30T09:51:16.831Z,1443,FG-C,BATCH-1007,DAY,normal,0,0
3891,2026-01-30T09:51:16.831Z,2026-01-30T09:51:18.232Z,1401,FG-C,BATCH-1007,DAY,normal,0,0
3892,2026-01-30T09:51:18.232Z,2026-01-30T09:51:19.528Z,1296,FG-C,BATCH-1007,DAY,normal,0,0
3893,2026-01-30T09:51:19.528Z,2026-01-30T09:51:20.832Z,1304,FG-C,BATCH-1007,DAY,fast_cycle,0,0
3894,2026-01-30T09:51:20.832Z,2026-01-30T09:51:22.298Z,1466,FG-C,BATCH-1007,DAY,normal,0,0
3895,2026-01-30T09:51:22.298Z,2026-01-30T09:51:23.687Z,1389,FG-C,BATCH-1007,DAY,normal,0,0
3896,2026-01-30T09:51:23.687Z,2026-01-30T09:51:25.056Z,1369,FG-C,BATCH-1007,DAY,normal,0,0
3897,2026-01-30T09:51:25.056Z,2026-01-30T09:51:26.423Z,1367,FG-C,BATCH-1007,DAY,normal,0,0
3898,2026-01-30T09:51:26.423Z,2026-01-30T09:51:27.861Z,1438,FG-C,BATCH-1007,DAY,normal,0,0
3899,2026-01-30T09:51:27.861Z,2026-01-30T09:51:29.413Z,1552,FG-C,BATCH-1007,DAY,normal,0,0
3900,2026-01-30T09:51:29.413Z,2026-01-30T09:51:30.783Z,1370,FG-C,BATCH-1007,DAY,normal,0,0
3901,2026-01-30T09:51:30.783Z,2026-01-30T09:51:32.190Z,1407,FG-C,BATCH-1007,DAY,normal,0,0
3902,2026-01-30T09:51:32.190Z,2026-01-30T09:51:44.125Z,11935,FG-C,BATCH-1007,DAY,long_gap,1,1
3903,2026-01-30T09:51:44.125Z,2026-01-30T09:51:45.647Z,1522,FG-C,BATCH-1007,DAY,normal,0,0
3904,2026-01-30T09:51:45.647Z,2026-01-30T09:51:57.711Z,12064,FG-C,BATCH-1007,DAY,long_gap,1,1
3905,2026-01-30T09:51:57.711Z,2026-01-30T09:51:59.240Z,1529,FG-C,BATCH-1007,DAY,normal,0,0
3906,2026-01-30T09:51:59.240Z,2026-01-30T09:52:00.719Z,1479,FG-C,BATCH-1007,DAY,normal,0,0
3907,2026-01-30T09:52:00.719Z,2026-01-30T09:52:01.963Z,1244,FG-C,BATCH-1007,DAY,normal,0,0
3908,2026-01-30T09:52:01.963Z,2026-01-30T09:52:03.344Z,1381,FG-C,BATCH-1007,DAY,normal,0,0
3909,2026-01-30T09:52:03.344Z,2026-01-30T09:52:04.847Z,1503,FG-C,BATCH-1007,DAY,normal,0,0
3910,2026-01-30T09:52:04.847Z,2026-01-30T09:52:06.403Z,1556,FG-C,BATCH-1007,DAY,normal,0,0
3911,2026-01-30T09:52:06.403Z,2026-01-30T09:52:07.661Z,1258,FG-C,BATCH-1007,DAY,normal,0,0
3912,2026-01-30T09:52:07.661Z,2026-01-30T09:52:09.208Z,1547,FG-C,BATCH-1007,DAY,normal,0,0
3913,2026-01-30T09:52:09.208Z,2026-01-30T09:52:10.704Z,1496,FG-C,BATCH-1007,DAY,normal,0,0
3914,2026-01-30T09:52:10.704Z,2026-01-30T09:52:12.027Z,1323,FG-C,BATCH-1007,DAY,normal,0,0
3915,2026-01-30T09:52:12.027Z,2026-01-30T09:52:13.531Z,1504,FG-C,BATCH-1007,DAY,normal,0,0
3916,2026-01-30T09:52:13.531Z,2026-01-30T09:52:15.078Z,1547,FG-C,BATCH-1007,DAY,normal,0,0
3917,2026-01-30T09:52:15.078Z,2026-01-30T09:52:16.641Z,1563,FG-C,BATCH-1007,DAY,normal,0,0
3918,2026-01-30T09:52:16.641Z,2026-01-30T09:52:18.051Z,1410,FG-C,BATCH-1007,DAY,normal,0,0
3919,2026-01-30T09:52:18.051Z,2026-01-30T09:52:19.350Z,1299,FG-C,BATCH-1007,DAY,normal,0,0
3920,2026-01-30T09:52:19.350Z,2026-01-30T09:52:20.757Z,1407,FG-C,BATCH-1007,DAY,normal,0,0
3921,2026-01-30T09:52:20.757Z,2026-01-30T09:52:22.131Z,1374,FG-C,BATCH-1007,DAY,normal,0,0
3922,2026-01-30T09:52:22.131Z,2026-01-30T09:52:23.834Z,1703,FG-C,BATCH-1007,DAY,normal,0,0
3923,2026-01-30T09:52:23.834Z,2026-01-30T09:52:26.411Z,2577,FG-C,BATCH-1007,DAY,slow_cycle,0,1
3924,2026-01-30T09:52:26.411Z,2026-01-30T09:52:28.042Z,1631,FG-C,BATCH-1007,DAY,normal,0,0
3925,2026-01-30T09:52:28.042Z,2026-01-30T09:52:29.557Z,1515,FG-C,BATCH-1007,DAY,normal,0,0
3926,2026-01-30T09:52:29.557Z,2026-01-30T09:52:30.947Z,1390,FG-C,BATCH-1007,DAY,normal,0,0
3927,2026-01-30T09:52:30.947Z,2026-01-30T09:52:32.353Z,1406,FG-C,BATCH-1007,DAY,normal,0,0
3928,2026-01-30T09:52:32.353Z,2026-01-30T09:52:33.621Z,1268,FG-C,BATCH-1007,DAY,normal,0,0
3929,2026-01-30T09:52:33.621Z,2026-01-30T09:52:35.183Z,1562,FG-C,BATCH-1007,DAY,normal,0,0
3930,2026-01-30T09:52:35.183Z,2026-01-30T09:52:36.778Z,1595,FG-C,BATCH-1007,DAY,normal,0,0
3931,2026-01-30T09:52:36.778Z,2026-01-30T09:52:38.083Z,1305,FG-C,BATCH-1007,DAY,normal,0,0
3932,2026-01-30T09:52:38.083Z,2026-01-30T09:52:39.567Z,1484,FG-C,BATCH-1007,DAY,normal,0,0
3933,2026-01-30T09:52:39.567Z,2026-01-30T09:52:41.083Z,1516,FG-C,BATCH-1007,DAY,normal,0,0
3934,2026-01-30T09:52:41.083Z,2026-01-30T09:52:42.620Z,1537,FG-C,BATCH-1007,DAY,normal,0,0
3935,2026-01-30T09:52:42.620Z,2026-01-30T09:52:43.999Z,1379,FG-C,BATCH-1007,DAY,normal,0,0
3936,2026-01-30T09:52:43.999Z,2026-01-30T09:52:45.421Z,1422,FG-C,BATCH-1007,DAY,normal,0,0
3937,2026-01-30T09:52:45.421Z,2026-01-30T09:52:47.023Z,1602,FG-C,BATCH-1007,DAY,normal,0,0
3938,2026-01-30T09:52:47.023Z,2026-01-30T09:52:48.541Z,1518,FG-C,BATCH-1007,DAY,normal,0,0
3939,2026-01-30T09:52:48.541Z,2026-01-30T09:52:50.098Z,1557,FG-C,BATCH-1007,DAY,normal,0,0
3940,2026-01-30T09:52:50.098Z,2026-01-30T09:52:51.569Z,1471,FG-C,BATCH-1007,DAY,normal,0,0
3941,2026-01-30T09:52:51.569Z,2026-01-30T09:52:53.102Z,1533,FG-C,BATCH-1007,DAY,normal,0,0
3942,2026-01-30T09:52:53.102Z,2026-01-30T09:52:54.656Z,1554,FG-C,BATCH-1007,DAY,normal,0,0
3943,2026-01-30T09:52:54.656Z,2026-01-30T09:52:56.178Z,1522,FG-C,BATCH-1007,DAY,normal,0,0
3944,2026-01-30T09:52:56.178Z,2026-01-30T09:52:57.831Z,1653,FG-C,BATCH-1007,DAY,normal,0,0
3945,2026-01-30T09:52:57.831Z,2026-01-30T09:52:59.211Z,1380,FG-C,BATCH-1007,DAY,normal,0,0
3946,2026-01-30T09:52:59.211Z,2026-01-30T09:53:00.674Z,1463,FG-C,BATCH-1007,DAY,normal,0,0
3947,2026-01-30T09:53:00.674Z,2026-01-30T09:53:02.250Z,1576,FG-C,BATCH-1007,DAY,normal,0,0
3948,2026-01-30T09:53:02.250Z,2026-01-30T09:53:03.796Z,1546,FG-C,BATCH-1007,DAY,normal,0,0
3949,2026-01-30T09:53:03.796Z,2026-01-30T09:53:05.353Z,1557,FG-C,BATCH-1007,DAY,normal,0,0
3950,2026-01-30T09:53:05.353Z,2026-01-30T09:53:06.753Z,1400,FG-C,BATCH-1007,DAY,normal,0,0
3951,2026-01-30T09:53:06.753Z,2026-01-30T09:53:08.042Z,1289,FG-C,BATCH-1007,DAY,normal,0,0
3952,2026-01-30T09:53:08.042Z,2026-01-30T09:53:09.401Z,1359,FG-C,BATCH-1007,DAY,normal,0,0
3953,2026-01-30T09:53:09.401Z,2026-01-30T09:53:10.789Z,1388,FG-C,BATCH-1007,DAY,normal,0,0
3954,2026-01-30T09:53:10.789Z,2026-01-30T09:53:12.250Z,1461,FG-C,BATCH-1007,DAY,normal,0,0
3955,2026-01-30T09:53:12.250Z,2026-01-30T09:53:13.626Z,1376,FG-C,BATCH-1007,DAY,normal,0,0
3956,2026-01-30T09:53:13.626Z,2026-01-30T09:53:15.202Z,1576,FG-C,BATCH-1007,DAY,normal,0,0
3957,2026-01-30T09:53:15.202Z,2026-01-30T09:53:16.536Z,1334,FG-C,BATCH-1007,DAY,normal,0,0
3958,2026-01-30T09:53:16.536Z,2026-01-30T09:53:18.041Z,1505,FG-C,BATCH-1007,DAY,normal,0,0
3959,2026-01-30T09:53:18.041Z,2026-01-30T09:53:19.532Z,1491,FG-C,BATCH-1007,DAY,normal,0,0
3960,2026-01-30T09:53:19.532Z,2026-01-30T09:53:21.000Z,1468,FG-C,BATCH-1007,DAY,normal,0,0
3961,2026-01-30T09:53:21.000Z,2026-01-30T09:53:22.423Z,1423,FG-C,BATCH-1007,DAY,normal,0,0
3962,2026-01-30T09:53:22.423Z,2026-01-30T09:53:29.757Z,7334,FG-C,BATCH-1007,DAY,long_gap,1,1
3963,2026-01-30T09:53:29.757Z,2026-01-30T09:53:31.192Z,1435,FG-C,BATCH-1007,DAY,normal,0,0
3964,2026-01-30T09:53:31.192Z,2026-01-30T09:53:32.814Z,1622,FG-C,BATCH-1007,DAY,normal,0,0
3965,2026-01-30T09:53:32.814Z,2026-01-30T09:53:34.067Z,1253,FG-C,BATCH-1007,DAY,normal,0,0
3966,2026-01-30T09:53:34.067Z,2026-01-30T09:53:35.465Z,1398,FG-C,BATCH-1007,DAY,normal,0,0
3967,2026-01-30T09:53:35.465Z,2026-01-30T09:53:36.783Z,1318,FG-C,BATCH-1007,DAY,normal,0,0
3968,2026-01-30T09:53:36.783Z,2026-01-30T09:53:38.270Z,1487,FG-C,BATCH-1007,DAY,normal,0,0
3969,2026-01-30T09:53:38.270Z,2026-01-30T09:53:39.835Z,1565,FG-C,BATCH-1007,DAY,normal,0,0
3970,2026-01-30T09:53:39.835Z,2026-01-30T09:53:41.446Z,1611,FG-C,BATCH-1007,DAY,normal,0,0
3971,2026-01-30T09:53:41.446Z,2026-01-30T09:53:43.097Z,1651,FG-C,BATCH-1007,DAY,normal,0,0
3972,2026-01-30T09:53:43.097Z,2026-01-30T09:53:44.444Z,1347,FG-C,BATCH-1007,DAY,normal,0,0
3973,2026-01-30T09:53:44.444Z,2026-01-30T09:53:45.951Z,1507,FG-C,BATCH-1007,DAY,normal,0,0
3974,2026-01-30T09:53:45.951Z,2026-01-30T09:53:47.469Z,1518,FG-C,BATCH-1007,DAY,normal,0,0
3975,2026-01-30T09:53:47.469Z,2026-01-30T09:53:48.800Z,1331,FG-C,BATCH-1007,DAY,normal,0,0
3976,2026-01-30T09:53:48.800Z,2026-01-30T09:53:50.320Z,1520,FG-C,BATCH-1007,DAY,normal,0,0
3977,2026-01-30T09:53:50.320Z,2026-01-30T09:53:51.789Z,1469,FG-C,BATCH-1007,DAY,normal,0,0
3978,2026-01-30T09:53:51.789Z,2026-01-30T09:53:53.084Z,1295,FG-C,BATCH-1007,DAY,normal,0,0
3979,2026-01-30T09:53:53.084Z,2026-01-30T09:53:54.580Z,1496,FG-C,BATCH-1007,DAY,normal,0,0
3980,2026-01-30T09:53:54.580Z,2026-01-30T09:53:55.861Z,1281,FG-C,BATCH-1007,DAY,normal,0,0
3981,2026-01-30T09:53:55.861Z,2026-01-30T09:53:57.521Z,1660,FG-C,BATCH-1007,DAY,normal,0,0
3982,2026-01-30T09:53:57.521Z,2026-01-30T09:53:59.031Z,1510,FG-C,BATCH-1007,DAY,normal,0,0
3983,2026-01-30T09:53:59.031Z,2026-01-30T09:54:00.653Z,1622,FG-C,BATCH-1007,DAY,normal,0,0
3984,2026-01-30T09:54:00.653Z,2026-01-30T09:54:02.306Z,1653,FG-C,BATCH-1007,DAY,normal,0,0
3985,2026-01-30T09:54:02.306Z,2026-01-30T09:54:03.841Z,1535,FG-C,BATCH-1007,DAY,normal,0,0
3986,2026-01-30T09:54:03.841Z,2026-01-30T09:54:05.101Z,1260,FG-C,BATCH-1007,DAY,normal,0,0
3987,2026-01-30T09:54:05.101Z,2026-01-30T09:54:06.746Z,1645,FG-C,BATCH-1007,DAY,normal,0,0
3988,2026-01-30T09:54:06.746Z,2026-01-30T09:54:08.339Z,1593,FG-C,BATCH-1007,DAY,normal,0,0
3989,2026-01-30T09:54:08.339Z,2026-01-30T09:54:09.806Z,1467,FG-C,BATCH-1007,DAY,normal,0,0
3990,2026-01-30T09:54:09.806Z,2026-01-30T09:54:11.439Z,1633,FG-C,BATCH-1007,DAY,normal,0,0
3991,2026-01-30T09:54:11.439Z,2026-01-30T09:54:12.903Z,1464,FG-C,BATCH-1007,DAY,normal,0,0
3992,2026-01-30T09:54:12.903Z,2026-01-30T09:54:14.346Z,1443,FG-C,BATCH-1007,DAY,normal,0,0
3993,2026-01-30T09:54:14.346Z,2026-01-30T09:54:15.963Z,1617,FG-C,BATCH-1007,DAY,normal,0,0
3994,2026-01-30T09:54:15.963Z,2026-01-30T09:54:17.397Z,1434,FG-C,BATCH-1007,DAY,normal,0,0
3995,2026-01-30T09:54:17.397Z,2026-01-30T09:54:18.902Z,1505,FG-C,BATCH-1007,DAY,normal,0,0
3996,2026-01-30T09:54:18.902Z,2026-01-30T09:54:20.439Z,1537,FG-C,BATCH-1007,DAY,normal,0,0
3997,2026-01-30T09:54:20.439Z,2026-01-30T09:54:21.739Z,1300,FG-C,BATCH-1007,DAY,normal,0,0
3998,2026-01-30T09:54:21.739Z,2026-01-30T09:54:23.240Z,1501,FG-C,BATCH-1007,DAY,normal,0,0
3999,2026-01-30T09:54:23.240Z,2026-01-30T09:54:24.759Z,1519,FG-C,BATCH-1007,DAY,normal,0,0
4000,2026-01-30T09:54:24.759Z,2026-01-30T09:54:26.275Z,1516,FG-C,BATCH-1008,DAY,normal,0,0
4001,2026-01-30T09:54:26.275Z,2026-01-30T09:54:27.802Z,1527,FG-C,BATCH-1008,DAY,normal,0,0
4002,2026-01-30T09:54:27.802Z,2026-01-30T09:54:29.430Z,1628,FG-C,BATCH-1008,DAY,normal,0,0
4003,2026-01-30T09:54:29.430Z,2026-01-30T09:54:30.914Z,1484,FG-C,BATCH-1008,DAY,normal,0,0
4004,2026-01-30T09:54:30.914Z,2026-01-30T09:54:32.443Z,1529,FG-C,BATCH-1008,DAY,normal,0,0
4005,2026-01-30T09:54:32.443Z,2026-01-30T09:54:33.914Z,1471,FG-C,BATCH-1008,DAY,normal,0,0
4006,2026-01-30T09:54:33.914Z,2026-01-30T09:54:35.507Z,1593,FG-C,BATCH-1008,DAY,normal,0,0
4007,2026-01-30T09:54:35.507Z,2026-01-30T09:54:36.801Z,1294,FG-C,BATCH-1008,DAY,normal,0,0
4008,2026-01-30T09:54:36.801Z,2026-01-30T09:54:38.290Z,1489,FG-C,BATCH-1008,DAY,normal,0,0
4009,2026-01-30T09:54:38.290Z,2026-01-30T09:54:39.794Z,1504,FG-C,BATCH-1008,DAY,normal,0,0
4010,2026-01-30T09:54:39.794Z,2026-01-30T09:54:41.061Z,1267,FG-C,BATCH-1008,DAY,normal,0,0
4011,2026-01-30T09:54:41.061Z,2026-01-30T09:54:42.398Z,1337,FG-C,BATCH-1008,DAY,normal,0,0
4012,2026-01-30T09:54:42.398Z,2026-01-30T09:54:43.943Z,1545,FG-C,BATCH-1008,DAY,normal,0,0
4013,2026-01-30T09:54:43.943Z,2026-01-30T09:54:45.434Z,1491,FG-C,BATCH-1008,DAY,normal,0,0
4014,2026-01-30T09:54:45.434Z,2026-01-30T09:54:47.043Z,1609,FG-C,BATCH-1008,DAY,normal,0,0
4015,2026-01-30T09:54:47.043Z,2026-01-30T09:54:48.481Z,1438,FG-C,BATCH-1008,DAY,normal,0,0
4016,2026-01-30T09:54:48.481Z,2026-01-30T09:54:49.997Z,1516,FG-C,BATCH-1008,DAY,normal,0,0
4017,2026-01-30T09:54:49.997Z,2026-01-30T09:54:51.340Z,1343,FG-C,BATCH-1008,DAY,normal,0,0
4018,2026-01-30T09:54:51.340Z,2026-01-30T09:54:52.772Z,1432,FG-C,BATCH-1008,DAY,normal,0,0
4019,2026-01-30T09:54:52.772Z,2026-01-30T09:54:54.187Z,1415,FG-C,BATCH-1008,DAY,normal,0,0
4020,2026-01-30T09:54:54.187Z,2026-01-30T09:54:55.693Z,1506,FG-C,BATCH-1008,DAY,normal,0,0
4021,2026-01-30T09:54:55.693Z,2026-01-30T09:54:57.197Z,1504,FG-C,BATCH-1008,DAY,normal,0,0
4022,2026-01-30T09:54:57.197Z,2026-01-30T09:54:58.654Z,1457,FG-C,BATCH-1008,DAY,normal,0,0
4023,2026-01-30T09:54:58.654Z,2026-01-30T09:55:00.130Z,1476,FG-C,BATCH-1008,DAY,normal,0,0
4024,2026-01-30T09:55:00.130Z,2026-01-30T09:55:01.584Z,1454,FG-C,BATCH-1008,DAY,normal,0,0
4025,2026-01-30T09:55:01.584Z,2026-01-30T09:55:03.217Z,1633,FG-C,BATCH-1008,DAY,normal,0,0
4026,2026-01-30T09:55:03.217Z,2026-01-30T09:55:04.559Z,1342,FG-C,BATCH-1008,DAY,normal,0,0
4027,2026-01-30T09:55:04.559Z,2026-01-30T09:55:06.051Z,1492,FG-C,BATCH-1008,DAY,normal,0,0
4028,2026-01-30T09:55:06.051Z,2026-01-30T09:55:07.557Z,1506,FG-C,BATCH-1008,DAY,normal,0,0
4029,2026-01-30T09:55:07.557Z,2026-01-30T09:55:09.055Z,1498,FG-C,BATCH-1008,DAY,normal,0,0
4030,2026-01-30T09:55:09.055Z,2026-01-30T09:55:11.970Z,2915,FG-C,BATCH-1008,DAY,slow_cycle,0,1
4031,2026-01-30T09:55:11.970Z,2026-01-30T09:55:13.608Z,1638,FG-C,BATCH-1008,DAY,normal,0,0
4032,2026-01-30T09:55:13.608Z,2026-01-30T09:55:15.129Z,1521,FG-C,BATCH-1008,DAY,normal,0,0
4033,2026-01-30T09:55:15.129Z,2026-01-30T09:55:16.506Z,1377,FG-C,BATCH-1008,DAY,normal,0,0
4034,2026-01-30T09:55:16.506Z,2026-01-30T09:55:17.947Z,1441,FG-C,BATCH-1008,DAY,normal,0,0
4035,2026-01-30T09:55:17.947Z,2026-01-30T09:55:19.262Z,1315,FG-C,BATCH-1008,DAY,normal,0,0
4036,2026-01-30T09:55:19.262Z,2026-01-30T09:55:20.939Z,1677,FG-C,BATCH-1008,DAY,normal,0,0
4037,2026-01-30T09:55:20.939Z,2026-01-30T09:55:22.375Z,1436,FG-C,BATCH-1008,DAY,normal,0,0
4038,2026-01-30T09:55:22.375Z,2026-01-30T09:55:23.906Z,1531,FG-C,BATCH-1008,DAY,normal,0,0
4039,2026-01-30T09:55:23.906Z,2026-01-30T09:55:25.495Z,1589,FG-C,BATCH-1008,DAY,normal,0,0
4040,2026-01-30T09:55:25.495Z,2026-01-30T09:55:27.019Z,1524,FG-C,BATCH-1008,DAY,normal,0,0
4041,2026-01-30T09:55:27.019Z,2026-01-30T09:55:28.545Z,1526,FG-C,BATCH-1008,DAY,normal,0,0
4042,2026-01-30T09:55:28.545Z,2026-01-30T09:55:30.040Z,1495,FG-C,BATCH-1008,DAY,normal,0,0
4043,2026-01-30T09:55:30.040Z,2026-01-30T09:55:31.500Z,1460,FG-C,BATCH-1008,DAY,normal,0,0
4044,2026-01-30T09:55:31.500Z,2026-01-30T09:55:32.902Z,1402,FG-C,BATCH-1008,DAY,normal,0,0
4045,2026-01-30T09:55:32.902Z,2026-01-30T09:55:34.472Z,1570,FG-C,BATCH-1008,DAY,normal,0,0
4046,2026-01-30T09:55:34.472Z,2026-01-30T09:55:36.033Z,1561,FG-C,BATCH-1008,DAY,normal,0,0
4047,2026-01-30T09:55:36.033Z,2026-01-30T09:55:37.513Z,1480,FG-C,BATCH-1008,DAY,normal,0,0
4048,2026-01-30T09:55:37.513Z,2026-01-30T09:55:39.022Z,1509,FG-C,BATCH-1008,DAY,normal,0,0
4049,2026-01-30T09:55:39.022Z,2026-01-30T09:55:40.366Z,1344,FG-C,BATCH-1008,DAY,normal,0,0
4050,2026-01-30T09:55:40.366Z,2026-01-30T09:55:41.808Z,1442,FG-C,BATCH-1008,DAY,normal,0,0
4051,2026-01-30T09:55:41.808Z,2026-01-30T09:55:43.180Z,1372,FG-C,BATCH-1008,DAY,normal,0,0
4052,2026-01-30T09:55:43.180Z,2026-01-30T09:55:44.598Z,1418,FG-C,BATCH-1008,DAY,normal,0,0
4053,2026-01-30T09:55:44.598Z,2026-01-30T09:55:46.064Z,1466,FG-C,BATCH-1008,DAY,normal,0,0
4054,2026-01-30T09:55:46.064Z,2026-01-30T09:55:47.550Z,1486,FG-C,BATCH-1008,DAY,normal,0,0
4055,2026-01-30T09:55:47.550Z,2026-01-30T09:55:49.093Z,1543,FG-C,BATCH-1008,DAY,normal,0,0
4056,2026-01-30T09:55:49.093Z,2026-01-30T09:55:50.699Z,1606,FG-C,BATCH-1008,DAY,normal,0,0
4057,2026-01-30T09:55:50.699Z,2026-01-30T09:55:52.147Z,1448,FG-C,BATCH-1008,DAY,normal,0,0
4058,2026-01-30T09:55:52.147Z,2026-01-30T09:55:53.720Z,1573,FG-C,BATCH-1008,DAY,normal,0,0
4059,2026-01-30T09:55:53.720Z,2026-01-30T09:55:55.298Z,1578,FG-C,BATCH-1008,DAY,normal,0,0
4060,2026-01-30T09:55:55.298Z,2026-01-30T09:55:56.629Z,1331,FG-C,BATCH-1008,DAY,normal,0,0
4061,2026-01-30T09:55:56.629Z,2026-01-30T09:55:58.250Z,1621,FG-C,BATCH-1008,DAY,normal,0,0
4062,2026-01-30T09:55:58.250Z,2026-01-30T09:55:59.730Z,1480,FG-C,BATCH-1008,DAY,normal,0,0
4063,2026-01-30T09:55:59.730Z,2026-01-30T09:56:01.312Z,1582,FG-C,BATCH-1008,DAY,normal,0,0
4064,2026-01-30T09:56:01.312Z,2026-01-30T09:56:02.934Z,1622,FG-C,BATCH-1008,DAY,normal,0,0
4065,2026-01-30T09:56:02.934Z,2026-01-30T09:56:04.483Z,1549,FG-C,BATCH-1008,DAY,normal,0,0
4066,2026-01-30T09:56:04.483Z,2026-01-30T09:56:05.998Z,1515,FG-C,BATCH-1008,DAY,normal,0,0
4067,2026-01-30T09:56:05.998Z,2026-01-30T09:56:07.567Z,1569,FG-C,BATCH-1008,DAY,normal,0,0
4068,2026-01-30T09:56:07.567Z,2026-01-30T09:56:08.972Z,1405,FG-C,BATCH-1008,DAY,normal,0,0
4069,2026-01-30T09:56:08.972Z,2026-01-30T09:56:10.394Z,1422,FG-C,BATCH-1008,DAY,normal,0,0
4070,2026-01-30T09:56:10.394Z,2026-01-30T09:56:11.857Z,1463,FG-C,BATCH-1008,DAY,normal,0,0
4071,2026-01-30T09:56:11.857Z,2026-01-30T09:56:13.349Z,1492,FG-C,BATCH-1008,DAY,normal,0,0
4072,2026-01-30T09:56:13.349Z,2026-01-30T09:56:14.865Z,1516,FG-C,BATCH-1008,DAY,normal,0,0
4073,2026-01-30T09:56:14.865Z,2026-01-30T09:56:16.381Z,1516,FG-C,BATCH-1008,DAY,normal,0,0
4074,2026-01-30T09:56:16.381Z,2026-01-30T09:56:17.807Z,1426,FG-C,BATCH-1008,DAY,normal,0,0
4075,2026-01-30T09:56:17.807Z,2026-01-30T09:56:19.221Z,1414,FG-C,BATCH-1008,DAY,normal,0,0
4076,2026-01-30T09:56:19.221Z,2026-01-30T09:56:29.270Z,10049,FG-C,BATCH-1008,DAY,long_gap,1,1
4077,2026-01-30T09:56:29.270Z,2026-01-30T09:56:30.704Z,1434,FG-C,BATCH-1008,DAY,normal,0,0
4078,2026-01-30T09:56:30.704Z,2026-01-30T09:56:32.156Z,1452,FG-C,BATCH-1008,DAY,normal,0,0
4079,2026-01-30T09:56:32.156Z,2026-01-30T09:56:33.671Z,1515,FG-C,BATCH-1008,DAY,normal,0,0
4080,2026-01-30T09:56:33.671Z,2026-01-30T09:56:35.144Z,1473,FG-C,BATCH-1008,DAY,normal,0,0
4081,2026-01-30T09:56:35.144Z,2026-01-30T09:56:36.548Z,1404,FG-C,BATCH-1008,DAY,normal,0,0
4082,2026-01-30T09:56:36.548Z,2026-01-30T09:56:37.888Z,1340,FG-C,BATCH-1008,DAY,normal,0,0
4083,2026-01-30T09:56:37.888Z,2026-01-30T09:56:39.346Z,1458,FG-C,BATCH-1008,DAY,normal,0,0
4084,2026-01-30T09:56:39.346Z,2026-01-30T09:56:40.673Z,1327,FG-C,BATCH-1008,DAY,normal,0,0
4085,2026-01-30T09:56:40.673Z,2026-01-30T09:56:42.032Z,1359,FG-C,BATCH-1008,DAY,normal,0,0
4086,2026-01-30T09:56:42.032Z,2026-01-30T09:56:43.450Z,1418,FG-C,BATCH-1008,DAY,normal,0,0
4087,2026-01-30T09:56:43.450Z,2026-01-30T09:56:44.991Z,1541,FG-C,BATCH-1008,DAY,normal,0,0
4088,2026-01-30T09:56:44.991Z,2026-01-30T09:56:46.351Z,1360,FG-C,BATCH-1008,DAY,normal,0,0
4089,2026-01-30T09:56:46.351Z,2026-01-30T09:56:47.811Z,1460,FG-C,BATCH-1008,DAY,normal,0,0
4090,2026-01-30T09:56:47.811Z,2026-01-30T09:56:49.306Z,1495,FG-C,BATCH-1008,DAY,normal,0,0
4091,2026-01-30T09:56:49.306Z,2026-01-30T09:56:50.801Z,1495,FG-C,BATCH-1008,DAY,normal,0,0
4092,2026-01-30T09:56:50.801Z,2026-01-30T09:56:52.352Z,1551,FG-C,BATCH-1008,DAY,normal,0,0
4093,2026-01-30T09:56:52.352Z,2026-01-30T09:56:53.601Z,1249,FG-C,BATCH-1008,DAY,fast_cycle,0,0
4094,2026-01-30T09:56:53.601Z,2026-01-30T09:56:55.234Z,1633,FG-C,BATCH-1008,DAY,normal,0,0
4095,2026-01-30T09:56:55.234Z,2026-01-30T09:56:56.697Z,1463,FG-C,BATCH-1008,DAY,normal,0,0
4096,2026-01-30T09:56:56.697Z,2026-01-30T09:56:58.167Z,1470,FG-C,BATCH-1008,DAY,normal,0,0
4097,2026-01-30T09:56:58.167Z,2026-01-30T09:56:59.595Z,1428,FG-C,BATCH-1008,DAY,normal,0,0
4098,2026-01-30T09:56:59.595Z,2026-01-30T09:57:01.005Z,1410,FG-C,BATCH-1008,DAY,normal,0,0
4099,2026-01-30T09:57:01.005Z,2026-01-30T09:57:02.491Z,1486,FG-C,BATCH-1008,DAY,normal,0,0
4100,2026-01-30T09:57:02.491Z,2026-01-30T09:57:04.106Z,1615,FG-C,BATCH-1008,DAY,normal,0,0
4101,2026-01-30T09:57:04.106Z,2026-01-30T09:57:05.475Z,1369,FG-C,BATCH-1008,DAY,normal,0,0
4102,2026-01-30T09:57:05.475Z,2026-01-30T09:57:07.054Z,1579,FG-C,BATCH-1008,DAY,normal,0,0
4103,2026-01-30T09:57:07.054Z,2026-01-30T09:57:08.510Z,1456,FG-C,BATCH-1008,DAY,normal,0,0
4104,2026-01-30T09:57:08.510Z,2026-01-30T09:57:10.132Z,1622,FG-C,BATCH-1008,DAY,normal,0,0
4105,2026-01-30T09:57:10.132Z,2026-01-30T09:57:11.693Z,1561,FG-C,BATCH-1008,DAY,normal,0,0
4106,2026-01-30T09:57:11.693Z,2026-01-30T09:57:13.327Z,1634,FG-C,BATCH-1008,DAY,normal,0,0
4107,2026-01-30T09:57:13.327Z,2026-01-30T09:57:14.870Z,1543,FG-C,BATCH-1008,DAY,normal,0,0
4108,2026-01-30T09:57:14.870Z,2026-01-30T09:57:16.529Z,1659,FG-C,BATCH-1008,DAY,normal,0,0
4109,2026-01-30T09:57:16.529Z,2026-01-30T09:57:17.844Z,1315,FG-C,BATCH-1008,DAY,normal,0,0
4110,2026-01-30T09:57:17.844Z,2026-01-30T09:57:19.319Z,1475,FG-C,BATCH-1008,DAY,normal,0,0
4111,2026-01-30T09:57:19.319Z,2026-01-30T09:57:20.700Z,1381,FG-C,BATCH-1008,DAY,normal,0,0
4112,2026-01-30T09:57:20.700Z,2026-01-30T09:57:22.301Z,1601,FG-C,BATCH-1008,DAY,normal,0,0
4113,2026-01-30T09:57:22.301Z,2026-01-30T09:57:23.695Z,1394,FG-C,BATCH-1008,DAY,normal,0,0
4114,2026-01-30T09:57:23.695Z,2026-01-30T09:57:25.317Z,1622,FG-C,BATCH-1008,DAY,normal,0,0
4115,2026-01-30T09:57:25.317Z,2026-01-30T09:57:26.722Z,1405,FG-C,BATCH-1008,DAY,normal,0,0
4116,2026-01-30T09:57:26.722Z,2026-01-30T09:57:28.211Z,1489,FG-C,BATCH-1008,DAY,normal,0,0
4117,2026-01-30T09:57:28.211Z,2026-01-30T09:57:29.629Z,1418,FG-C,BATCH-1008,DAY,normal,0,0
4118,2026-01-30T09:57:29.629Z,2026-01-30T09:57:31.205Z,1576,FG-C,BATCH-1008,DAY,normal,0,0
4119,2026-01-30T09:57:31.205Z,2026-01-30T09:57:32.519Z,1314,FG-C,BATCH-1008,DAY,normal,0,0
4120,2026-01-30T09:57:32.519Z,2026-01-30T09:57:33.817Z,1298,FG-C,BATCH-1008,DAY,normal,0,0
4121,2026-01-30T09:57:33.817Z,2026-01-30T09:57:35.153Z,1336,FG-C,BATCH-1008,DAY,normal,0,0
4122,2026-01-30T09:57:35.153Z,2026-01-30T09:57:36.576Z,1423,FG-C,BATCH-1008,DAY,normal,0,0
4123,2026-01-30T09:57:36.576Z,2026-01-30T09:57:38.056Z,1480,FG-C,BATCH-1008,DAY,normal,0,0
4124,2026-01-30T09:57:38.056Z,2026-01-30T09:57:39.312Z,1256,FG-C,BATCH-1008,DAY,normal,0,0
4125,2026-01-30T09:57:39.312Z,2026-01-30T09:57:40.782Z,1470,FG-C,BATCH-1008,DAY,normal,0,0
4126,2026-01-30T09:57:40.782Z,2026-01-30T09:57:42.240Z,1458,FG-C,BATCH-1008,DAY,normal,0,0
4127,2026-01-30T09:57:42.240Z,2026-01-30T09:57:43.764Z,1524,FG-C,BATCH-1008,DAY,normal,0,0
4128,2026-01-30T09:57:43.764Z,2026-01-30T09:57:45.097Z,1333,FG-C,BATCH-1008,DAY,normal,0,0
4129,2026-01-30T09:57:45.097Z,2026-01-30T09:57:46.548Z,1451,FG-C,BATCH-1008,DAY,normal,0,0
4130,2026-01-30T09:57:46.548Z,2026-01-30T09:57:48.021Z,1473,FG-C,BATCH-1008,DAY,normal,0,0
4131,2026-01-30T09:57:48.021Z,2026-01-30T09:57:49.575Z,1554,FG-C,BATCH-1008,DAY,normal,0,0
4132,2026-01-30T09:57:49.575Z,2026-01-30T09:57:51.082Z,1507,FG-C,BATCH-1008,DAY,normal,0,0
4133,2026-01-30T09:57:51.082Z,2026-01-30T09:57:52.652Z,1570,FG-C,BATCH-1008,DAY,normal,0,0
4134,2026-01-30T09:57:52.652Z,2026-01-30T09:57:54.155Z,1503,FG-C,BATCH-1008,DAY,normal,0,0
4135,2026-01-30T09:57:54.155Z,2026-01-30T09:57:55.624Z,1469,FG-C,BATCH-1008,DAY,normal,0,0
4136,2026-01-30T09:57:55.624Z,2026-01-30T09:57:57.027Z,1403,FG-C,BATCH-1008,DAY,normal,0,0
4137,2026-01-30T09:57:57.027Z,2026-01-30T09:57:58.525Z,1498,FG-C,BATCH-1008,DAY,normal,0,0
4138,2026-01-30T09:57:58.525Z,2026-01-30T09:58:00.011Z,1486,FG-C,BATCH-1008,DAY,normal,0,0
4139,2026-01-30T09:58:00.011Z,2026-01-30T09:58:01.510Z,1499,FG-C,BATCH-1008,DAY,normal,0,0
4140,2026-01-30T09:58:01.510Z,2026-01-30T09:58:02.975Z,1465,FG-C,BATCH-1008,DAY,normal,0,0
4141,2026-01-30T09:58:02.975Z,2026-01-30T09:58:04.502Z,1527,FG-C,BATCH-1008,DAY,normal,0,0
4142,2026-01-30T09:58:04.502Z,2026-01-30T09:58:05.939Z,1437,FG-C,BATCH-1008,DAY,normal,0,0
4143,2026-01-30T09:58:05.939Z,2026-01-30T09:58:07.426Z,1487,FG-C,BATCH-1008,DAY,normal,0,0
4144,2026-01-30T09:58:07.426Z,2026-01-30T09:58:08.996Z,1570,FG-C,BATCH-1008,DAY,normal,0,0
4145,2026-01-30T09:58:08.996Z,2026-01-30T09:58:10.604Z,1608,FG-C,BATCH-1008,DAY,normal,0,0
4146,2026-01-30T09:58:10.604Z,2026-01-30T09:58:12.066Z,1462,FG-C,BATCH-1008,DAY,normal,0,0
4147,2026-01-30T09:58:12.066Z,2026-01-30T09:58:13.654Z,1588,FG-C,BATCH-1008,DAY,normal,0,0
4148,2026-01-30T09:58:13.654Z,2026-01-30T09:58:15.226Z,1572,FG-C,BATCH-1008,DAY,normal,0,0
4149,2026-01-30T09:58:15.226Z,2026-01-30T09:58:16.783Z,1557,FG-C,BATCH-1008,DAY,normal,0,0
4150,2026-01-30T09:58:16.783Z,2026-01-30T09:58:18.215Z,1432,FG-C,BATCH-1008,DAY,normal,0,0
4151,2026-01-30T09:58:18.215Z,2026-01-30T09:58:19.789Z,1574,FG-C,BATCH-1008,DAY,normal,0,0
4152,2026-01-30T09:58:19.789Z,2026-01-30T09:58:24.291Z,4502,FG-C,BATCH-1008,DAY,jam_recovery,0,1
4153,2026-01-30T09:58:24.291Z,2026-01-30T09:58:25.843Z,1552,FG-C,BATCH-1008,DAY,normal,0,0
4154,2026-01-30T09:58:25.843Z,2026-01-30T09:58:27.382Z,1539,FG-C,BATCH-1008,DAY,normal,0,0
4155,2026-01-30T09:58:27.382Z,2026-01-30T09:58:28.843Z,1461,FG-C,BATCH-1008,DAY,normal,0,0
4156,2026-01-30T09:58:28.843Z,2026-01-30T09:58:30.299Z,1456,FG-C,BATCH-1008,DAY,normal,0,0
4157,2026-01-30T09:58:30.299Z,2026-01-30T09:58:31.729Z,1430,FG-C,BATCH-1008,DAY,normal,0,0
4158,2026-01-30T09:58:31.729Z,2026-01-30T09:58:33.269Z,1540,FG-C,BATCH-1008,DAY,normal,0,0
4159,2026-01-30T09:58:33.269Z,2026-01-30T09:58:34.620Z,1351,FG-C,BATCH-1008,DAY,normal,0,0
4160,2026-01-30T09:58:34.620Z,2026-01-30T09:58:36.197Z,1577,FG-C,BATCH-1008,DAY,normal,0,0
4161,2026-01-30T09:58:36.197Z,2026-01-30T09:58:37.616Z,1419,FG-C,BATCH-1008,DAY,normal,0,0
4162,2026-01-30T09:58:37.616Z,2026-01-30T09:58:39.075Z,1459,FG-C,BATCH-1008,DAY,normal,0,0
4163,2026-01-30T09:58:39.075Z,2026-01-30T09:58:41.486Z,2411,FG-C,BATCH-1008,DAY,slow_cycle,0,1
4164,2026-01-30T09:58:41.486Z,2026-01-30T09:58:42.819Z,1333,FG-C,BATCH-1008,DAY,normal,0,0
4165,2026-01-30T09:58:42.819Z,2026-01-30T09:58:44.314Z,1495,FG-C,BATCH-1008,DAY,normal,0,0
4166,2026-01-30T09:58:44.314Z,2026-01-30T09:58:45.667Z,1353,FG-C,BATCH-1008,DAY,normal,0,0
4167,2026-01-30T09:58:45.667Z,2026-01-30T09:58:47.380Z,1713,FG-C,BATCH-1008,DAY,normal,0,0
4168,2026-01-30T09:58:47.380Z,2026-01-30T09:58:48.848Z,1468,FG-C,BATCH-1008,DAY,normal,0,0
4169,2026-01-30T09:58:48.848Z,2026-01-30T09:58:50.450Z,1602,FG-C,BATCH-1008,DAY,normal,0,0
4170,2026-01-30T09:58:50.450Z,2026-01-30T09:58:52.011Z,1561,FG-C,BATCH-1008,DAY,normal,0,0
4171,2026-01-30T09:58:52.011Z,2026-01-30T09:58:53.600Z,1589,FG-C,BATCH-1008,DAY,normal,0,0
4172,2026-01-30T09:58:53.600Z,2026-01-30T09:58:55.296Z,1696,FG-C,BATCH-1008,DAY,normal,0,0
4173,2026-01-30T09:58:55.296Z,2026-01-30T09:58:56.562Z,1266,FG-C,BATCH-1008,DAY,normal,0,0
4174,2026-01-30T09:58:56.562Z,2026-01-30T09:58:58.105Z,1543,FG-C,BATCH-1008,DAY,normal,0,0
4175,2026-01-30T09:58:58.105Z,2026-01-30T09:58:59.742Z,1637,FG-C,BATCH-1008,DAY,normal,0,0
4176,2026-01-30T09:58:59.742Z,2026-01-30T09:59:01.178Z,1436,FG-C,BATCH-1008,DAY,normal,0,0
4177,2026-01-30T09:59:01.178Z,2026-01-30T09:59:02.674Z,1496,FG-C,BATCH-1008,DAY,normal,0,0
4178,2026-01-30T09:59:02.674Z,2026-01-30T09:59:04.125Z,1451,FG-C,BATCH-1008,DAY,normal,0,0
4179,2026-01-30T09:59:04.125Z,2026-01-30T09:59:09.751Z,5626,FG-C,BATCH-1008,DAY,jam_recovery,1,1
4180,2026-01-30T09:59:09.751Z,2026-01-30T09:59:11.338Z,1587,FG-C,BATCH-1008,DAY,normal,0,0
4181,2026-01-30T09:59:11.338Z,2026-01-30T09:59:12.792Z,1454,FG-C,BATCH-1008,DAY,normal,0,0
4182,2026-01-30T09:59:12.792Z,2026-01-30T09:59:14.381Z,1589,FG-C,BATCH-1008,DAY,normal,0,0
4183,2026-01-30T09:59:14.381Z,2026-01-30T09:59:15.909Z,1528,FG-C,BATCH-1008,DAY,normal,0,0
4184,2026-01-30T09:59:15.909Z,2026-01-30T09:59:17.416Z,1507,FG-C,BATCH-1008,DAY,normal,0,0
4185,2026-01-30T09:59:17.416Z,2026-01-30T09:59:18.999Z,1583,FG-C,BATCH-1008,DAY,normal,0,0
4186,2026-01-30T09:59:18.999Z,2026-01-30T09:59:20.446Z,1447,FG-C,BATCH-1008,DAY,normal,0,0
4187,2026-01-30T09:59:20.446Z,2026-01-30T09:59:21.880Z,1434,FG-C,BATCH-1008,DAY,normal,0,0
4188,2026-01-30T09:59:21.880Z,2026-01-30T09:59:23.319Z,1439,FG-C,BATCH-1008,DAY,normal,0,0
4189,2026-01-30T09:59:23.319Z,2026-01-30T09:59:24.710Z,1391,FG-C,BATCH-1008,DAY,fast_cycle,0,0
4190,2026-01-30T09:59:24.710Z,2026-01-30T09:59:26.357Z,1647,FG-C,BATCH-1008,DAY,normal,0,0
4191,2026-01-30T09:59:26.357Z,2026-01-30T09:59:27.906Z,1549,FG-C,BATCH-1008,DAY,normal,0,0
4192,2026-01-30T09:59:27.906Z,2026-01-30T09:59:29.441Z,1535,FG-C,BATCH-1008,DAY,normal,0,0
4193,2026-01-30T09:59:29.441Z,2026-01-30T09:59:30.916Z,1475,FG-C,BATCH-1008,DAY,normal,0,0
4194,2026-01-30T09:59:30.916Z,2026-01-30T09:59:32.361Z,1445,FG-C,BATCH-1008,DAY,normal,0,0
4195,2026-01-30T09:59:32.361Z,2026-01-30T09:59:35.283Z,2922,FG-C,BATCH-1008,DAY,slow_cycle,0,1
4196,2026-01-30T09:59:35.283Z,2026-01-30T09:59:36.837Z,1554,FG-C,BATCH-1008,DAY,normal,0,0
4197,2026-01-30T09:59:36.837Z,2026-01-30T09:59:38.271Z,1434,FG-C,BATCH-1008,DAY,normal,0,0
4198,2026-01-30T09:59:38.271Z,2026-01-30T09:59:39.791Z,1520,FG-C,BATCH-1008,DAY,normal,0,0
4199,2026-01-30T09:59:39.791Z,2026-01-30T09:59:41.175Z,1384,FG-C,BATCH-1008,DAY,normal,0,0
4200,2026-01-30T09:59:41.175Z,2026-01-30T09:59:42.697Z,1522,FG-C,BATCH-1008,DAY,normal,0,0
4201,2026-01-30T09:59:42.697Z,2026-01-30T09:59:44.287Z,1590,FG-C,BATCH-1008,DAY,normal,0,0
4202,2026-01-30T09:59:44.287Z,2026-01-30T09:59:45.784Z,1497,FG-C,BATCH-1008,DAY,normal,0,0
4203,2026-01-30T09:59:45.784Z,2026-01-30T09:59:47.235Z,1451,FG-C,BATCH-1008,DAY,normal,0,0
4204,2026-01-30T09:59:47.235Z,2026-01-30T09:59:48.700Z,1465,FG-C,BATCH-1008,DAY,normal,0,0
4205,2026-01-30T09:59:48.700Z,2026-01-30T09:59:50.149Z,1449,FG-C,BATCH-1008,DAY,normal,0,0
4206,2026-01-30T09:59:50.149Z,2026-01-30T09:59:51.755Z,1606,FG-C,BATCH-1008,DAY,normal,0,0
4207,2026-01-30T09:59:51.755Z,2026-01-30T09:59:53.309Z,1554,FG-C,BATCH-1008,DAY,normal,0,0
4208,2026-01-30T09:59:53.309Z,2026-01-30T09:59:54.873Z,1564,FG-C,BATCH-1008,DAY,normal,0,0
4209,2026-01-30T09:59:54.873Z,2026-01-30T09:59:58.953Z,4080,FG-C,BATCH-1008,DAY,jam_recovery,0,1
4210,2026-01-30T09:59:58.953Z,2026-01-30T10:00:00.385Z,1432,FG-C,BATCH-1008,DAY,normal,0,0
4211,2026-01-30T10:00:00.385Z,2026-01-30T10:00:01.863Z,1478,FG-C,BATCH-1008,DAY,normal,0,0
4212,2026-01-30T10:00:01.863Z,2026-01-30T10:00:03.579Z,1716,FG-C,BATCH-1008,DAY,normal,0,0
4213,2026-01-30T10:00:03.579Z,2026-01-30T10:00:04.937Z,1358,FG-C,BATCH-1008,DAY,normal,0,0
4214,2026-01-30T10:00:04.937Z,2026-01-30T10:00:06.395Z,1458,FG-C,BATCH-1008,DAY,normal,0,0
4215,2026-01-30T10:00:06.395Z,2026-01-30T10:00:07.692Z,1297,FG-C,BATCH-1008,DAY,normal,0,0
4216,2026-01-30T10:00:07.692Z,2026-01-30T10:00:10.714Z,3022,FG-C,BATCH-1008,DAY,slow_cycle,0,1
4217,2026-01-30T10:00:10.714Z,2026-01-30T10:00:12.168Z,1454,FG-C,BATCH-1008,DAY,normal,0,0
4218,2026-01-30T10:00:12.168Z,2026-01-30T10:00:13.689Z,1521,FG-C,BATCH-1008,DAY,normal,0,0
4219,2026-01-30T10:00:13.689Z,2026-01-30T10:00:15.211Z,1522,FG-C,BATCH-1008,DAY,normal,0,0
4220,2026-01-30T10:00:15.211Z,2026-01-30T10:00:16.659Z,1448,FG-C,BATCH-1008,DAY,normal,0,0
4221,2026-01-30T10:00:16.659Z,2026-01-30T10:00:18.014Z,1355,FG-C,BATCH-1008,DAY,normal,0,0
4222,2026-01-30T10:00:18.014Z,2026-01-30T10:00:19.690Z,1676,FG-C,BATCH-1008,DAY,normal,0,0
4223,2026-01-30T10:00:19.690Z,2026-01-30T10:00:21.007Z,1317,FG-C,BATCH-1008,DAY,normal,0,0
4224,2026-01-30T10:00:21.007Z,2026-01-30T10:00:22.386Z,1379,FG-C,BATCH-1008,DAY,normal,0,0
4225,2026-01-30T10:00:22.386Z,2026-01-30T10:00:23.998Z,1612,FG-C,BATCH-1008,DAY,normal,0,0
4226,2026-01-30T10:00:23.998Z,2026-01-30T10:00:25.523Z,1525,FG-C,BATCH-1008,DAY,normal,0,0
4227,2026-01-30T10:00:25.523Z,2026-01-30T10:00:27.077Z,1554,FG-C,BATCH-1008,DAY,normal,0,0
4228,2026-01-30T10:00:27.077Z,2026-01-30T10:00:28.701Z,1624,FG-C,BATCH-1008,DAY,normal,0,0
4229,2026-01-30T10:00:28.701Z,2026-01-30T10:00:30.088Z,1387,FG-C,BATCH-1008,DAY,normal,0,0
4230,2026-01-30T10:00:30.088Z,2026-01-30T10:00:31.511Z,1423,FG-C,BATCH-1008,DAY,normal,0,0
4231,2026-01-30T10:00:31.511Z,2026-01-30T10:00:33.001Z,1490,FG-C,BATCH-1008,DAY,normal,0,0
4232,2026-01-30T10:00:33.001Z,2026-01-30T10:00:34.228Z,1227,FG-C,BATCH-1008,DAY,fast_cycle,0,0
4233,2026-01-30T10:00:34.228Z,2026-01-30T10:00:38.209Z,3981,FG-C,BATCH-1008,DAY,jam_recovery,0,1
4234,2026-01-30T10:00:38.209Z,2026-01-30T10:00:39.874Z,1665,FG-C,BATCH-1008,DAY,normal,0,0
4235,2026-01-30T10:00:39.874Z,2026-01-30T10:00:41.232Z,1358,FG-C,BATCH-1008,DAY,normal,0,0
4236,2026-01-30T10:00:41.232Z,2026-01-30T10:00:42.691Z,1459,FG-C,BATCH-1008,DAY,normal,0,0
4237,2026-01-30T10:00:42.691Z,2026-01-30T10:00:44.139Z,1448,FG-C,BATCH-1008,DAY,normal,0,0
4238,2026-01-30T10:00:44.139Z,2026-01-30T10:00:45.731Z,1592,FG-C,BATCH-1008,DAY,normal,0,0
4239,2026-01-30T10:00:45.731Z,2026-01-30T10:00:47.236Z,1505,FG-C,BATCH-1008,DAY,normal,0,0
4240,2026-01-30T10:00:47.236Z,2026-01-30T10:00:48.869Z,1633,FG-C,BATCH-1008,DAY,normal,0,0
4241,2026-01-30T10:00:48.869Z,2026-01-30T10:00:50.447Z,1578,FG-C,BATCH-1008,DAY,normal,0,0
4242,2026-01-30T10:00:50.447Z,2026-01-30T10:00:51.842Z,1395,FG-C,BATCH-1008,DAY,normal,0,0
4243,2026-01-30T10:00:51.842Z,2026-01-30T10:00:53.099Z,1257,FG-C,BATCH-1008,DAY,fast_cycle,0,0
4244,2026-01-30T10:00:53.099Z,2026-01-30T10:00:54.633Z,1534,FG-C,BATCH-1008,DAY,normal,0,0
4245,2026-01-30T10:00:54.633Z,2026-01-30T10:00:56.078Z,1445,FG-C,BATCH-1008,DAY,normal,0,0
4246,2026-01-30T10:00:56.078Z,2026-01-30T10:00:57.699Z,1621,FG-C,BATCH-1008,DAY,normal,0,0
4247,2026-01-30T10:00:57.699Z,2026-01-30T10:00:59.183Z,1484,FG-C,BATCH-1008,DAY,normal,0,0
4248,2026-01-30T10:00:59.183Z,2026-01-30T10:01:00.697Z,1514,FG-C,BATCH-1008,DAY,normal,0,0
4249,2026-01-30T10:01:00.697Z,2026-01-30T10:01:02.158Z,1461,FG-C,BATCH-1008,DAY,normal,0,0
4250,2026-01-30T10:01:02.158Z,2026-01-30T10:01:03.554Z,1396,FG-C,BATCH-1008,DAY,normal,0,0
4251,2026-01-30T10:01:03.554Z,2026-01-30T10:01:04.901Z,1347,FG-C,BATCH-1008,DAY,normal,0,0
4252,2026-01-30T10:01:04.901Z,2026-01-30T10:01:06.434Z,1533,FG-C,BATCH-1008,DAY,normal,0,0
4253,2026-01-30T10:01:06.434Z,2026-01-30T10:01:07.878Z,1444,FG-C,BATCH-1008,DAY,normal,0,0
4254,2026-01-30T10:01:07.878Z,2026-01-30T10:01:09.440Z,1562,FG-C,BATCH-1008,DAY,normal,0,0
4255,2026-01-30T10:01:09.440Z,2026-01-30T10:01:10.797Z,1357,FG-C,BATCH-1008,DAY,normal,0,0
4256,2026-01-30T10:01:10.797Z,2026-01-30T10:01:12.289Z,1492,FG-C,BATCH-1008,DAY,normal,0,0
4257,2026-01-30T10:01:12.289Z,2026-01-30T10:01:13.705Z,1416,FG-C,BATCH-1008,DAY,normal,0,0
4258,2026-01-30T10:01:13.705Z,2026-01-30T10:01:15.237Z,1532,FG-C,BATCH-1008,DAY,normal,0,0
4259,2026-01-30T10:01:15.237Z,2026-01-30T10:01:16.799Z,1562,FG-C,BATCH-1008,DAY,normal,0,0
4260,2026-01-30T10:01:16.799Z,2026-01-30T10:01:18.152Z,1353,FG-C,BATCH-1008,DAY,normal,0,0
4261,2026-01-30T10:01:18.152Z,2026-01-30T10:01:20.563Z,2411,FG-C,BATCH-1008,DAY,slow_cycle,0,1
4262,2026-01-30T10:01:20.563Z,2026-01-30T10:01:22.111Z,1548,FG-C,BATCH-1008,DAY,normal,0,0
4263,2026-01-30T10:01:22.111Z,2026-01-30T10:01:23.703Z,1592,FG-C,BATCH-1008,DAY,normal,0,0
4264,2026-01-30T10:01:23.703Z,2026-01-30T10:01:25.274Z,1571,FG-C,BATCH-1008,DAY,normal,0,0
4265,2026-01-30T10:01:25.274Z,2026-01-30T10:01:26.812Z,1538,FG-C,BATCH-1008,DAY,normal,0,0
4266,2026-01-30T10:01:26.812Z,2026-01-30T10:01:28.413Z,1601,FG-C,BATCH-1008,DAY,normal,0,0
4267,2026-01-30T10:01:28.413Z,2026-01-30T10:01:29.989Z,1576,FG-C,BATCH-1008,DAY,normal,0,0
4268,2026-01-30T10:01:29.989Z,2026-01-30T10:01:33.114Z,3125,FG-C,BATCH-1008,DAY,slow_cycle,0,1
4269,2026-01-30T10:01:33.114Z,2026-01-30T10:01:34.566Z,1452,FG-C,BATCH-1008,DAY,normal,0,0
4270,2026-01-30T10:01:34.566Z,2026-01-30T10:01:36.056Z,1490,FG-C,BATCH-1008,DAY,normal,0,0
4271,2026-01-30T10:01:36.056Z,2026-01-30T10:01:37.541Z,1485,FG-C,BATCH-1008,DAY,normal,0,0
4272,2026-01-30T10:01:37.541Z,2026-01-30T10:01:40.992Z,3451,FG-C,BATCH-1008,DAY,slow_cycle,0,1
4273,2026-01-30T10:01:40.992Z,2026-01-30T10:01:42.604Z,1612,FG-C,BATCH-1008,DAY,normal,0,0
4274,2026-01-30T10:01:42.604Z,2026-01-30T10:01:44.234Z,1630,FG-C,BATCH-1008,DAY,normal,0,0
4275,2026-01-30T10:01:44.234Z,2026-01-30T10:01:45.838Z,1604,FG-C,BATCH-1008,DAY,normal,0,0
4276,2026-01-30T10:01:45.838Z,2026-01-30T10:01:47.378Z,1540,FG-C,BATCH-1008,DAY,normal,0,0
4277,2026-01-30T10:01:47.378Z,2026-01-30T10:01:48.990Z,1612,FG-C,BATCH-1008,DAY,normal,0,0
4278,2026-01-30T10:01:48.990Z,2026-01-30T10:01:50.543Z,1553,FG-C,BATCH-1008,DAY,normal,0,0
4279,2026-01-30T10:01:50.543Z,2026-01-30T10:01:51.827Z,1284,FG-C,BATCH-1008,DAY,fast_cycle,0,0
4280,2026-01-30T10:01:51.827Z,2026-01-30T10:01:53.302Z,1475,FG-C,BATCH-1008,DAY,normal,0,0
4281,2026-01-30T10:01:53.302Z,2026-01-30T10:01:54.776Z,1474,FG-C,BATCH-1008,DAY,normal,0,0
4282,2026-01-30T10:01:54.776Z,2026-01-30T10:01:56.252Z,1476,FG-C,BATCH-1008,DAY,normal,0,0
4283,2026-01-30T10:01:56.252Z,2026-01-30T10:01:57.870Z,1618,FG-C,BATCH-1008,DAY,normal,0,0
4284,2026-01-30T10:01:57.870Z,2026-01-30T10:01:59.397Z,1527,FG-C,BATCH-1008,DAY,normal,0,0
4285,2026-01-30T10:01:59.397Z,2026-01-30T10:02:00.895Z,1498,FG-C,BATCH-1008,DAY,normal,0,0
4286,2026-01-30T10:02:00.895Z,2026-01-30T10:02:02.366Z,1471,FG-C,BATCH-1008,DAY,normal,0,0
4287,2026-01-30T10:02:02.366Z,2026-01-30T10:02:03.819Z,1453,FG-C,BATCH-1008,DAY,normal,0,0
4288,2026-01-30T10:02:03.819Z,2026-01-30T10:02:05.461Z,1642,FG-C,BATCH-1008,DAY,normal,0,0
4289,2026-01-30T10:02:05.461Z,2026-01-30T10:02:06.853Z,1392,FG-C,BATCH-1008,DAY,normal,0,0
4290,2026-01-30T10:02:06.853Z,2026-01-30T10:02:08.397Z,1544,FG-C,BATCH-1008,DAY,normal,0,0
4291,2026-01-30T10:02:08.397Z,2026-01-30T10:02:09.935Z,1538,FG-C,BATCH-1008,DAY,normal,0,0
4292,2026-01-30T10:02:09.935Z,2026-01-30T10:02:11.410Z,1475,FG-C,BATCH-1008,DAY,normal,0,0
4293,2026-01-30T10:02:11.410Z,2026-01-30T10:02:12.889Z,1479,FG-C,BATCH-1008,DAY,normal,0,0
4294,2026-01-30T10:02:12.889Z,2026-01-30T10:02:14.502Z,1613,FG-C,BATCH-1008,DAY,normal,0,0
4295,2026-01-30T10:02:14.502Z,2026-01-30T10:02:15.934Z,1432,FG-C,BATCH-1008,DAY,normal,0,0
4296,2026-01-30T10:02:15.934Z,2026-01-30T10:02:17.328Z,1394,FG-C,BATCH-1008,DAY,normal,0,0
4297,2026-01-30T10:02:17.328Z,2026-01-30T10:02:18.755Z,1427,FG-C,BATCH-1008,DAY,normal,0,0
4298,2026-01-30T10:02:18.755Z,2026-01-30T10:02:20.210Z,1455,FG-C,BATCH-1008,DAY,normal,0,0
4299,2026-01-30T10:02:20.210Z,2026-01-30T10:02:21.887Z,1677,FG-C,BATCH-1008,DAY,normal,0,0
4300,2026-01-30T10:02:21.887Z,2026-01-30T10:02:23.519Z,1632,FG-C,BATCH-1008,DAY,normal,0,0
4301,2026-01-30T10:02:23.519Z,2026-01-30T10:02:24.960Z,1441,FG-C,BATCH-1008,DAY,normal,0,0
4302,2026-01-30T10:02:24.960Z,2026-01-30T10:02:39.873Z,14913,FG-C,BATCH-1008,DAY,long_gap,1,1
4303,2026-01-30T10:02:39.873Z,2026-01-30T10:02:41.348Z,1475,FG-C,BATCH-1008,DAY,normal,0,0
4304,2026-01-30T10:02:41.348Z,2026-01-30T10:02:42.813Z,1465,FG-C,BATCH-1008,DAY,normal,0,0
4305,2026-01-30T10:02:42.813Z,2026-01-30T10:02:44.255Z,1442,FG-C,BATCH-1008,DAY,normal,0,0
4306,2026-01-30T10:02:44.255Z,2026-01-30T10:02:45.791Z,1536,FG-C,BATCH-1008,DAY,normal,0,0
4307,2026-01-30T10:02:45.791Z,2026-01-30T10:02:47.197Z,1406,FG-C,BATCH-1008,DAY,normal,0,0
4308,2026-01-30T10:02:47.197Z,2026-01-30T10:02:48.783Z,1586,FG-C,BATCH-1008,DAY,normal,0,0
4309,2026-01-30T10:02:48.783Z,2026-01-30T10:02:50.276Z,1493,FG-C,BATCH-1008,DAY,normal,0,0
4310,2026-01-30T10:02:50.276Z,2026-01-30T10:02:51.827Z,1551,FG-C,BATCH-1008,DAY,normal,0,0
4311,2026-01-30T10:02:51.827Z,2026-01-30T10:02:53.425Z,1598,FG-C,BATCH-1008,DAY,normal,0,0
4312,2026-01-30T10:02:53.425Z,2026-01-30T10:02:54.903Z,1478,FG-C,BATCH-1008,DAY,normal,0,0
4313,2026-01-30T10:02:54.903Z,2026-01-30T10:02:56.324Z,1421,FG-C,BATCH-1008,DAY,normal,0,0
4314,2026-01-30T10:02:56.324Z,2026-01-30T10:02:57.881Z,1557,FG-C,BATCH-1008,DAY,normal,0,0
4315,2026-01-30T10:02:57.881Z,2026-01-30T10:02:59.263Z,1382,FG-C,BATCH-1008,DAY,normal,0,0
4316,2026-01-30T10:02:59.263Z,2026-01-30T10:03:00.659Z,1396,FG-C,BATCH-1008,DAY,normal,0,0
4317,2026-01-30T10:03:00.659Z,2026-01-30T10:03:02.174Z,1515,FG-C,BATCH-1008,DAY,normal,0,0
4318,2026-01-30T10:03:02.174Z,2026-01-30T10:03:03.593Z,1419,FG-C,BATCH-1008,DAY,normal,0,0
4319,2026-01-30T10:03:03.593Z,2026-01-30T10:03:05.189Z,1596,FG-C,BATCH-1008,DAY,normal,0,0
4320,2026-01-30T10:03:05.189Z,2026-01-30T10:03:06.648Z,1459,FG-C,BATCH-1008,DAY,normal,0,0
4321,2026-01-30T10:03:06.648Z,2026-01-30T10:03:08.014Z,1366,FG-C,BATCH-1008,DAY,normal,0,0
4322,2026-01-30T10:03:08.014Z,2026-01-30T10:03:11.201Z,3187,FG-C,BATCH-1008,DAY,slow_cycle,0,1
4323,2026-01-30T10:03:11.201Z,2026-01-30T10:03:12.720Z,1519,FG-C,BATCH-1008,DAY,normal,0,0
4324,2026-01-30T10:03:12.720Z,2026-01-30T10:03:14.263Z,1543,FG-C,BATCH-1008,DAY,normal,0,0
4325,2026-01-30T10:03:14.263Z,2026-01-30T10:03:15.761Z,1498,FG-C,BATCH-1008,DAY,normal,0,0
4326,2026-01-30T10:03:15.761Z,2026-01-30T10:03:17.393Z,1632,FG-C,BATCH-1008,DAY,normal,0,0
4327,2026-01-30T10:03:17.393Z,2026-01-30T10:03:18.777Z,1384,FG-C,BATCH-1008,DAY,normal,0,0
4328,2026-01-30T10:03:18.777Z,2026-01-30T10:03:20.445Z,1668,FG-C,BATCH-1008,DAY,normal,0,0
4329,2026-01-30T10:03:20.445Z,2026-01-30T10:03:21.757Z,1312,FG-C,BATCH-1008,DAY,normal,0,0
4330,2026-01-30T10:03:21.757Z,2026-01-30T10:03:23.287Z,1530,FG-C,BATCH-1008,DAY,normal,0,0
4331,2026-01-30T10:03:23.287Z,2026-01-30T10:03:24.773Z,1486,FG-C,BATCH-1008,DAY,normal,0,0
4332,2026-01-30T10:03:24.773Z,2026-01-30T10:03:28.119Z,3346,FG-C,BATCH-1008,DAY,slow_cycle,0,1
4333,2026-01-30T10:03:28.119Z,2026-01-30T10:03:29.545Z,1426,FG-C,BATCH-1008,DAY,normal,0,0
4334,2026-01-30T10:03:29.545Z,2026-01-30T10:03:31.018Z,1473,FG-C,BATCH-1008,DAY,normal,0,0
4335,2026-01-30T10:03:31.018Z,2026-01-30T10:03:32.400Z,1382,FG-C,BATCH-1008,DAY,normal,0,0
4336,2026-01-30T10:03:32.400Z,2026-01-30T10:03:33.931Z,1531,FG-C,BATCH-1008,DAY,normal,0,0
4337,2026-01-30T10:03:33.931Z,2026-01-30T10:03:35.429Z,1498,FG-C,BATCH-1008,DAY,normal,0,0
4338,2026-01-30T10:03:35.429Z,2026-01-30T10:03:37.054Z,1625,FG-C,BATCH-1008,DAY,normal,0,0
4339,2026-01-30T10:03:37.054Z,2026-01-30T10:03:38.627Z,1573,FG-C,BATCH-1008,DAY,normal,0,0
4340,2026-01-30T10:03:38.627Z,2026-01-30T10:03:40.207Z,1580,FG-C,BATCH-1008,DAY,normal,0,0
4341,2026-01-30T10:03:40.207Z,2026-01-30T10:03:41.866Z,1659,FG-C,BATCH-1008,DAY,normal,0,0
4342,2026-01-30T10:03:41.866Z,2026-01-30T10:03:43.352Z,1486,FG-C,BATCH-1008,DAY,normal,0,0
4343,2026-01-30T10:03:43.352Z,2026-01-30T10:03:44.961Z,1609,FG-C,BATCH-1008,DAY,normal,0,0
4344,2026-01-30T10:03:44.961Z,2026-01-30T10:03:46.451Z,1490,FG-C,BATCH-1008,DAY,normal,0,0
4345,2026-01-30T10:03:46.451Z,2026-01-30T10:03:47.894Z,1443,FG-C,BATCH-1008,DAY,normal,0,0
4346,2026-01-30T10:03:47.894Z,2026-01-30T10:03:49.566Z,1672,FG-C,BATCH-1008,DAY,normal,0,0
4347,2026-01-30T10:03:49.566Z,2026-01-30T10:03:52.813Z,3247,FG-C,BATCH-1008,DAY,slow_cycle,0,1
4348,2026-01-30T10:03:52.813Z,2026-01-30T10:03:54.247Z,1434,FG-C,BATCH-1008,DAY,normal,0,0
4349,2026-01-30T10:03:54.247Z,2026-01-30T10:03:55.588Z,1341,FG-C,BATCH-1008,DAY,normal,0,0
4350,2026-01-30T10:03:55.588Z,2026-01-30T10:03:57.203Z,1615,FG-C,BATCH-1008,DAY,normal,0,0
4351,2026-01-30T10:03:57.203Z,2026-01-30T10:03:58.665Z,1462,FG-C,BATCH-1008,DAY,normal,0,0
4352,2026-01-30T10:03:58.665Z,2026-01-30T10:04:00.323Z,1658,FG-C,BATCH-1008,DAY,normal,0,0
4353,2026-01-30T10:04:00.323Z,2026-01-30T10:04:02.053Z,1730,FG-C,BATCH-1008,DAY,normal,0,0
4354,2026-01-30T10:04:02.053Z,2026-01-30T10:04:03.617Z,1564,FG-C,BATCH-1008,DAY,normal,0,0
4355,2026-01-30T10:04:03.617Z,2026-01-30T10:04:05.181Z,1564,FG-C,BATCH-1008,DAY,normal,0,0
4356,2026-01-30T10:04:05.181Z,2026-01-30T10:04:06.762Z,1581,FG-C,BATCH-1008,DAY,normal,0,0
4357,2026-01-30T10:04:06.762Z,2026-01-30T10:04:08.423Z,1661,FG-C,BATCH-1008,DAY,normal,0,0
4358,2026-01-30T10:04:08.423Z,2026-01-30T10:04:09.984Z,1561,FG-C,BATCH-1008,DAY,normal,0,0
4359,2026-01-30T10:04:09.984Z,2026-01-30T10:04:11.404Z,1420,FG-C,BATCH-1008,DAY,normal,0,0
4360,2026-01-30T10:04:11.404Z,2026-01-30T10:04:12.949Z,1545,FG-C,BATCH-1008,DAY,normal,0,0
4361,2026-01-30T10:04:12.949Z,2026-01-30T10:04:14.417Z,1468,FG-C,BATCH-1008,DAY,normal,0,0
4362,2026-01-30T10:04:14.417Z,2026-01-30T10:04:15.951Z,1534,FG-C,BATCH-1008,DAY,normal,0,0
4363,2026-01-30T10:04:15.951Z,2026-01-30T10:04:17.512Z,1561,FG-C,BATCH-1008,DAY,normal,0,0
4364,2026-01-30T10:04:17.512Z,2026-01-30T10:04:19.043Z,1531,FG-C,BATCH-1008,DAY,normal,0,0
4365,2026-01-30T10:04:19.043Z,2026-01-30T10:04:20.543Z,1500,FG-C,BATCH-1008,DAY,normal,0,0
4366,2026-01-30T10:04:20.543Z,2026-01-30T10:04:22.179Z,1636,FG-C,BATCH-1008,DAY,normal,0,0
4367,2026-01-30T10:04:22.179Z,2026-01-30T10:04:23.749Z,1570,FG-C,BATCH-1008,DAY,normal,0,0
4368,2026-01-30T10:04:23.749Z,2026-01-30T10:04:27.878Z,4129,FG-C,BATCH-1008,DAY,jam_recovery,0,1
4369,2026-01-30T10:04:27.878Z,2026-01-30T10:04:29.354Z,1476,FG-C,BATCH-1008,DAY,normal,0,0
4370,2026-01-30T10:04:29.354Z,2026-01-30T10:04:30.761Z,1407,FG-C,BATCH-1008,DAY,normal,0,0
4371,2026-01-30T10:04:30.761Z,2026-01-30T10:04:31.998Z,1237,FG-C,BATCH-1008,DAY,fast_cycle,0,0
4372,2026-01-30T10:04:31.998Z,2026-01-30T10:04:33.529Z,1531,FG-C,BATCH-1008,DAY,normal,0,0
4373,2026-01-30T10:04:33.529Z,2026-01-30T10:04:35.044Z,1515,FG-C,BATCH-1008,DAY,normal,0,0
4374,2026-01-30T10:04:35.044Z,2026-01-30T10:04:36.513Z,1469,FG-C,BATCH-1008,DAY,normal,0,0
4375,2026-01-30T10:04:36.513Z,2026-01-30T10:04:38.070Z,1557,FG-C,BATCH-1008,DAY,normal,0,0
4376,2026-01-30T10:04:38.070Z,2026-01-30T10:04:39.736Z,1666,FG-C,BATCH-1008,DAY,normal,0,0
4377,2026-01-30T10:04:39.736Z,2026-01-30T10:04:41.232Z,1496,FG-C,BATCH-1008,DAY,normal,0,0
4378,2026-01-30T10:04:41.232Z,2026-01-30T10:04:42.750Z,1518,FG-C,BATCH-1008,DAY,normal,0,0
4379,2026-01-30T10:04:42.750Z,2026-01-30T10:04:44.226Z,1476,FG-C,BATCH-1008,DAY,normal,0,0
4380,2026-01-30T10:04:44.226Z,2026-01-30T10:04:45.667Z,1441,FG-C,BATCH-1008,DAY,normal,0,0
4381,2026-01-30T10:04:45.667Z,2026-01-30T10:04:47.139Z,1472,FG-C,BATCH-1008,DAY,normal,0,0
4382,2026-01-30T10:04:47.139Z,2026-01-30T10:04:48.646Z,1507,FG-C,BATCH-1008,DAY,normal,0,0
4383,2026-01-30T10:04:48.646Z,2026-01-30T10:04:50.219Z,1573,FG-C,BATCH-1008,DAY,normal,0,0
4384,2026-01-30T10:04:50.219Z,2026-01-30T10:04:51.866Z,1647,FG-C,BATCH-1008,DAY,normal,0,0
4385,2026-01-30T10:04:51.866Z,2026-01-30T10:04:53.470Z,1604,FG-C,BATCH-1008,DAY,normal,0,0
4386,2026-01-30T10:04:53.470Z,2026-01-30T10:04:54.899Z,1429,FG-C,BATCH-1008,DAY,normal,0,0
4387,2026-01-30T10:04:54.899Z,2026-01-30T10:04:56.286Z,1387,FG-C,BATCH-1008,DAY,normal,0,0
4388,2026-01-30T10:04:56.286Z,2026-01-30T10:04:57.654Z,1368,FG-C,BATCH-1008,DAY,normal,0,0
4389,2026-01-30T10:04:57.654Z,2026-01-30T10:04:59.159Z,1505,FG-C,BATCH-1008,DAY,normal,0,0
4390,2026-01-30T10:04:59.159Z,2026-01-30T10:05:00.590Z,1431,FG-C,BATCH-1008,DAY,normal,0,0
4391,2026-01-30T10:05:00.590Z,2026-01-30T10:05:02.251Z,1661,FG-C,BATCH-1008,DAY,normal,0,0
4392,2026-01-30T10:05:02.251Z,2026-01-30T10:05:03.835Z,1584,FG-C,BATCH-1008,DAY,normal,0,0
4393,2026-01-30T10:05:03.835Z,2026-01-30T10:05:05.277Z,1442,FG-C,BATCH-1008,DAY,normal,0,0
4394,2026-01-30T10:05:05.277Z,2026-01-30T10:05:06.749Z,1472,FG-C,BATCH-1008,DAY,normal,0,0
4395,2026-01-30T10:05:06.749Z,2026-01-30T10:05:08.313Z,1564,FG-C,BATCH-1008,DAY,normal,0,0
4396,2026-01-30T10:05:08.313Z,2026-01-30T10:05:09.912Z,1599,FG-C,BATCH-1008,DAY,normal,0,0
4397,2026-01-30T10:05:09.912Z,2026-01-30T10:05:11.543Z,1631,FG-C,BATCH-1008,DAY,normal,0,0
4398,2026-01-30T10:05:11.543Z,2026-01-30T10:05:13.185Z,1642,FG-C,BATCH-1008,DAY,normal,0,0
4399,2026-01-30T10:05:13.185Z,2026-01-30T10:05:14.857Z,1672,FG-C,BATCH-1008,DAY,normal,0,0
4400,2026-01-30T10:05:14.857Z,2026-01-30T10:05:16.387Z,1530,FG-C,BATCH-1008,DAY,normal,0,0
4401,2026-01-30T10:05:16.387Z,2026-01-30T10:05:17.870Z,1483,FG-C,BATCH-1008,DAY,normal,0,0
4402,2026-01-30T10:05:17.870Z,2026-01-30T10:05:19.444Z,1574,FG-C,BATCH-1008,DAY,normal,0,0
4403,2026-01-30T10:05:19.444Z,2026-01-30T10:05:20.944Z,1500,FG-C,BATCH-1008,DAY,normal,0,0
4404,2026-01-30T10:05:20.944Z,2026-01-30T10:05:22.517Z,1573,FG-C,BATCH-1008,DAY,normal,0,0
4405,2026-01-30T10:05:22.517Z,2026-01-30T10:05:24.072Z,1555,FG-C,BATCH-1008,DAY,normal,0,0
4406,2026-01-30T10:05:24.072Z,2026-01-30T10:05:25.523Z,1451,FG-C,BATCH-1008,DAY,normal,0,0
4407,2026-01-30T10:05:25.523Z,2026-01-30T10:05:27.058Z,1535,FG-C,BATCH-1008,DAY,normal,0,0
4408,2026-01-30T10:05:27.058Z,2026-01-30T10:05:28.612Z,1554,FG-C,BATCH-1008,DAY,normal,0,0
4409,2026-01-30T10:05:28.612Z,2026-01-30T10:05:34.091Z,5479,FG-C,BATCH-1008,DAY,jam_recovery,1,1
4410,2026-01-30T10:05:34.091Z,2026-01-30T10:05:35.462Z,1371,FG-C,BATCH-1008,DAY,normal,0,0
4411,2026-01-30T10:05:35.462Z,2026-01-30T10:05:37.095Z,1633,FG-C,BATCH-1008,DAY,normal,0,0
4412,2026-01-30T10:05:37.095Z,2026-01-30T10:05:38.496Z,1401,FG-C,BATCH-1008,DAY,normal,0,0
4413,2026-01-30T10:05:38.496Z,2026-01-30T10:05:40.156Z,1660,FG-C,BATCH-1008,DAY,normal,0,0
4414,2026-01-30T10:05:40.156Z,2026-01-30T10:05:41.633Z,1477,FG-C,BATCH-1008,DAY,normal,0,0
4415,2026-01-30T10:05:41.633Z,2026-01-30T10:05:43.054Z,1421,FG-C,BATCH-1008,DAY,normal,0,0
4416,2026-01-30T10:05:43.054Z,2026-01-30T10:05:44.524Z,1470,FG-C,BATCH-1008,DAY,normal,0,0
4417,2026-01-30T10:05:44.524Z,2026-01-30T10:05:45.928Z,1404,FG-C,BATCH-1008,DAY,normal,0,0
4418,2026-01-30T10:05:45.928Z,2026-01-30T10:06:00.165Z,14237,FG-C,BATCH-1008,DAY,long_gap,1,1
4419,2026-01-30T10:06:00.165Z,2026-01-30T10:06:01.866Z,1701,FG-C,BATCH-1008,DAY,normal,0,0
4420,2026-01-30T10:06:01.866Z,2026-01-30T10:06:03.443Z,1577,FG-C,BATCH-1008,DAY,normal,0,0
4421,2026-01-30T10:06:03.443Z,2026-01-30T10:06:05.048Z,1605,FG-C,BATCH-1008,DAY,normal,0,0
4422,2026-01-30T10:06:05.048Z,2026-01-30T10:06:06.532Z,1484,FG-C,BATCH-1008,DAY,normal,0,0
4423,2026-01-30T10:06:06.532Z,2026-01-30T10:06:08.067Z,1535,FG-C,BATCH-1008,DAY,normal,0,0
4424,2026-01-30T10:06:08.067Z,2026-01-30T10:06:09.678Z,1611,FG-C,BATCH-1008,DAY,normal,0,0
4425,2026-01-30T10:06:09.678Z,2026-01-30T10:06:11.141Z,1463,FG-C,BATCH-1008,DAY,normal,0,0
4426,2026-01-30T10:06:11.141Z,2026-01-30T10:06:12.853Z,1712,FG-C,BATCH-1008,DAY,normal,0,0
4427,2026-01-30T10:06:12.853Z,2026-01-30T10:06:14.272Z,1419,FG-C,BATCH-1008,DAY,normal,0,0
4428,2026-01-30T10:06:14.272Z,2026-01-30T10:06:15.758Z,1486,FG-C,BATCH-1008,DAY,normal,0,0
4429,2026-01-30T10:06:15.758Z,2026-01-30T10:06:17.357Z,1599,FG-C,BATCH-1008,DAY,normal,0,0
4430,2026-01-30T10:06:17.357Z,2026-01-30T10:06:18.851Z,1494,FG-C,BATCH-1008,DAY,normal,0,0
4431,2026-01-30T10:06:18.851Z,2026-01-30T10:06:22.785Z,3934,FG-C,BATCH-1008,DAY,jam_recovery,0,1
4432,2026-01-30T10:06:22.785Z,2026-01-30T10:06:24.177Z,1392,FG-C,BATCH-1008,DAY,normal,0,0
4433,2026-01-30T10:06:24.177Z,2026-01-30T10:06:29.131Z,4954,FG-C,BATCH-1008,DAY,jam_recovery,0,1
4434,2026-01-30T10:06:29.131Z,2026-01-30T10:06:30.494Z,1363,FG-C,BATCH-1008,DAY,normal,0,0
4435,2026-01-30T10:06:30.494Z,2026-01-30T10:06:32.173Z,1679,FG-C,BATCH-1008,DAY,normal,0,0
4436,2026-01-30T10:06:32.173Z,2026-01-30T10:06:33.668Z,1495,FG-C,BATCH-1008,DAY,normal,0,0
4437,2026-01-30T10:06:33.668Z,2026-01-30T10:06:35.200Z,1532,FG-C,BATCH-1008,DAY,normal,0,0
4438,2026-01-30T10:06:35.200Z,2026-01-30T10:06:36.696Z,1496,FG-C,BATCH-1008,DAY,normal,0,0
4439,2026-01-30T10:06:36.696Z,2026-01-30T10:06:38.154Z,1458,FG-C,BATCH-1008,DAY,normal,0,0
4440,2026-01-30T10:06:38.154Z,2026-01-30T10:06:39.768Z,1614,FG-C,BATCH-1008,DAY,normal,0,0
4441,2026-01-30T10:06:39.768Z,2026-01-30T10:06:41.336Z,1568,FG-C,BATCH-1008,DAY,normal,0,0
4442,2026-01-30T10:06:41.336Z,2026-01-30T10:06:42.943Z,1607,FG-C,BATCH-1008,DAY,normal,0,0
4443,2026-01-30T10:06:42.943Z,2026-01-30T10:06:44.386Z,1443,FG-C,BATCH-1008,DAY,normal,0,0
4444,2026-01-30T10:06:44.386Z,2026-01-30T10:06:45.933Z,1547,FG-C,BATCH-1008,DAY,normal,0,0
4445,2026-01-30T10:06:45.933Z,2026-01-30T10:06:47.424Z,1491,FG-C,BATCH-1008,DAY,normal,0,0
4446,2026-01-30T10:06:47.424Z,2026-01-30T10:06:48.952Z,1528,FG-C,BATCH-1008,DAY,normal,0,0
4447,2026-01-30T10:06:48.952Z,2026-01-30T10:06:50.422Z,1470,FG-C,BATCH-1008,DAY,normal,0,0
4448,2026-01-30T10:06:50.422Z,2026-01-30T10:06:51.806Z,1384,FG-C,BATCH-1008,DAY,normal,0,0
4449,2026-01-30T10:06:51.806Z,2026-01-30T10:06:53.356Z,1550,FG-C,BATCH-1008,DAY,normal,0,0
4450,2026-01-30T10:06:53.356Z,2026-01-30T10:06:54.794Z,1438,FG-C,BATCH-1008,DAY,normal,0,0
4451,2026-01-30T10:06:54.794Z,2026-01-30T10:07:08.528Z,13734,FG-C,BATCH-1008,DAY,long_gap,1,1
4452,2026-01-30T10:07:08.528Z,2026-01-30T10:07:10.025Z,1497,FG-C,BATCH-1008,DAY,normal,0,0
4453,2026-01-30T10:07:10.025Z,2026-01-30T10:07:11.531Z,1506,FG-C,BATCH-1008,DAY,normal,0,0
4454,2026-01-30T10:07:11.531Z,2026-01-30T10:07:12.935Z,1404,FG-C,BATCH-1008,DAY,normal,0,0
4455,2026-01-30T10:07:12.935Z,2026-01-30T10:07:14.712Z,1777,FG-C,BATCH-1008,DAY,normal,0,0
4456,2026-01-30T10:07:14.712Z,2026-01-30T10:07:16.233Z,1521,FG-C,BATCH-1008,DAY,normal,0,0
4457,2026-01-30T10:07:16.233Z,2026-01-30T10:07:17.679Z,1446,FG-C,BATCH-1008,DAY,normal,0,0
4458,2026-01-30T10:07:17.679Z,2026-01-30T10:07:19.322Z,1643,FG-C,BATCH-1008,DAY,normal,0,0
4459,2026-01-30T10:07:19.322Z,2026-01-30T10:07:21.002Z,1680,FG-C,BATCH-1008,DAY,normal,0,0
4460,2026-01-30T10:07:21.002Z,2026-01-30T10:07:31.600Z,10598,FG-C,BATCH-1008,DAY,long_gap,1,1
4461,2026-01-30T10:07:31.600Z,2026-01-30T10:07:33.193Z,1593,FG-C,BATCH-1008,DAY,normal,0,0
4462,2026-01-30T10:07:33.193Z,2026-01-30T10:07:34.795Z,1602,FG-C,BATCH-1008,DAY,normal,0,0
4463,2026-01-30T10:07:34.795Z,2026-01-30T10:07:36.398Z,1603,FG-C,BATCH-1008,DAY,normal,0,0
4464,2026-01-30T10:07:36.398Z,2026-01-30T10:07:37.979Z,1581,FG-C,BATCH-1008,DAY,normal,0,0
4465,2026-01-30T10:07:37.979Z,2026-01-30T10:07:39.767Z,1788,FG-C,BATCH-1008,DAY,normal,0,0
4466,2026-01-30T10:07:39.767Z,2026-01-30T10:07:41.343Z,1576,FG-C,BATCH-1008,DAY,normal,0,0
4467,2026-01-30T10:07:41.343Z,2026-01-30T10:07:42.952Z,1609,FG-C,BATCH-1008,DAY,normal,0,0
4468,2026-01-30T10:07:42.952Z,2026-01-30T10:07:46.281Z,3329,FG-C,BATCH-1008,DAY,slow_cycle,0,1
4469,2026-01-30T10:07:46.281Z,2026-01-30T10:07:49.565Z,3284,FG-C,BATCH-1008,DAY,slow_cycle,0,1
4470,2026-01-30T10:07:49.565Z,2026-01-30T10:07:50.904Z,1339,FG-C,BATCH-1008,DAY,normal,0,0
4471,2026-01-30T10:07:50.904Z,2026-01-30T10:07:52.431Z,1527,FG-C,BATCH-1008,DAY,normal,0,0
4472,2026-01-30T10:07:52.431Z,2026-01-30T10:07:53.867Z,1436,FG-C,BATCH-1008,DAY,normal,0,0
4473,2026-01-30T10:07:53.867Z,2026-01-30T10:07:55.424Z,1557,FG-C,BATCH-1008,DAY,normal,0,0
4474,2026-01-30T10:07:55.424Z,2026-01-30T10:07:56.794Z,1370,FG-C,BATCH-1008,DAY,normal,0,0
4475,2026-01-30T10:07:56.794Z,2026-01-30T10:07:58.301Z,1507,FG-C,BATCH-1008,DAY,normal,0,0
4476,2026-01-30T10:07:58.301Z,2026-01-30T10:07:59.778Z,1477,FG-C,BATCH-1008,DAY,normal,0,0
4477,2026-01-30T10:07:59.778Z,2026-01-30T10:08:01.334Z,1556,FG-C,BATCH-1008,DAY,normal,0,0
4478,2026-01-30T10:08:01.334Z,2026-01-30T10:08:02.730Z,1396,FG-C,BATCH-1008,DAY,normal,0,0
4479,2026-01-30T10:08:02.730Z,2026-01-30T10:08:04.385Z,1655,FG-C,BATCH-1008,DAY,normal,0,0
4480,2026-01-30T10:08:04.385Z,2026-01-30T10:08:05.888Z,1503,FG-C,BATCH-1008,DAY,normal,0,0
4481,2026-01-30T10:08:05.888Z,2026-01-30T10:08:07.548Z,1660,FG-C,BATCH-1008,DAY,normal,0,0
4482,2026-01-30T10:08:07.548Z,2026-01-30T10:08:09.251Z,1703,FG-C,BATCH-1008,DAY,normal,0,0
4483,2026-01-30T10:08:09.251Z,2026-01-30T10:08:10.777Z,1526,FG-C,BATCH-1008,DAY,normal,0,0
4484,2026-01-30T10:08:10.777Z,2026-01-30T10:08:12.235Z,1458,FG-C,BATCH-1008,DAY,normal,0,0
4485,2026-01-30T10:08:12.235Z,2026-01-30T10:08:13.701Z,1466,FG-C,BATCH-1008,DAY,normal,0,0
4486,2026-01-30T10:08:13.701Z,2026-01-30T10:08:15.271Z,1570,FG-C,BATCH-1008,DAY,normal,0,0
4487,2026-01-30T10:08:15.271Z,2026-01-30T10:08:16.783Z,1512,FG-C,BATCH-1008,DAY,normal,0,0
4488,2026-01-30T10:08:16.783Z,2026-01-30T10:08:18.392Z,1609,FG-C,BATCH-1008,DAY,normal,0,0
4489,2026-01-30T10:08:18.392Z,2026-01-30T10:08:19.940Z,1548,FG-C,BATCH-1008,DAY,normal,0,0
4490,2026-01-30T10:08:19.940Z,2026-01-30T10:08:21.382Z,1442,FG-C,BATCH-1008,DAY,normal,0,0
4491,2026-01-30T10:08:21.382Z,2026-01-30T10:08:22.940Z,1558,FG-C,BATCH-1008,DAY,normal,0,0
4492,2026-01-30T10:08:22.940Z,2026-01-30T10:08:24.649Z,1709,FG-C,BATCH-1008,DAY,normal,0,0
4493,2026-01-30T10:08:24.649Z,2026-01-30T10:08:26.356Z,1707,FG-C,BATCH-1008,DAY,normal,0,0
4494,2026-01-30T10:08:26.356Z,2026-01-30T10:08:27.952Z,1596,FG-C,BATCH-1008,DAY,normal,0,0
4495,2026-01-30T10:08:27.952Z,2026-01-30T10:08:37.847Z,9895,FG-C,BATCH-1008,DAY,long_gap,1,1
4496,2026-01-30T10:08:37.847Z,2026-01-30T10:08:39.392Z,1545,FG-C,BATCH-1008,DAY,normal,0,0
4497,2026-01-30T10:08:39.392Z,2026-01-30T10:08:41.001Z,1609,FG-C,BATCH-1008,DAY,normal,0,0
4498,2026-01-30T10:08:41.001Z,2026-01-30T10:08:42.623Z,1622,FG-C,BATCH-1008,DAY,normal,0,0
4499,2026-01-30T10:08:42.623Z,2026-01-30T10:08:44.012Z,1389,FG-C,BATCH-1008,DAY,normal,0,0
4500,2026-01-30T10:08:44.012Z,2026-01-30T10:08:46.558Z,2546,FG-A,BATCH-1009,DAY,slow_cycle,0,1
4501,2026-01-30T10:08:46.558Z,2026-01-30T10:08:48.083Z,1525,FG-A,BATCH-1009,DAY,normal,0,0
4502,2026-01-30T10:08:48.083Z,2026-01-30T10:08:49.738Z,1655,FG-A,BATCH-1009,DAY,normal,0,0
4503,2026-01-30T10:08:49.738Z,2026-01-30T10:08:51.160Z,1422,FG-A,BATCH-1009,DAY,normal,0,0
4504,2026-01-30T10:08:51.160Z,2026-01-30T10:08:53.032Z,1872,FG-A,BATCH-1009,DAY,normal,0,0
4505,2026-01-30T10:08:53.032Z,2026-01-30T10:08:54.539Z,1507,FG-A,BATCH-1009,DAY,normal,0,0
4506,2026-01-30T10:08:54.539Z,2026-01-30T10:08:56.171Z,1632,FG-A,BATCH-1009,DAY,normal,0,0
4507,2026-01-30T10:08:56.171Z,2026-01-30T10:08:57.882Z,1711,FG-A,BATCH-1009,DAY,normal,0,0
4508,2026-01-30T10:08:57.882Z,2026-01-30T10:08:59.422Z,1540,FG-A,BATCH-1009,DAY,normal,0,0
4509,2026-01-30T10:08:59.422Z,2026-01-30T10:09:00.982Z,1560,FG-A,BATCH-1009,DAY,normal,0,0
4510,2026-01-30T10:09:00.982Z,2026-01-30T10:09:02.661Z,1679,FG-A,BATCH-1009,DAY,normal,0,0
4511,2026-01-30T10:09:02.661Z,2026-01-30T10:09:04.427Z,1766,FG-A,BATCH-1009,DAY,normal,0,0
4512,2026-01-30T10:09:04.427Z,2026-01-30T10:09:06.149Z,1722,FG-A,BATCH-1009,DAY,normal,0,0
4513,2026-01-30T10:09:06.149Z,2026-01-30T10:09:07.833Z,1684,FG-A,BATCH-1009,DAY,normal,0,0
4514,2026-01-30T10:09:07.833Z,2026-01-30T10:09:09.456Z,1623,FG-A,BATCH-1009,DAY,normal,0,0
4515,2026-01-30T10:09:09.456Z,2026-01-30T10:09:10.862Z,1406,FG-A,BATCH-1009,DAY,normal,0,0
4516,2026-01-30T10:09:10.862Z,2026-01-30T10:09:12.227Z,1365,FG-A,BATCH-1009,DAY,normal,0,0
4517,2026-01-30T10:09:12.227Z,2026-01-30T10:09:13.736Z,1509,FG-A,BATCH-1009,DAY,normal,0,0
4518,2026-01-30T10:09:13.736Z,2026-01-30T10:09:15.197Z,1461,FG-A,BATCH-1009,DAY,normal,0,0
4519,2026-01-30T10:09:15.197Z,2026-01-30T10:09:18.382Z,3185,FG-A,BATCH-1009,DAY,slow_cycle,0,1
4520,2026-01-30T10:09:18.382Z,2026-01-30T10:09:20.001Z,1619,FG-A,BATCH-1009,DAY,normal,0,0
4521,2026-01-30T10:09:20.001Z,2026-01-30T10:09:21.567Z,1566,FG-A,BATCH-1009,DAY,normal,0,0
4522,2026-01-30T10:09:21.567Z,2026-01-30T10:09:23.223Z,1656,FG-A,BATCH-1009,DAY,normal,0,0
4523,2026-01-30T10:09:23.223Z,2026-01-30T10:09:24.884Z,1661,FG-A,BATCH-1009,DAY,normal,0,0
4524,2026-01-30T10:09:24.884Z,2026-01-30T10:09:26.482Z,1598,FG-A,BATCH-1009,DAY,normal,0,0
4525,2026-01-30T10:09:26.482Z,2026-01-30T10:09:28.270Z,1788,FG-A,BATCH-1009,DAY,normal,0,0
4526,2026-01-30T10:09:28.270Z,2026-01-30T10:09:29.860Z,1590,FG-A,BATCH-1009,DAY,normal,0,0
4527,2026-01-30T10:09:29.860Z,2026-01-30T10:09:31.611Z,1751,FG-A,BATCH-1009,DAY,normal,0,0
4528,2026-01-30T10:09:31.611Z,2026-01-30T10:09:33.155Z,1544,FG-A,BATCH-1009,DAY,normal,0,0
4529,2026-01-30T10:09:33.155Z,2026-01-30T10:09:34.676Z,1521,FG-A,BATCH-1009,DAY,normal,0,0
4530,2026-01-30T10:09:34.676Z,2026-01-30T10:09:36.181Z,1505,FG-A,BATCH-1009,DAY,normal,0,0
4531,2026-01-30T10:09:36.181Z,2026-01-30T10:09:37.671Z,1490,FG-A,BATCH-1009,DAY,normal,0,0
4532,2026-01-30T10:09:37.671Z,2026-01-30T10:09:39.220Z,1549,FG-A,BATCH-1009,DAY,normal,0,0
4533,2026-01-30T10:09:39.220Z,2026-01-30T10:09:40.780Z,1560,FG-A,BATCH-1009,DAY,normal,0,0
4534,2026-01-30T10:09:40.780Z,2026-01-30T10:09:42.459Z,1679,FG-A,BATCH-1009,DAY,normal,0,0
4535,2026-01-30T10:09:42.459Z,2026-01-30T10:09:44.106Z,1647,FG-A,BATCH-1009,DAY,normal,0,0
4536,2026-01-30T10:09:44.106Z,2026-01-30T10:09:46.395Z,2289,FG-A,BATCH-1009,DAY,slow_cycle,0,1
4537,2026-01-30T10:09:46.395Z,2026-01-30T10:09:48.051Z,1656,FG-A,BATCH-1009,DAY,normal,0,0
4538,2026-01-30T10:09:48.051Z,2026-01-30T10:09:49.766Z,1715,FG-A,BATCH-1009,DAY,normal,0,0
4539,2026-01-30T10:09:49.766Z,2026-01-30T10:09:51.419Z,1653,FG-A,BATCH-1009,DAY,normal,0,0
4540,2026-01-30T10:09:51.419Z,2026-01-30T10:09:53.150Z,1731,FG-A,BATCH-1009,DAY,normal,0,0
4541,2026-01-30T10:09:53.150Z,2026-01-30T10:09:55.557Z,2407,FG-A,BATCH-1009,DAY,slow_cycle,0,1
4542,2026-01-30T10:09:55.557Z,2026-01-30T10:10:01.177Z,5620,FG-A,BATCH-1009,DAY,jam_recovery,1,1
4543,2026-01-30T10:10:01.177Z,2026-01-30T10:10:02.711Z,1534,FG-A,BATCH-1009,DAY,normal,0,0
4544,2026-01-30T10:10:02.711Z,2026-01-30T10:10:04.168Z,1457,FG-A,BATCH-1009,DAY,normal,0,0
4545,2026-01-30T10:10:04.168Z,2026-01-30T10:10:05.768Z,1600,FG-A,BATCH-1009,DAY,normal,0,0
4546,2026-01-30T10:10:05.768Z,2026-01-30T10:10:07.344Z,1576,FG-A,BATCH-1009,DAY,normal,0,0
4547,2026-01-30T10:10:07.344Z,2026-01-30T10:10:09.442Z,2098,FG-A,BATCH-1009,DAY,slow_cycle,0,0
4548,2026-01-30T10:10:09.442Z,2026-01-30T10:10:10.975Z,1533,FG-A,BATCH-1009,DAY,normal,0,0
4549,2026-01-30T10:10:10.975Z,2026-01-30T10:10:12.558Z,1583,FG-A,BATCH-1009,DAY,normal,0,0
4550,2026-01-30T10:10:12.558Z,2026-01-30T10:10:14.163Z,1605,FG-A,BATCH-1009,DAY,normal,0,0
4551,2026-01-30T10:10:14.163Z,2026-01-30T10:10:15.833Z,1670,FG-A,BATCH-1009,DAY,normal,0,0
4552,2026-01-30T10:10:15.833Z,2026-01-30T10:10:17.490Z,1657,FG-A,BATCH-1009,DAY,normal,0,0
4553,2026-01-30T10:10:17.490Z,2026-01-30T10:10:19.050Z,1560,FG-A,BATCH-1009,DAY,normal,0,0
4554,2026-01-30T10:10:19.050Z,2026-01-30T10:10:20.568Z,1518,FG-A,BATCH-1009,DAY,normal,0,0
4555,2026-01-30T10:10:20.568Z,2026-01-30T10:10:22.254Z,1686,FG-A,BATCH-1009,DAY,normal,0,0
4556,2026-01-30T10:10:22.254Z,2026-01-30T10:10:23.728Z,1474,FG-A,BATCH-1009,DAY,normal,0,0
4557,2026-01-30T10:10:23.728Z,2026-01-30T10:10:25.319Z,1591,FG-A,BATCH-1009,DAY,normal,0,0
4558,2026-01-30T10:10:25.319Z,2026-01-30T10:10:26.975Z,1656,FG-A,BATCH-1009,DAY,normal,0,0
4559,2026-01-30T10:10:26.975Z,2026-01-30T10:10:28.692Z,1717,FG-A,BATCH-1009,DAY,normal,0,0
4560,2026-01-30T10:10:28.692Z,2026-01-30T10:10:30.182Z,1490,FG-A,BATCH-1009,DAY,normal,0,0
4561,2026-01-30T10:10:30.182Z,2026-01-30T10:10:31.849Z,1667,FG-A,BATCH-1009,DAY,normal,0,0
4562,2026-01-30T10:10:31.849Z,2026-01-30T10:10:33.502Z,1653,FG-A,BATCH-1009,DAY,normal,0,0
4563,2026-01-30T10:10:33.502Z,2026-01-30T10:10:34.864Z,1362,FG-A,BATCH-1009,DAY,normal,0,0
4564,2026-01-30T10:10:34.864Z,2026-01-30T10:10:36.313Z,1449,FG-A,BATCH-1009,DAY,normal,0,0
4565,2026-01-30T10:10:36.313Z,2026-01-30T10:10:37.975Z,1662,FG-A,BATCH-1009,DAY,normal,0,0
4566,2026-01-30T10:10:37.975Z,2026-01-30T10:10:39.485Z,1510,FG-A,BATCH-1009,DAY,normal,0,0
4567,2026-01-30T10:10:39.485Z,2026-01-30T10:10:41.011Z,1526,FG-A,BATCH-1009,DAY,normal,0,0
4568,2026-01-30T10:10:41.011Z,2026-01-30T10:10:42.577Z,1566,FG-A,BATCH-1009,DAY,normal,0,0
4569,2026-01-30T10:10:42.577Z,2026-01-30T10:10:47.363Z,4786,FG-A,BATCH-1009,DAY,jam_recovery,0,1
4570,2026-01-30T10:10:47.363Z,2026-01-30T10:10:48.885Z,1522,FG-A,BATCH-1009,DAY,normal,0,0
4571,2026-01-30T10:10:48.885Z,2026-01-30T10:10:50.433Z,1548,FG-A,BATCH-1009,DAY,normal,0,0
4572,2026-01-30T10:10:50.433Z,2026-01-30T10:10:53.025Z,2592,FG-A,BATCH-1009,DAY,slow_cycle,0,1
4573,2026-01-30T10:10:53.025Z,2026-01-30T10:10:54.595Z,1570,FG-A,BATCH-1009,DAY,normal,0,0
4574,2026-01-30T10:10:54.595Z,2026-01-30T10:10:56.207Z,1612,FG-A,BATCH-1009,DAY,normal,0,0
4575,2026-01-30T10:10:56.207Z,2026-01-30T10:10:57.710Z,1503,FG-A,BATCH-1009,DAY,normal,0,0
4576,2026-01-30T10:10:57.710Z,2026-01-30T10:10:59.185Z,1475,FG-A,BATCH-1009,DAY,normal,0,0
4577,2026-01-30T10:10:59.185Z,2026-01-30T10:11:00.894Z,1709,FG-A,BATCH-1009,DAY,normal,0,0
4578,2026-01-30T10:11:00.894Z,2026-01-30T10:11:02.569Z,1675,FG-A,BATCH-1009,DAY,normal,0,0
4579,2026-01-30T10:11:02.569Z,2026-01-30T10:11:04.165Z,1596,FG-A,BATCH-1009,DAY,normal,0,0
4580,2026-01-30T10:11:04.165Z,2026-01-30T10:11:05.853Z,1688,FG-A,BATCH-1009,DAY,normal,0,0
4581,2026-01-30T10:11:05.853Z,2026-01-30T10:11:07.371Z,1518,FG-A,BATCH-1009,DAY,normal,0,0
4582,2026-01-30T10:11:07.371Z,2026-01-30T10:11:08.918Z,1547,FG-A,BATCH-1009,DAY,normal,0,0
4583,2026-01-30T10:11:08.918Z,2026-01-30T10:11:10.501Z,1583,FG-A,BATCH-1009,DAY,normal,0,0
4584,2026-01-30T10:11:10.501Z,2026-01-30T10:11:12.232Z,1731,FG-A,BATCH-1009,DAY,normal,0,0
4585,2026-01-30T10:11:12.232Z,2026-01-30T10:11:13.697Z,1465,FG-A,BATCH-1009,DAY,normal,0,0
4586,2026-01-30T10:11:13.697Z,2026-01-30T10:11:15.147Z,1450,FG-A,BATCH-1009,DAY,normal,0,0
4587,2026-01-30T10:11:15.147Z,2026-01-30T10:11:16.813Z,1666,FG-A,BATCH-1009,DAY,normal,0,0
4588,2026-01-30T10:11:16.813Z,2026-01-30T10:11:18.460Z,1647,FG-A,BATCH-1009,DAY,normal,0,0
4589,2026-01-30T10:11:18.460Z,2026-01-30T10:11:20.213Z,1753,FG-A,BATCH-1009,DAY,normal,0,0
4590,2026-01-30T10:11:20.213Z,2026-01-30T10:11:21.761Z,1548,FG-A,BATCH-1009,DAY,normal,0,0
4591,2026-01-30T10:11:21.761Z,2026-01-30T10:11:23.375Z,1614,FG-A,BATCH-1009,DAY,normal,0,0
4592,2026-01-30T10:11:23.375Z,2026-01-30T10:11:24.874Z,1499,FG-A,BATCH-1009,DAY,normal,0,0
4593,2026-01-30T10:11:24.874Z,2026-01-30T10:11:26.549Z,1675,FG-A,BATCH-1009,DAY,normal,0,0
4594,2026-01-30T10:11:26.549Z,2026-01-30T10:11:28.315Z,1766,FG-A,BATCH-1009,DAY,normal,0,0
4595,2026-01-30T10:11:28.315Z,2026-01-30T10:11:29.685Z,1370,FG-A,BATCH-1009,DAY,normal,0,0
4596,2026-01-30T10:11:29.685Z,2026-01-30T10:11:31.329Z,1644,FG-A,BATCH-1009,DAY,normal,0,0
4597,2026-01-30T10:11:31.329Z,2026-01-30T10:11:32.840Z,1511,FG-A,BATCH-1009,DAY,normal,0,0
4598,2026-01-30T10:11:32.840Z,2026-01-30T10:11:34.564Z,1724,FG-A,BATCH-1009,DAY,normal,0,0
4599,2026-01-30T10:11:34.564Z,2026-01-30T10:11:36.189Z,1625,FG-A,BATCH-1009,DAY,normal,0,0
4600,2026-01-30T10:11:36.189Z,2026-01-30T10:11:37.830Z,1641,FG-A,BATCH-1009,DAY,normal,0,0
4601,2026-01-30T10:11:37.830Z,2026-01-30T10:11:39.278Z,1448,FG-A,BATCH-1009,DAY,normal,0,0
4602,2026-01-30T10:11:39.278Z,2026-01-30T10:11:40.772Z,1494,FG-A,BATCH-1009,DAY,normal,0,0
4603,2026-01-30T10:11:40.772Z,2026-01-30T10:11:42.435Z,1663,FG-A,BATCH-1009,DAY,normal,0,0
4604,2026-01-30T10:11:42.435Z,2026-01-30T10:11:43.912Z,1477,FG-A,BATCH-1009,DAY,normal,0,0
4605,2026-01-30T10:11:43.912Z,2026-01-30T10:11:45.596Z,1684,FG-A,BATCH-1009,DAY,normal,0,0
4606,2026-01-30T10:11:45.596Z,2026-01-30T10:11:47.236Z,1640,FG-A,BATCH-1009,DAY,normal,0,0
4607,2026-01-30T10:11:47.236Z,2026-01-30T10:11:48.819Z,1583,FG-A,BATCH-1009,DAY,normal,0,0
4608,2026-01-30T10:11:48.819Z,2026-01-30T10:11:51.267Z,2448,FG-A,BATCH-1009,DAY,slow_cycle,0,1
4609,2026-01-30T10:11:51.267Z,2026-01-30T10:11:52.865Z,1598,FG-A,BATCH-1009,DAY,normal,0,0
4610,2026-01-30T10:11:52.865Z,2026-01-30T10:11:54.419Z,1554,FG-A,BATCH-1009,DAY,normal,0,0
4611,2026-01-30T10:11:54.419Z,2026-01-30T10:11:55.918Z,1499,FG-A,BATCH-1009,DAY,normal,0,0
4612,2026-01-30T10:11:55.918Z,2026-01-30T10:11:57.586Z,1668,FG-A,BATCH-1009,DAY,normal,0,0
4613,2026-01-30T10:11:57.586Z,2026-01-30T10:11:59.127Z,1541,FG-A,BATCH-1009,DAY,normal,0,0
4614,2026-01-30T10:11:59.127Z,2026-01-30T10:12:00.895Z,1768,FG-A,BATCH-1009,DAY,normal,0,0
4615,2026-01-30T10:12:00.895Z,2026-01-30T10:12:02.411Z,1516,FG-A,BATCH-1009,DAY,normal,0,0
4616,2026-01-30T10:12:02.411Z,2026-01-30T10:12:04.181Z,1770,FG-A,BATCH-1009,DAY,normal,0,0
4617,2026-01-30T10:12:04.181Z,2026-01-30T10:12:05.922Z,1741,FG-A,BATCH-1009,DAY,normal,0,0
4618,2026-01-30T10:12:05.922Z,2026-01-30T10:12:07.384Z,1462,FG-A,BATCH-1009,DAY,normal,0,0
4619,2026-01-30T10:12:07.384Z,2026-01-30T10:12:08.865Z,1481,FG-A,BATCH-1009,DAY,normal,0,0
4620,2026-01-30T10:12:08.865Z,2026-01-30T10:12:10.527Z,1662,FG-A,BATCH-1009,DAY,normal,0,0
4621,2026-01-30T10:12:10.527Z,2026-01-30T10:12:12.201Z,1674,FG-A,BATCH-1009,DAY,normal,0,0
4622,2026-01-30T10:12:12.201Z,2026-01-30T10:12:13.799Z,1598,FG-A,BATCH-1009,DAY,normal,0,0
4623,2026-01-30T10:12:13.799Z,2026-01-30T10:12:15.194Z,1395,FG-A,BATCH-1009,DAY,normal,0,0
4624,2026-01-30T10:12:15.194Z,2026-01-30T10:12:16.742Z,1548,FG-A,BATCH-1009,DAY,normal,0,0
4625,2026-01-30T10:12:16.742Z,2026-01-30T10:12:18.352Z,1610,FG-A,BATCH-1009,DAY,normal,0,0
4626,2026-01-30T10:12:18.352Z,2026-01-30T10:12:19.809Z,1457,FG-A,BATCH-1009,DAY,normal,0,0
4627,2026-01-30T10:12:19.809Z,2026-01-30T10:12:21.183Z,1374,FG-A,BATCH-1009,DAY,normal,0,0
4628,2026-01-30T10:12:21.183Z,2026-01-30T10:12:22.789Z,1606,FG-A,BATCH-1009,DAY,normal,0,0
4629,2026-01-30T10:12:22.789Z,2026-01-30T10:12:24.457Z,1668,FG-A,BATCH-1009,DAY,normal,0,0
4630,2026-01-30T10:12:24.457Z,2026-01-30T10:12:25.872Z,1415,FG-A,BATCH-1009,DAY,normal,0,0
4631,2026-01-30T10:12:25.872Z,2026-01-30T10:12:27.397Z,1525,FG-A,BATCH-1009,DAY,normal,0,0
4632,2026-01-30T10:12:27.397Z,2026-01-30T10:12:29.002Z,1605,FG-A,BATCH-1009,DAY,normal,0,0
4633,2026-01-30T10:12:29.002Z,2026-01-30T10:12:30.634Z,1632,FG-A,BATCH-1009,DAY,normal,0,0
4634,2026-01-30T10:12:30.634Z,2026-01-30T10:12:32.295Z,1661,FG-A,BATCH-1009,DAY,normal,0,0
4635,2026-01-30T10:12:32.295Z,2026-01-30T10:12:33.895Z,1600,FG-A,BATCH-1009,DAY,normal,0,0
4636,2026-01-30T10:12:33.895Z,2026-01-30T10:12:35.542Z,1647,FG-A,BATCH-1009,DAY,normal,0,0
4637,2026-01-30T10:12:35.542Z,2026-01-30T10:12:37.177Z,1635,FG-A,BATCH-1009,DAY,normal,0,0
4638,2026-01-30T10:12:37.177Z,2026-01-30T10:12:38.873Z,1696,FG-A,BATCH-1009,DAY,normal,0,0
4639,2026-01-30T10:12:38.873Z,2026-01-30T10:12:40.344Z,1471,FG-A,BATCH-1009,DAY,normal,0,0
4640,2026-01-30T10:12:40.344Z,2026-01-30T10:12:42.003Z,1659,FG-A,BATCH-1009,DAY,normal,0,0
4641,2026-01-30T10:12:42.003Z,2026-01-30T10:12:43.691Z,1688,FG-A,BATCH-1009,DAY,normal,0,0
4642,2026-01-30T10:12:43.691Z,2026-01-30T10:12:45.117Z,1426,FG-A,BATCH-1009,DAY,normal,0,0
4643,2026-01-30T10:12:45.117Z,2026-01-30T10:12:46.908Z,1791,FG-A,BATCH-1009,DAY,normal,0,0
4644,2026-01-30T10:12:46.908Z,2026-01-30T10:12:48.515Z,1607,FG-A,BATCH-1009,DAY,normal,0,0
4645,2026-01-30T10:12:48.515Z,2026-01-30T10:12:50.051Z,1536,FG-A,BATCH-1009,DAY,normal,0,0
4646,2026-01-30T10:12:50.051Z,2026-01-30T10:12:51.579Z,1528,FG-A,BATCH-1009,DAY,normal,0,0
4647,2026-01-30T10:12:51.579Z,2026-01-30T10:12:53.355Z,1776,FG-A,BATCH-1009,DAY,normal,0,0
4648,2026-01-30T10:12:53.355Z,2026-01-30T10:12:55.063Z,1708,FG-A,BATCH-1009,DAY,normal,0,0
4649,2026-01-30T10:12:55.063Z,2026-01-30T10:12:56.549Z,1486,FG-A,BATCH-1009,DAY,normal,0,0
4650,2026-01-30T10:12:56.549Z,2026-01-30T10:12:58.154Z,1605,FG-A,BATCH-1009,DAY,normal,0,0
4651,2026-01-30T10:12:58.154Z,2026-01-30T10:12:59.771Z,1617,FG-A,BATCH-1009,DAY,normal,0,0
4652,2026-01-30T10:12:59.771Z,2026-01-30T10:13:01.346Z,1575,FG-A,BATCH-1009,DAY,normal,0,0
4653,2026-01-30T10:13:01.346Z,2026-01-30T10:13:03.159Z,1813,FG-A,BATCH-1009,DAY,normal,0,0
4654,2026-01-30T10:13:03.159Z,2026-01-30T10:13:04.821Z,1662,FG-A,BATCH-1009,DAY,normal,0,0
4655,2026-01-30T10:13:04.821Z,2026-01-30T10:13:06.282Z,1461,FG-A,BATCH-1009,DAY,fast_cycle,0,0
4656,2026-01-30T10:13:06.282Z,2026-01-30T10:13:07.991Z,1709,FG-A,BATCH-1009,DAY,normal,0,0
4657,2026-01-30T10:13:07.991Z,2026-01-30T10:13:09.667Z,1676,FG-A,BATCH-1009,DAY,normal,0,0
4658,2026-01-30T10:13:09.667Z,2026-01-30T10:13:11.237Z,1570,FG-A,BATCH-1009,DAY,normal,0,0
4659,2026-01-30T10:13:11.237Z,2026-01-30T10:13:12.927Z,1690,FG-A,BATCH-1009,DAY,normal,0,0
4660,2026-01-30T10:13:12.927Z,2026-01-30T10:13:14.423Z,1496,FG-A,BATCH-1009,DAY,normal,0,0
4661,2026-01-30T10:13:14.423Z,2026-01-30T10:13:16.024Z,1601,FG-A,BATCH-1009,DAY,normal,0,0
4662,2026-01-30T10:13:16.024Z,2026-01-30T10:13:17.500Z,1476,FG-A,BATCH-1009,DAY,fast_cycle,0,0
4663,2026-01-30T10:13:17.500Z,2026-01-30T10:13:19.080Z,1580,FG-A,BATCH-1009,DAY,normal,0,0
4664,2026-01-30T10:13:19.080Z,2026-01-30T10:13:20.717Z,1637,FG-A,BATCH-1009,DAY,normal,0,0
4665,2026-01-30T10:13:20.717Z,2026-01-30T10:13:22.332Z,1615,FG-A,BATCH-1009,DAY,normal,0,0
4666,2026-01-30T10:13:22.332Z,2026-01-30T10:13:23.909Z,1577,FG-A,BATCH-1009,DAY,normal,0,0
4667,2026-01-30T10:13:23.909Z,2026-01-30T10:13:25.414Z,1505,FG-A,BATCH-1009,DAY,normal,0,0
4668,2026-01-30T10:13:25.414Z,2026-01-30T10:13:27.066Z,1652,FG-A,BATCH-1009,DAY,normal,0,0
4669,2026-01-30T10:13:27.066Z,2026-01-30T10:13:28.612Z,1546,FG-A,BATCH-1009,DAY,normal,0,0
4670,2026-01-30T10:13:28.612Z,2026-01-30T10:13:30.165Z,1553,FG-A,BATCH-1009,DAY,normal,0,0
4671,2026-01-30T10:13:30.165Z,2026-01-30T10:13:31.827Z,1662,FG-A,BATCH-1009,DAY,normal,0,0
4672,2026-01-30T10:13:31.827Z,2026-01-30T10:13:33.518Z,1691,FG-A,BATCH-1009,DAY,normal,0,0
4673,2026-01-30T10:13:33.518Z,2026-01-30T10:13:35.179Z,1661,FG-A,BATCH-1009,DAY,normal,0,0
4674,2026-01-30T10:13:35.179Z,2026-01-30T10:13:36.707Z,1528,FG-A,BATCH-1009,DAY,normal,0,0
4675,2026-01-30T10:13:36.707Z,2026-01-30T10:13:38.500Z,1793,FG-A,BATCH-1009,DAY,normal,0,0
4676,2026-01-30T10:13:38.500Z,2026-01-30T10:13:40.154Z,1654,FG-A,BATCH-1009,DAY,normal,0,0
4677,2026-01-30T10:13:40.154Z,2026-01-30T10:13:41.778Z,1624,FG-A,BATCH-1009,DAY,normal,0,0
4678,2026-01-30T10:13:41.778Z,2026-01-30T10:13:43.484Z,1706,FG-A,BATCH-1009,DAY,normal,0,0
4679,2026-01-30T10:13:43.484Z,2026-01-30T10:13:45.091Z,1607,FG-A,BATCH-1009,DAY,normal,0,0
4680,2026-01-30T10:13:45.091Z,2026-01-30T10:13:46.686Z,1595,FG-A,BATCH-1009,DAY,normal,0,0
4681,2026-01-30T10:13:46.686Z,2026-01-30T10:13:48.322Z,1636,FG-A,BATCH-1009,DAY,normal,0,0
4682,2026-01-30T10:13:48.322Z,2026-01-30T10:13:49.712Z,1390,FG-A,BATCH-1009,DAY,normal,0,0
4683,2026-01-30T10:13:49.712Z,2026-01-30T10:13:51.171Z,1459,FG-A,BATCH-1009,DAY,normal,0,0
4684,2026-01-30T10:13:51.171Z,2026-01-30T10:13:52.771Z,1600,FG-A,BATCH-1009,DAY,normal,0,0
4685,2026-01-30T10:13:52.771Z,2026-01-30T10:13:54.416Z,1645,FG-A,BATCH-1009,DAY,normal,0,0
4686,2026-01-30T10:13:54.416Z,2026-01-30T10:13:56.195Z,1779,FG-A,BATCH-1009,DAY,normal,0,0
4687,2026-01-30T10:13:56.195Z,2026-01-30T10:13:57.783Z,1588,FG-A,BATCH-1009,DAY,normal,0,0
4688,2026-01-30T10:13:57.783Z,2026-01-30T10:13:59.408Z,1625,FG-A,BATCH-1009,DAY,normal,0,0
4689,2026-01-30T10:13:59.408Z,2026-01-30T10:14:01.041Z,1633,FG-A,BATCH-1009,DAY,normal,0,0
4690,2026-01-30T10:14:01.041Z,2026-01-30T10:14:02.492Z,1451,FG-A,BATCH-1009,DAY,normal,0,0
4691,2026-01-30T10:14:02.492Z,2026-01-30T10:14:04.137Z,1645,FG-A,BATCH-1009,DAY,normal,0,0
4692,2026-01-30T10:14:04.137Z,2026-01-30T10:14:06.769Z,2632,FG-A,BATCH-1009,DAY,slow_cycle,0,1
4693,2026-01-30T10:14:06.769Z,2026-01-30T10:14:08.376Z,1607,FG-A,BATCH-1009,DAY,normal,0,0
4694,2026-01-30T10:14:08.376Z,2026-01-30T10:14:10.103Z,1727,FG-A,BATCH-1009,DAY,normal,0,0
4695,2026-01-30T10:14:10.103Z,2026-01-30T10:14:11.599Z,1496,FG-A,BATCH-1009,DAY,normal,0,0
4696,2026-01-30T10:14:11.599Z,2026-01-30T10:14:13.160Z,1561,FG-A,BATCH-1009,DAY,normal,0,0
4697,2026-01-30T10:14:13.160Z,2026-01-30T10:14:14.733Z,1573,FG-A,BATCH-1009,DAY,normal,0,0
4698,2026-01-30T10:14:14.733Z,2026-01-30T10:14:16.594Z,1861,FG-A,BATCH-1009,DAY,normal,0,0
4699,2026-01-30T10:14:16.594Z,2026-01-30T10:14:18.228Z,1634,FG-A,BATCH-1009,DAY,normal,0,0
4700,2026-01-30T10:14:18.228Z,2026-01-30T10:14:19.898Z,1670,FG-A,BATCH-1009,DAY,normal,0,0
4701,2026-01-30T10:14:19.898Z,2026-01-30T10:14:21.585Z,1687,FG-A,BATCH-1009,DAY,normal,0,0
4702,2026-01-30T10:14:21.585Z,2026-01-30T10:14:23.274Z,1689,FG-A,BATCH-1009,DAY,normal,0,0
4703,2026-01-30T10:14:23.274Z,2026-01-30T10:14:24.859Z,1585,FG-A,BATCH-1009,DAY,normal,0,0
4704,2026-01-30T10:14:24.859Z,2026-01-30T10:14:26.589Z,1730,FG-A,BATCH-1009,DAY,normal,0,0
4705,2026-01-30T10:14:26.589Z,2026-01-30T10:14:28.151Z,1562,FG-A,BATCH-1009,DAY,normal,0,0
4706,2026-01-30T10:14:28.151Z,2026-01-30T10:14:29.663Z,1512,FG-A,BATCH-1009,DAY,normal,0,0
4707,2026-01-30T10:14:29.663Z,2026-01-30T10:14:31.080Z,1417,FG-A,BATCH-1009,DAY,normal,0,0
4708,2026-01-30T10:14:31.080Z,2026-01-30T10:14:32.607Z,1527,FG-A,BATCH-1009,DAY,normal,0,0
4709,2026-01-30T10:14:32.607Z,2026-01-30T10:14:34.195Z,1588,FG-A,BATCH-1009,DAY,normal,0,0
4710,2026-01-30T10:14:34.195Z,2026-01-30T10:14:35.719Z,1524,FG-A,BATCH-1009,DAY,normal,0,0
4711,2026-01-30T10:14:35.719Z,2026-01-30T10:14:37.382Z,1663,FG-A,BATCH-1009,DAY,normal,0,0
4712,2026-01-30T10:14:37.382Z,2026-01-30T10:14:39.094Z,1712,FG-A,BATCH-1009,DAY,normal,0,0
4713,2026-01-30T10:14:39.094Z,2026-01-30T10:14:40.724Z,1630,FG-A,BATCH-1009,DAY,normal,0,0
4714,2026-01-30T10:14:40.724Z,2026-01-30T10:14:42.229Z,1505,FG-A,BATCH-1009,DAY,normal,0,0
4715,2026-01-30T10:14:42.229Z,2026-01-30T10:14:43.873Z,1644,FG-A,BATCH-1009,DAY,normal,0,0
4716,2026-01-30T10:14:43.873Z,2026-01-30T10:14:45.414Z,1541,FG-A,BATCH-1009,DAY,normal,0,0
4717,2026-01-30T10:14:45.414Z,2026-01-30T10:14:47.259Z,1845,FG-A,BATCH-1009,DAY,normal,0,0
4718,2026-01-30T10:14:47.259Z,2026-01-30T10:14:48.807Z,1548,FG-A,BATCH-1009,DAY,normal,0,0
4719,2026-01-30T10:14:48.807Z,2026-01-30T10:14:50.420Z,1613,FG-A,BATCH-1009,DAY,normal,0,0
4720,2026-01-30T10:14:50.420Z,2026-01-30T10:14:51.980Z,1560,FG-A,BATCH-1009,DAY,normal,0,0
4721,2026-01-30T10:14:51.980Z,2026-01-30T10:14:53.512Z,1532,FG-A,BATCH-1009,DAY,normal,0,0
4722,2026-01-30T10:14:53.512Z,2026-01-30T10:14:55.141Z,1629,FG-A,BATCH-1009,DAY,normal,0,0
4723,2026-01-30T10:14:55.141Z,2026-01-30T10:14:56.745Z,1604,FG-A,BATCH-1009,DAY,normal,0,0
4724,2026-01-30T10:14:56.745Z,2026-01-30T10:14:58.423Z,1678,FG-A,BATCH-1009,DAY,normal,0,0
4725,2026-01-30T10:14:58.423Z,2026-01-30T10:15:00.051Z,1628,FG-A,BATCH-1009,DAY,normal,0,0
4726,2026-01-30T10:15:00.051Z,2026-01-30T10:15:01.725Z,1674,FG-A,BATCH-1009,DAY,normal,0,0
4727,2026-01-30T10:15:01.725Z,2026-01-30T10:15:03.327Z,1602,FG-A,BATCH-1009,DAY,normal,0,0
4728,2026-01-30T10:15:03.327Z,2026-01-30T10:15:05.018Z,1691,FG-A,BATCH-1009,DAY,normal,0,0
4729,2026-01-30T10:15:05.018Z,2026-01-30T10:15:06.511Z,1493,FG-A,BATCH-1009,DAY,normal,0,0
4730,2026-01-30T10:15:06.511Z,2026-01-30T10:15:08.178Z,1667,FG-A,BATCH-1009,DAY,normal,0,0
4731,2026-01-30T10:15:08.178Z,2026-01-30T10:15:09.819Z,1641,FG-A,BATCH-1009,DAY,normal,0,0
4732,2026-01-30T10:15:09.819Z,2026-01-30T10:15:11.388Z,1569,FG-A,BATCH-1009,DAY,normal,0,0
4733,2026-01-30T10:15:11.388Z,2026-01-30T10:15:12.970Z,1582,FG-A,BATCH-1009,DAY,normal,0,0
4734,2026-01-30T10:15:12.970Z,2026-01-30T10:15:14.466Z,1496,FG-A,BATCH-1009,DAY,normal,0,0
4735,2026-01-30T10:15:14.466Z,2026-01-30T10:15:16.206Z,1740,FG-A,BATCH-1009,DAY,normal,0,0
4736,2026-01-30T10:15:16.206Z,2026-01-30T10:15:17.851Z,1645,FG-A,BATCH-1009,DAY,normal,0,0
4737,2026-01-30T10:15:17.851Z,2026-01-30T10:15:19.445Z,1594,FG-A,BATCH-1009,DAY,normal,0,0
4738,2026-01-30T10:15:19.445Z,2026-01-30T10:15:21.002Z,1557,FG-A,BATCH-1009,DAY,normal,0,0
4739,2026-01-30T10:15:21.002Z,2026-01-30T10:15:22.718Z,1716,FG-A,BATCH-1009,DAY,normal,0,0
4740,2026-01-30T10:15:22.718Z,2026-01-30T10:15:24.194Z,1476,FG-A,BATCH-1009,DAY,normal,0,0
4741,2026-01-30T10:15:24.194Z,2026-01-30T10:15:25.729Z,1535,FG-A,BATCH-1009,DAY,normal,0,0
4742,2026-01-30T10:15:25.729Z,2026-01-30T10:15:27.256Z,1527,FG-A,BATCH-1009,DAY,normal,0,0
4743,2026-01-30T10:15:27.256Z,2026-01-30T10:15:28.832Z,1576,FG-A,BATCH-1009,DAY,normal,0,0
4744,2026-01-30T10:15:28.832Z,2026-01-30T10:15:30.352Z,1520,FG-A,BATCH-1009,DAY,normal,0,0
4745,2026-01-30T10:15:30.352Z,2026-01-30T10:15:31.869Z,1517,FG-A,BATCH-1009,DAY,normal,0,0
4746,2026-01-30T10:15:31.869Z,2026-01-30T10:15:33.424Z,1555,FG-A,BATCH-1009,DAY,normal,0,0
4747,2026-01-30T10:15:33.424Z,2026-01-30T10:15:35.047Z,1623,FG-A,BATCH-1009,DAY,normal,0,0
4748,2026-01-30T10:15:35.047Z,2026-01-30T10:15:36.788Z,1741,FG-A,BATCH-1009,DAY,normal,0,0
4749,2026-01-30T10:15:36.788Z,2026-01-30T10:15:38.332Z,1544,FG-A,BATCH-1009,DAY,normal,0,0
4750,2026-01-30T10:15:38.332Z,2026-01-30T10:15:41.220Z,2888,FG-A,BATCH-1009,DAY,slow_cycle,0,1
4751,2026-01-30T10:15:41.220Z,2026-01-30T10:15:42.870Z,1650,FG-A,BATCH-1009,DAY,normal,0,0
4752,2026-01-30T10:15:42.870Z,2026-01-30T10:15:44.333Z,1463,FG-A,BATCH-1009,DAY,normal,0,0
4753,2026-01-30T10:15:44.333Z,2026-01-30T10:15:46.013Z,1680,FG-A,BATCH-1009,DAY,normal,0,0
4754,2026-01-30T10:15:46.013Z,2026-01-30T10:15:47.622Z,1609,FG-A,BATCH-1009,DAY,normal,0,0
4755,2026-01-30T10:15:47.622Z,2026-01-30T10:15:49.339Z,1717,FG-A,BATCH-1009,DAY,normal,0,0
4756,2026-01-30T10:15:49.339Z,2026-01-30T10:15:50.870Z,1531,FG-A,BATCH-1009,DAY,normal,0,0
4757,2026-01-30T10:15:50.870Z,2026-01-30T10:15:52.442Z,1572,FG-A,BATCH-1009,DAY,normal,0,0
4758,2026-01-30T10:15:52.442Z,2026-01-30T10:15:54.037Z,1595,FG-A,BATCH-1009,DAY,normal,0,0
4759,2026-01-30T10:15:54.037Z,2026-01-30T10:15:55.647Z,1610,FG-A,BATCH-1009,DAY,normal,0,0
4760,2026-01-30T10:15:55.647Z,2026-01-30T10:15:56.899Z,1252,FG-A,BATCH-1009,DAY,fast_cycle,0,0
4761,2026-01-30T10:15:56.899Z,2026-01-30T10:15:58.511Z,1612,FG-A,BATCH-1009,DAY,normal,0,0
4762,2026-01-30T10:15:58.511Z,2026-01-30T10:16:00.094Z,1583,FG-A,BATCH-1009,DAY,normal,0,0
4763,2026-01-30T10:16:00.094Z,2026-01-30T10:16:01.735Z,1641,FG-A,BATCH-1009,DAY,normal,0,0
4764,2026-01-30T10:16:01.735Z,2026-01-30T10:16:03.323Z,1588,FG-A,BATCH-1009,DAY,normal,0,0
4765,2026-01-30T10:16:03.323Z,2026-01-30T10:16:04.957Z,1634,FG-A,BATCH-1009,DAY,normal,0,0
4766,2026-01-30T10:16:04.957Z,2026-01-30T10:16:06.559Z,1602,FG-A,BATCH-1009,DAY,normal,0,0
4767,2026-01-30T10:16:06.559Z,2026-01-30T10:16:08.132Z,1573,FG-A,BATCH-1009,DAY,normal,0,0
4768,2026-01-30T10:16:08.132Z,2026-01-30T10:16:09.730Z,1598,FG-A,BATCH-1009,DAY,normal,0,0
4769,2026-01-30T10:16:09.730Z,2026-01-30T10:16:11.224Z,1494,FG-A,BATCH-1009,DAY,normal,0,0
4770,2026-01-30T10:16:11.224Z,2026-01-30T10:16:12.877Z,1653,FG-A,BATCH-1009,DAY,normal,0,0
4771,2026-01-30T10:16:12.877Z,2026-01-30T10:16:14.417Z,1540,FG-A,BATCH-1009,DAY,normal,0,0
4772,2026-01-30T10:16:14.417Z,2026-01-30T10:16:16.131Z,1714,FG-A,BATCH-1009,DAY,normal,0,0
4773,2026-01-30T10:16:16.131Z,2026-01-30T10:16:17.740Z,1609,FG-A,BATCH-1009,DAY,normal,0,0
4774,2026-01-30T10:16:17.740Z,2026-01-30T10:16:19.474Z,1734,FG-A,BATCH-1009,DAY,normal,0,0
4775,2026-01-30T10:16:19.474Z,2026-01-30T10:16:21.079Z,1605,FG-A,BATCH-1009,DAY,normal,0,0
4776,2026-01-30T10:16:21.079Z,2026-01-30T10:16:22.714Z,1635,FG-A,BATCH-1009,DAY,normal,0,0
4777,2026-01-30T10:16:22.714Z,2026-01-30T10:16:24.422Z,1708,FG-A,BATCH-1009,DAY,normal,0,0
4778,2026-01-30T10:16:24.422Z,2026-01-30T10:16:26.073Z,1651,FG-A,BATCH-1009,DAY,normal,0,0
4779,2026-01-30T10:16:26.073Z,2026-01-30T10:16:27.695Z,1622,FG-A,BATCH-1009,DAY,normal,0,0
4780,2026-01-30T10:16:27.695Z,2026-01-30T10:16:29.378Z,1683,FG-A,BATCH-1009,DAY,normal,0,0
4781,2026-01-30T10:16:29.378Z,2026-01-30T10:16:30.818Z,1440,FG-A,BATCH-1009,DAY,normal,0,0
4782,2026-01-30T10:16:30.818Z,2026-01-30T10:16:32.345Z,1527,FG-A,BATCH-1009,DAY,normal,0,0
4783,2026-01-30T10:16:32.345Z,2026-01-30T10:16:33.779Z,1434,FG-A,BATCH-1009,DAY,normal,0,0
4784,2026-01-30T10:16:33.779Z,2026-01-30T10:16:35.345Z,1566,FG-A,BATCH-1009,DAY,normal,0,0
4785,2026-01-30T10:16:35.345Z,2026-01-30T10:16:36.905Z,1560,FG-A,BATCH-1009,DAY,normal,0,0
4786,2026-01-30T10:16:36.905Z,2026-01-30T10:16:38.585Z,1680,FG-A,BATCH-1009,DAY,normal,0,0
4787,2026-01-30T10:16:38.585Z,2026-01-30T10:16:40.328Z,1743,FG-A,BATCH-1009,DAY,normal,0,0
4788,2026-01-30T10:16:40.328Z,2026-01-30T10:16:41.899Z,1571,FG-A,BATCH-1009,DAY,normal,0,0
4789,2026-01-30T10:16:41.899Z,2026-01-30T10:16:43.641Z,1742,FG-A,BATCH-1009,DAY,normal,0,0
4790,2026-01-30T10:16:43.641Z,2026-01-30T10:16:45.200Z,1559,FG-A,BATCH-1009,DAY,normal,0,0
4791,2026-01-30T10:16:45.200Z,2026-01-30T10:16:46.724Z,1524,FG-A,BATCH-1009,DAY,normal,0,0
4792,2026-01-30T10:16:46.724Z,2026-01-30T10:16:49.492Z,2768,FG-A,BATCH-1009,DAY,slow_cycle,0,1
4793,2026-01-30T10:16:49.492Z,2026-01-30T10:16:51.148Z,1656,FG-A,BATCH-1009,DAY,normal,0,0
4794,2026-01-30T10:16:51.148Z,2026-01-30T10:16:52.834Z,1686,FG-A,BATCH-1009,DAY,normal,0,0
4795,2026-01-30T10:16:52.834Z,2026-01-30T10:16:54.446Z,1612,FG-A,BATCH-1009,DAY,normal,0,0
4796,2026-01-30T10:16:54.446Z,2026-01-30T10:16:56.032Z,1586,FG-A,BATCH-1009,DAY,normal,0,0
4797,2026-01-30T10:16:56.032Z,2026-01-30T10:16:57.619Z,1587,FG-A,BATCH-1009,DAY,normal,0,0
4798,2026-01-30T10:16:57.619Z,2026-01-30T10:16:59.076Z,1457,FG-A,BATCH-1009,DAY,normal,0,0
4799,2026-01-30T10:16:59.076Z,2026-01-30T10:17:00.713Z,1637,FG-A,BATCH-1009,DAY,normal,0,0
4800,2026-01-30T10:17:00.713Z,2026-01-30T10:17:02.202Z,1489,FG-A,BATCH-1009,DAY,normal,0,0
4801,2026-01-30T10:17:02.202Z,2026-01-30T10:17:03.954Z,1752,FG-A,BATCH-1009,DAY,normal,0,0
4802,2026-01-30T10:17:03.954Z,2026-01-30T10:17:05.535Z,1581,FG-A,BATCH-1009,DAY,normal,0,0
4803,2026-01-30T10:17:05.535Z,2026-01-30T10:17:07.051Z,1516,FG-A,BATCH-1009,DAY,normal,0,0
4804,2026-01-30T10:17:07.051Z,2026-01-30T10:17:08.567Z,1516,FG-A,BATCH-1009,DAY,normal,0,0
4805,2026-01-30T10:17:08.567Z,2026-01-30T10:17:10.295Z,1728,FG-A,BATCH-1009,DAY,normal,0,0
4806,2026-01-30T10:17:10.295Z,2026-01-30T10:17:11.919Z,1624,FG-A,BATCH-1009,DAY,normal,0,0
4807,2026-01-30T10:17:11.919Z,2026-01-30T10:17:13.451Z,1532,FG-A,BATCH-1009,DAY,normal,0,0
4808,2026-01-30T10:17:13.451Z,2026-01-30T10:17:14.892Z,1441,FG-A,BATCH-1009,DAY,normal,0,0
4809,2026-01-30T10:17:14.892Z,2026-01-30T10:17:16.630Z,1738,FG-A,BATCH-1009,DAY,normal,0,0
4810,2026-01-30T10:17:16.630Z,2026-01-30T10:17:18.100Z,1470,FG-A,BATCH-1009,DAY,normal,0,0
4811,2026-01-30T10:17:18.100Z,2026-01-30T10:17:19.732Z,1632,FG-A,BATCH-1009,DAY,normal,0,0
4812,2026-01-30T10:17:19.732Z,2026-01-30T10:17:21.357Z,1625,FG-A,BATCH-1009,DAY,normal,0,0
4813,2026-01-30T10:17:21.357Z,2026-01-30T10:17:22.850Z,1493,FG-A,BATCH-1009,DAY,normal,0,0
4814,2026-01-30T10:17:22.850Z,2026-01-30T10:17:24.542Z,1692,FG-A,BATCH-1009,DAY,normal,0,0
4815,2026-01-30T10:17:24.542Z,2026-01-30T10:17:26.125Z,1583,FG-A,BATCH-1009,DAY,normal,0,0
4816,2026-01-30T10:17:26.125Z,2026-01-30T10:17:27.911Z,1786,FG-A,BATCH-1009,DAY,normal,0,0
4817,2026-01-30T10:17:27.911Z,2026-01-30T10:17:29.570Z,1659,FG-A,BATCH-1009,DAY,normal,0,0
4818,2026-01-30T10:17:29.570Z,2026-01-30T10:17:31.351Z,1781,FG-A,BATCH-1009,DAY,normal,0,0
4819,2026-01-30T10:17:31.351Z,2026-01-30T10:17:33.096Z,1745,FG-A,BATCH-1009,DAY,normal,0,0
4820,2026-01-30T10:17:33.096Z,2026-01-30T10:17:34.875Z,1779,FG-A,BATCH-1009,DAY,normal,0,0
4821,2026-01-30T10:17:34.875Z,2026-01-30T10:17:36.462Z,1587,FG-A,BATCH-1009,DAY,normal,0,0
4822,2026-01-30T10:17:36.462Z,2026-01-30T10:17:38.117Z,1655,FG-A,BATCH-1009,DAY,normal,0,0
4823,2026-01-30T10:17:38.117Z,2026-01-30T10:17:39.690Z,1573,FG-A,BATCH-1009,DAY,normal,0,0
4824,2026-01-30T10:17:39.690Z,2026-01-30T10:17:41.267Z,1577,FG-A,BATCH-1009,DAY,normal,0,0
4825,2026-01-30T10:17:41.267Z,2026-01-30T10:17:42.891Z,1624,FG-A,BATCH-1009,DAY,normal,0,0
4826,2026-01-30T10:17:42.891Z,2026-01-30T10:17:44.520Z,1629,FG-A,BATCH-1009,DAY,normal,0,0
4827,2026-01-30T10:17:44.520Z,2026-01-30T10:17:46.097Z,1577,FG-A,BATCH-1009,DAY,normal,0,0
4828,2026-01-30T10:17:46.097Z,2026-01-30T10:17:47.821Z,1724,FG-A,BATCH-1009,DAY,normal,0,0
4829,2026-01-30T10:17:47.821Z,2026-01-30T10:17:49.247Z,1426,FG-A,BATCH-1009,DAY,normal,0,0
4830,2026-01-30T10:17:49.247Z,2026-01-30T10:17:50.650Z,1403,FG-A,BATCH-1009,DAY,normal,0,0
4831,2026-01-30T10:17:50.650Z,2026-01-30T10:17:52.456Z,1806,FG-A,BATCH-1009,DAY,normal,0,0
4832,2026-01-30T10:17:52.456Z,2026-01-30T10:17:54.062Z,1606,FG-A,BATCH-1009,DAY,normal,0,0
4833,2026-01-30T10:17:54.062Z,2026-01-30T10:17:55.772Z,1710,FG-A,BATCH-1009,DAY,normal,0,0
4834,2026-01-30T10:17:55.772Z,2026-01-30T10:17:57.472Z,1700,FG-A,BATCH-1009,DAY,normal,0,0
4835,2026-01-30T10:17:57.472Z,2026-01-30T10:17:59.228Z,1756,FG-A,BATCH-1009,DAY,normal,0,0
4836,2026-01-30T10:17:59.228Z,2026-01-30T10:18:00.720Z,1492,FG-A,BATCH-1009,DAY,normal,0,0
4837,2026-01-30T10:18:00.720Z,2026-01-30T10:18:02.262Z,1542,FG-A,BATCH-1009,DAY,normal,0,0
4838,2026-01-30T10:18:02.262Z,2026-01-30T10:18:03.944Z,1682,FG-A,BATCH-1009,DAY,normal,0,0
4839,2026-01-30T10:18:03.944Z,2026-01-30T10:18:05.366Z,1422,FG-A,BATCH-1009,DAY,normal,0,0
4840,2026-01-30T10:18:05.366Z,2026-01-30T10:18:06.939Z,1573,FG-A,BATCH-1009,DAY,normal,0,0
4841,2026-01-30T10:18:06.939Z,2026-01-30T10:18:08.537Z,1598,FG-A,BATCH-1009,DAY,normal,0,0
4842,2026-01-30T10:18:08.537Z,2026-01-30T10:18:10.261Z,1724,FG-A,BATCH-1009,DAY,normal,0,0
4843,2026-01-30T10:18:10.261Z,2026-01-30T10:18:11.797Z,1536,FG-A,BATCH-1009,DAY,normal,0,0
4844,2026-01-30T10:18:11.797Z,2026-01-30T10:18:13.308Z,1511,FG-A,BATCH-1009,DAY,normal,0,0
4845,2026-01-30T10:18:13.308Z,2026-01-30T10:18:14.871Z,1563,FG-A,BATCH-1009,DAY,normal,0,0
4846,2026-01-30T10:18:14.871Z,2026-01-30T10:18:16.431Z,1560,FG-A,BATCH-1009,DAY,normal,0,0
4847,2026-01-30T10:18:16.431Z,2026-01-30T10:18:18.021Z,1590,FG-A,BATCH-1009,DAY,normal,0,0
4848,2026-01-30T10:18:18.021Z,2026-01-30T10:18:19.604Z,1583,FG-A,BATCH-1009,DAY,normal,0,0
4849,2026-01-30T10:18:19.604Z,2026-01-30T10:18:21.238Z,1634,FG-A,BATCH-1009,DAY,normal,0,0
4850,2026-01-30T10:18:21.238Z,2026-01-30T10:18:22.833Z,1595,FG-A,BATCH-1009,DAY,normal,0,0
4851,2026-01-30T10:18:22.833Z,2026-01-30T10:18:24.487Z,1654,FG-A,BATCH-1009,DAY,normal,0,0
4852,2026-01-30T10:18:24.487Z,2026-01-30T10:18:26.063Z,1576,FG-A,BATCH-1009,DAY,normal,0,0
4853,2026-01-30T10:18:26.063Z,2026-01-30T10:18:27.731Z,1668,FG-A,BATCH-1009,DAY,normal,0,0
4854,2026-01-30T10:18:27.731Z,2026-01-30T10:18:29.339Z,1608,FG-A,BATCH-1009,DAY,normal,0,0
4855,2026-01-30T10:18:29.339Z,2026-01-30T10:18:31.096Z,1757,FG-A,BATCH-1009,DAY,normal,0,0
4856,2026-01-30T10:18:31.096Z,2026-01-30T10:18:32.742Z,1646,FG-A,BATCH-1009,DAY,normal,0,0
4857,2026-01-30T10:18:32.742Z,2026-01-30T10:18:34.344Z,1602,FG-A,BATCH-1009,DAY,normal,0,0
4858,2026-01-30T10:18:34.344Z,2026-01-30T10:18:36.055Z,1711,FG-A,BATCH-1009,DAY,normal,0,0
4859,2026-01-30T10:18:36.055Z,2026-01-30T10:18:37.319Z,1264,FG-A,BATCH-1009,DAY,fast_cycle,0,0
4860,2026-01-30T10:18:37.319Z,2026-01-30T10:18:39.011Z,1692,FG-A,BATCH-1009,DAY,normal,0,0
4861,2026-01-30T10:18:39.011Z,2026-01-30T10:18:40.689Z,1678,FG-A,BATCH-1009,DAY,normal,0,0
4862,2026-01-30T10:18:40.689Z,2026-01-30T10:18:42.383Z,1694,FG-A,BATCH-1009,DAY,normal,0,0
4863,2026-01-30T10:18:42.383Z,2026-01-30T10:18:44.009Z,1626,FG-A,BATCH-1009,DAY,normal,0,0
4864,2026-01-30T10:18:44.009Z,2026-01-30T10:18:45.623Z,1614,FG-A,BATCH-1009,DAY,normal,0,0
4865,2026-01-30T10:18:45.623Z,2026-01-30T10:18:47.181Z,1558,FG-A,BATCH-1009,DAY,normal,0,0
4866,2026-01-30T10:18:47.181Z,2026-01-30T10:18:48.915Z,1734,FG-A,BATCH-1009,DAY,normal,0,0
4867,2026-01-30T10:18:48.915Z,2026-01-30T10:18:50.460Z,1545,FG-A,BATCH-1009,DAY,normal,0,0
4868,2026-01-30T10:18:50.460Z,2026-01-30T10:18:52.277Z,1817,FG-A,BATCH-1009,DAY,normal,0,0
4869,2026-01-30T10:18:52.277Z,2026-01-30T10:18:53.989Z,1712,FG-A,BATCH-1009,DAY,normal,0,0
4870,2026-01-30T10:18:53.989Z,2026-01-30T10:18:55.601Z,1612,FG-A,BATCH-1009,DAY,normal,0,0
4871,2026-01-30T10:18:55.601Z,2026-01-30T10:18:57.185Z,1584,FG-A,BATCH-1009,DAY,normal,0,0
4872,2026-01-30T10:18:57.185Z,2026-01-30T10:18:58.688Z,1503,FG-A,BATCH-1009,DAY,normal,0,0
4873,2026-01-30T10:18:58.688Z,2026-01-30T10:19:00.222Z,1534,FG-A,BATCH-1009,DAY,normal,0,0
4874,2026-01-30T10:19:00.222Z,2026-01-30T10:19:04.174Z,3952,FG-A,BATCH-1009,DAY,jam_recovery,0,1
4875,2026-01-30T10:19:04.174Z,2026-01-30T10:19:05.759Z,1585,FG-A,BATCH-1009,DAY,normal,0,0
4876,2026-01-30T10:19:05.759Z,2026-01-30T10:19:07.310Z,1551,FG-A,BATCH-1009,DAY,normal,0,0
4877,2026-01-30T10:19:07.310Z,2026-01-30T10:19:08.838Z,1528,FG-A,BATCH-1009,DAY,normal,0,0
4878,2026-01-30T10:19:08.838Z,2026-01-30T10:19:10.156Z,1318,FG-A,BATCH-1009,DAY,fast_cycle,0,0
4879,2026-01-30T10:19:10.156Z,2026-01-30T10:19:11.763Z,1607,FG-A,BATCH-1009,DAY,normal,0,0
4880,2026-01-30T10:19:11.763Z,2026-01-30T10:19:13.189Z,1426,FG-A,BATCH-1009,DAY,normal,0,0
4881,2026-01-30T10:19:13.189Z,2026-01-30T10:19:14.759Z,1570,FG-A,BATCH-1009,DAY,normal,0,0
4882,2026-01-30T10:19:14.759Z,2026-01-30T10:19:16.340Z,1581,FG-A,BATCH-1009,DAY,normal,0,0
4883,2026-01-30T10:19:16.340Z,2026-01-30T10:19:17.940Z,1600,FG-A,BATCH-1009,DAY,normal,0,0
4884,2026-01-30T10:19:17.940Z,2026-01-30T10:19:19.460Z,1520,FG-A,BATCH-1009,DAY,normal,0,0
4885,2026-01-30T10:19:19.460Z,2026-01-30T10:19:21.113Z,1653,FG-A,BATCH-1009,DAY,normal,0,0
4886,2026-01-30T10:19:21.113Z,2026-01-30T10:19:22.939Z,1826,FG-A,BATCH-1009,DAY,normal,0,0
4887,2026-01-30T10:19:22.939Z,2026-01-30T10:19:24.387Z,1448,FG-A,BATCH-1009,DAY,normal,0,0
4888,2026-01-30T10:19:24.387Z,2026-01-30T10:19:25.967Z,1580,FG-A,BATCH-1009,DAY,normal,0,0
4889,2026-01-30T10:19:25.967Z,2026-01-30T10:19:27.590Z,1623,FG-A,BATCH-1009,DAY,normal,0,0
4890,2026-01-30T10:19:27.590Z,2026-01-30T10:19:29.223Z,1633,FG-A,BATCH-1009,DAY,normal,0,0
4891,2026-01-30T10:19:29.223Z,2026-01-30T10:19:30.990Z,1767,FG-A,BATCH-1009,DAY,normal,0,0
4892,2026-01-30T10:19:30.990Z,2026-01-30T10:19:33.899Z,2909,FG-A,BATCH-1009,DAY,slow_cycle,0,1
4893,2026-01-30T10:19:33.899Z,2026-01-30T10:19:35.389Z,1490,FG-A,BATCH-1009,DAY,normal,0,0
4894,2026-01-30T10:19:35.389Z,2026-01-30T10:19:37.044Z,1655,FG-A,BATCH-1009,DAY,normal,0,0
4895,2026-01-30T10:19:37.044Z,2026-01-30T10:19:41.577Z,4533,FG-A,BATCH-1009,DAY,jam_recovery,0,1
4896,2026-01-30T10:19:41.577Z,2026-01-30T10:19:43.148Z,1571,FG-A,BATCH-1009,DAY,normal,0,0
4897,2026-01-30T10:19:43.148Z,2026-01-30T10:19:44.700Z,1552,FG-A,BATCH-1009,DAY,normal,0,0
4898,2026-01-30T10:19:44.700Z,2026-01-30T10:19:46.263Z,1563,FG-A,BATCH-1009,DAY,normal,0,0
4899,2026-01-30T10:19:46.263Z,2026-01-30T10:19:47.880Z,1617,FG-A,BATCH-1009,DAY,normal,0,0
4900,2026-01-30T10:19:47.880Z,2026-01-30T10:19:49.384Z,1504,FG-A,BATCH-1009,DAY,normal,0,0
4901,2026-01-30T10:19:49.384Z,2026-01-30T10:19:50.965Z,1581,FG-A,BATCH-1009,DAY,normal,0,0
4902,2026-01-30T10:19:50.965Z,2026-01-30T10:19:52.634Z,1669,FG-A,BATCH-1009,DAY,normal,0,0
4903,2026-01-30T10:19:52.634Z,2026-01-30T10:19:54.211Z,1577,FG-A,BATCH-1009,DAY,normal,0,0
4904,2026-01-30T10:19:54.211Z,2026-01-30T10:19:55.837Z,1626,FG-A,BATCH-1009,DAY,normal,0,0
4905,2026-01-30T10:19:55.837Z,2026-01-30T10:19:57.371Z,1534,FG-A,BATCH-1009,DAY,normal,0,0
4906,2026-01-30T10:19:57.371Z,2026-01-30T10:19:58.966Z,1595,FG-A,BATCH-1009,DAY,normal,0,0
4907,2026-01-30T10:19:58.966Z,2026-01-30T10:20:00.390Z,1424,FG-A,BATCH-1009,DAY,fast_cycle,0,0
4908,2026-01-30T10:20:00.390Z,2026-01-30T10:20:01.965Z,1575,FG-A,BATCH-1009,DAY,normal,0,0
4909,2026-01-30T10:20:01.965Z,2026-01-30T10:20:03.449Z,1484,FG-A,BATCH-1009,DAY,normal,0,0
4910,2026-01-30T10:20:03.449Z,2026-01-30T10:20:05.229Z,1780,FG-A,BATCH-1009,DAY,normal,0,0
4911,2026-01-30T10:20:05.229Z,2026-01-30T10:20:07.037Z,1808,FG-A,BATCH-1009,DAY,normal,0,0
4912,2026-01-30T10:20:07.037Z,2026-01-30T10:20:08.671Z,1634,FG-A,BATCH-1009,DAY,normal,0,0
4913,2026-01-30T10:20:08.671Z,2026-01-30T10:20:10.371Z,1700,FG-A,BATCH-1009,DAY,normal,0,0
4914,2026-01-30T10:20:10.371Z,2026-01-30T10:20:12.128Z,1757,FG-A,BATCH-1009,DAY,normal,0,0
4915,2026-01-30T10:20:12.128Z,2026-01-30T10:20:13.719Z,1591,FG-A,BATCH-1009,DAY,normal,0,0
4916,2026-01-30T10:20:13.719Z,2026-01-30T10:20:18.171Z,4452,FG-A,BATCH-1009,DAY,jam_recovery,0,1
4917,2026-01-30T10:20:18.171Z,2026-01-30T10:20:19.856Z,1685,FG-A,BATCH-1009,DAY,normal,0,0
4918,2026-01-30T10:20:19.856Z,2026-01-30T10:20:21.486Z,1630,FG-A,BATCH-1009,DAY,normal,0,0
4919,2026-01-30T10:20:21.486Z,2026-01-30T10:20:23.062Z,1576,FG-A,BATCH-1009,DAY,normal,0,0
4920,2026-01-30T10:20:23.062Z,2026-01-30T10:20:24.485Z,1423,FG-A,BATCH-1009,DAY,normal,0,0
4921,2026-01-30T10:20:24.485Z,2026-01-30T10:20:28.714Z,4229,FG-A,BATCH-1009,DAY,jam_recovery,0,1
4922,2026-01-30T10:20:28.714Z,2026-01-30T10:20:30.134Z,1420,FG-A,BATCH-1009,DAY,fast_cycle,0,0
4923,2026-01-30T10:20:30.134Z,2026-01-30T10:20:31.838Z,1704,FG-A,BATCH-1009,DAY,normal,0,0
4924,2026-01-30T10:20:31.838Z,2026-01-30T10:20:33.437Z,1599,FG-A,BATCH-1009,DAY,normal,0,0
4925,2026-01-30T10:20:33.437Z,2026-01-30T10:20:35.067Z,1630,FG-A,BATCH-1009,DAY,normal,0,0
4926,2026-01-30T10:20:35.067Z,2026-01-30T10:20:36.862Z,1795,FG-A,BATCH-1009,DAY,normal,0,0
4927,2026-01-30T10:20:36.862Z,2026-01-30T10:20:38.377Z,1515,FG-A,BATCH-1009,DAY,normal,0,0
4928,2026-01-30T10:20:38.377Z,2026-01-30T10:20:39.993Z,1616,FG-A,BATCH-1009,DAY,normal,0,0
4929,2026-01-30T10:20:39.993Z,2026-01-30T10:20:41.518Z,1525,FG-A,BATCH-1009,DAY,normal,0,0
4930,2026-01-30T10:20:41.518Z,2026-01-30T10:20:42.992Z,1474,FG-A,BATCH-1009,DAY,normal,0,0
4931,2026-01-30T10:20:42.992Z,2026-01-30T10:20:44.473Z,1481,FG-A,BATCH-1009,DAY,fast_cycle,0,0
4932,2026-01-30T10:20:44.473Z,2026-01-30T10:20:45.969Z,1496,FG-A,BATCH-1009,DAY,normal,0,0
4933,2026-01-30T10:20:45.969Z,2026-01-30T10:20:47.679Z,1710,FG-A,BATCH-1009,DAY,normal,0,0
4934,2026-01-30T10:20:47.679Z,2026-01-30T10:20:49.389Z,1710,FG-A,BATCH-1009,DAY,normal,0,0
4935,2026-01-30T10:20:49.389Z,2026-01-30T10:20:50.961Z,1572,FG-A,BATCH-1009,DAY,normal,0,0
4936,2026-01-30T10:20:50.961Z,2026-01-30T10:20:52.517Z,1556,FG-A,BATCH-1009,DAY,normal,0,0
4937,2026-01-30T10:20:52.517Z,2026-01-30T10:20:54.123Z,1606,FG-A,BATCH-1009,DAY,normal,0,0
4938,2026-01-30T10:20:54.123Z,2026-01-30T10:20:57.440Z,3317,FG-A,BATCH-1009,DAY,slow_cycle,0,1
4939,2026-01-30T10:20:57.440Z,2026-01-30T10:20:59.029Z,1589,FG-A,BATCH-1009,DAY,normal,0,0
4940,2026-01-30T10:20:59.029Z,2026-01-30T10:21:00.703Z,1674,FG-A,BATCH-1009,DAY,normal,0,0
4941,2026-01-30T10:21:00.703Z,2026-01-30T10:21:02.352Z,1649,FG-A,BATCH-1009,DAY,normal,0,0
4942,2026-01-30T10:21:02.352Z,2026-01-30T10:21:03.861Z,1509,FG-A,BATCH-1009,DAY,normal,0,0
4943,2026-01-30T10:21:03.861Z,2026-01-30T10:21:05.554Z,1693,FG-A,BATCH-1009,DAY,normal,0,0
4944,2026-01-30T10:21:05.554Z,2026-01-30T10:21:07.202Z,1648,FG-A,BATCH-1009,DAY,normal,0,0
4945,2026-01-30T10:21:07.202Z,2026-01-30T10:21:08.645Z,1443,FG-A,BATCH-1009,DAY,normal,0,0
4946,2026-01-30T10:21:08.645Z,2026-01-30T10:21:10.182Z,1537,FG-A,BATCH-1009,DAY,normal,0,0
4947,2026-01-30T10:21:10.182Z,2026-01-30T10:21:11.760Z,1578,FG-A,BATCH-1009,DAY,normal,0,0
4948,2026-01-30T10:21:11.760Z,2026-01-30T10:21:13.273Z,1513,FG-A,BATCH-1009,DAY,normal,0,0
4949,2026-01-30T10:21:13.273Z,2026-01-30T10:21:14.909Z,1636,FG-A,BATCH-1009,DAY,normal,0,0
4950,2026-01-30T10:21:14.909Z,2026-01-30T10:21:16.340Z,1431,FG-A,BATCH-1009,DAY,normal,0,0
4951,2026-01-30T10:21:16.340Z,2026-01-30T10:21:17.636Z,1296,FG-A,BATCH-1009,DAY,fast_cycle,0,0
4952,2026-01-30T10:21:17.636Z,2026-01-30T10:21:19.227Z,1591,FG-A,BATCH-1009,DAY,normal,0,0
4953,2026-01-30T10:21:19.227Z,2026-01-30T10:21:20.968Z,1741,FG-A,BATCH-1009,DAY,normal,0,0
4954,2026-01-30T10:21:20.968Z,2026-01-30T10:21:22.650Z,1682,FG-A,BATCH-1009,DAY,normal,0,0
4955,2026-01-30T10:21:22.650Z,2026-01-30T10:21:24.409Z,1759,FG-A,BATCH-1009,DAY,normal,0,0
4956,2026-01-30T10:21:24.409Z,2026-01-30T10:21:26.115Z,1706,FG-A,BATCH-1009,DAY,normal,0,0
4957,2026-01-30T10:21:26.115Z,2026-01-30T10:21:27.824Z,1709,FG-A,BATCH-1009,DAY,normal,0,0
4958,2026-01-30T10:21:27.824Z,2026-01-30T10:21:33.050Z,5226,FG-A,BATCH-1009,DAY,jam_recovery,1,1
4959,2026-01-30T10:21:33.050Z,2026-01-30T10:21:34.677Z,1627,FG-A,BATCH-1009,DAY,normal,0,0
4960,2026-01-30T10:21:34.677Z,2026-01-30T10:21:36.266Z,1589,FG-A,BATCH-1009,DAY,normal,0,0
4961,2026-01-30T10:21:36.266Z,2026-01-30T10:21:37.866Z,1600,FG-A,BATCH-1009,DAY,normal,0,0
4962,2026-01-30T10:21:37.866Z,2026-01-30T10:21:39.463Z,1597,FG-A,BATCH-1009,DAY,normal,0,0
4963,2026-01-30T10:21:39.463Z,2026-01-30T10:21:41.004Z,1541,FG-A,BATCH-1009,DAY,normal,0,0
4964,2026-01-30T10:21:41.004Z,2026-01-30T10:21:42.673Z,1669,FG-A,BATCH-1009,DAY,normal,0,0
4965,2026-01-30T10:21:42.673Z,2026-01-30T10:21:44.217Z,1544,FG-A,BATCH-1009,DAY,normal,0,0
4966,2026-01-30T10:21:44.217Z,2026-01-30T10:21:45.808Z,1591,FG-A,BATCH-1009,DAY,normal,0,0
4967,2026-01-30T10:21:45.808Z,2026-01-30T10:21:47.452Z,1644,FG-A,BATCH-1009,DAY,normal,0,0
4968,2026-01-30T10:21:47.452Z,2026-01-30T10:21:49.072Z,1620,FG-A,BATCH-1009,DAY,normal,0,0
4969,2026-01-30T10:21:49.072Z,2026-01-30T10:21:50.769Z,1697,FG-A,BATCH-1009,DAY,normal,0,0
4970,2026-01-30T10:21:50.769Z,2026-01-30T10:21:52.265Z,1496,FG-A,BATCH-1009,DAY,normal,0,0
4971,2026-01-30T10:21:52.265Z,2026-01-30T10:21:53.947Z,1682,FG-A,BATCH-1009,DAY,normal,0,0
4972,2026-01-30T10:21:53.947Z,2026-01-30T10:21:55.483Z,1536,FG-A,BATCH-1009,DAY,normal,0,0
4973,2026-01-30T10:21:55.483Z,2026-01-30T10:21:57.245Z,1762,FG-A,BATCH-1009,DAY,normal,0,0
4974,2026-01-30T10:21:57.245Z,2026-01-30T10:21:58.796Z,1551,FG-A,BATCH-1009,DAY,normal,0,0
4975,2026-01-30T10:21:58.796Z,2026-01-30T10:22:00.322Z,1526,FG-A,BATCH-1009,DAY,normal,0,0
4976,2026-01-30T10:22:00.322Z,2026-01-30T10:22:01.951Z,1629,FG-A,BATCH-1009,DAY,normal,0,0
4977,2026-01-30T10:22:01.951Z,2026-01-30T10:22:03.589Z,1638,FG-A,BATCH-1009,DAY,normal,0,0
4978,2026-01-30T10:22:03.589Z,2026-01-30T10:22:05.331Z,1742,FG-A,BATCH-1009,DAY,normal,0,0
4979,2026-01-30T10:22:05.331Z,2026-01-30T10:22:06.965Z,1634,FG-A,BATCH-1009,DAY,normal,0,0
4980,2026-01-30T10:22:06.965Z,2026-01-30T10:22:08.600Z,1635,FG-A,BATCH-1009,DAY,normal,0,0
4981,2026-01-30T10:22:08.600Z,2026-01-30T10:22:10.102Z,1502,FG-A,BATCH-1009,DAY,normal,0,0
4982,2026-01-30T10:22:10.102Z,2026-01-30T10:22:15.407Z,5305,FG-A,BATCH-1009,DAY,jam_recovery,1,1
4983,2026-01-30T10:22:15.407Z,2026-01-30T10:22:17.195Z,1788,FG-A,BATCH-1009,DAY,normal,0,0
4984,2026-01-30T10:22:17.195Z,2026-01-30T10:22:18.847Z,1652,FG-A,BATCH-1009,DAY,normal,0,0
4985,2026-01-30T10:22:18.847Z,2026-01-30T10:22:20.460Z,1613,FG-A,BATCH-1009,DAY,normal,0,0
4986,2026-01-30T10:22:20.460Z,2026-01-30T10:22:22.092Z,1632,FG-A,BATCH-1009,DAY,normal,0,0
4987,2026-01-30T10:22:22.092Z,2026-01-30T10:22:23.817Z,1725,FG-A,BATCH-1009,DAY,normal,0,0
4988,2026-01-30T10:22:23.817Z,2026-01-30T10:22:25.296Z,1479,FG-A,BATCH-1009,DAY,normal,0,0
4989,2026-01-30T10:22:25.296Z,2026-01-30T10:22:26.986Z,1690,FG-A,BATCH-1009,DAY,normal,0,0
4990,2026-01-30T10:22:26.986Z,2026-01-30T10:22:28.702Z,1716,FG-A,BATCH-1009,DAY,normal,0,0
4991,2026-01-30T10:22:28.702Z,2026-01-30T10:22:30.350Z,1648,FG-A,BATCH-1009,DAY,normal,0,0
4992,2026-01-30T10:22:30.350Z,2026-01-30T10:22:31.942Z,1592,FG-A,BATCH-1009,DAY,normal,0,0
4993,2026-01-30T10:22:31.942Z,2026-01-30T10:22:33.735Z,1793,FG-A,BATCH-1009,DAY,normal,0,0
4994,2026-01-30T10:22:33.735Z,2026-01-30T10:22:35.356Z,1621,FG-A,BATCH-1009,DAY,normal,0,0
4995,2026-01-30T10:22:35.356Z,2026-01-30T10:22:37.132Z,1776,FG-A,BATCH-1009,DAY,normal,0,0
4996,2026-01-30T10:22:37.132Z,2026-01-30T10:22:38.745Z,1613,FG-A,BATCH-1009,DAY,normal,0,0
4997,2026-01-30T10:22:38.745Z,2026-01-30T10:22:40.312Z,1567,FG-A,BATCH-1009,DAY,normal,0,0
4998,2026-01-30T10:22:40.312Z,2026-01-30T10:22:41.992Z,1680,FG-A,BATCH-1009,DAY,normal,0,0
4999,2026-01-30T10:22:41.992Z,2026-01-30T10:22:43.544Z,1552,FG-A,BATCH-1009,DAY,normal,0,0
5000,2026-01-30T10:22:43.544Z,2026-01-30T10:22:45.277Z,1733,FG-A,BATCH-1010,DAY,normal,0,0
5001,2026-01-30T10:22:45.277Z,2026-01-30T10:22:46.820Z,1543,FG-A,BATCH-1010,DAY,normal,0,0
5002,2026-01-30T10:22:46.820Z,2026-01-30T10:22:48.326Z,1506,FG-A,BATCH-1010,DAY,normal,0,0
5003,2026-01-30T10:22:48.326Z,2026-01-30T10:22:50.000Z,1674,FG-A,BATCH-1010,DAY,normal,0,0
5004,2026-01-30T10:22:50.000Z,2026-01-30T10:22:51.454Z,1454,FG-A,BATCH-1010,DAY,normal,0,0
5005,2026-01-30T10:22:51.454Z,2026-01-30T10:22:53.030Z,1576,FG-A,BATCH-1010,DAY,normal,0,0
5006,2026-01-30T10:22:53.030Z,2026-01-30T10:22:54.692Z,1662,FG-A,BATCH-1010,DAY,normal,0,0
5007,2026-01-30T10:22:54.692Z,2026-01-30T10:22:56.362Z,1670,FG-A,BATCH-1010,DAY,normal,0,0
5008,2026-01-30T10:22:56.362Z,2026-01-30T10:22:58.063Z,1701,FG-A,BATCH-1010,DAY,normal,0,0
5009,2026-01-30T10:22:58.063Z,2026-01-30T10:22:59.726Z,1663,FG-A,BATCH-1010,DAY,normal,0,0
5010,2026-01-30T10:22:59.726Z,2026-01-30T10:23:01.230Z,1504,FG-A,BATCH-1010,DAY,normal,0,0
5011,2026-01-30T10:23:01.230Z,2026-01-30T10:23:02.723Z,1493,FG-A,BATCH-1010,DAY,normal,0,0
5012,2026-01-30T10:23:02.723Z,2026-01-30T10:23:04.385Z,1662,FG-A,BATCH-1010,DAY,normal,0,0
5013,2026-01-30T10:23:04.385Z,2026-01-30T10:23:06.004Z,1619,FG-A,BATCH-1010,DAY,normal,0,0
5014,2026-01-30T10:23:06.004Z,2026-01-30T10:23:07.760Z,1756,FG-A,BATCH-1010,DAY,normal,0,0
5015,2026-01-30T10:23:07.760Z,2026-01-30T10:23:12.371Z,4611,FG-A,BATCH-1010,DAY,jam_recovery,0,1
5016,2026-01-30T10:23:12.371Z,2026-01-30T10:23:13.879Z,1508,FG-A,BATCH-1010,DAY,normal,0,0
5017,2026-01-30T10:23:13.879Z,2026-01-30T10:23:15.225Z,1346,FG-A,BATCH-1010,DAY,normal,0,0
5018,2026-01-30T10:23:15.225Z,2026-01-30T10:23:17.019Z,1794,FG-A,BATCH-1010,DAY,normal,0,0
5019,2026-01-30T10:23:17.019Z,2026-01-30T10:23:18.533Z,1514,FG-A,BATCH-1010,DAY,normal,0,0
5020,2026-01-30T10:23:18.533Z,2026-01-30T10:23:20.007Z,1474,FG-A,BATCH-1010,DAY,normal,0,0
5021,2026-01-30T10:23:20.007Z,2026-01-30T10:23:21.569Z,1562,FG-A,BATCH-1010,DAY,normal,0,0
5022,2026-01-30T10:23:21.569Z,2026-01-30T10:23:23.285Z,1716,FG-A,BATCH-1010,DAY,normal,0,0
5023,2026-01-30T10:23:23.285Z,2026-01-30T10:23:24.824Z,1539,FG-A,BATCH-1010,DAY,normal,0,0
5024,2026-01-30T10:23:24.824Z,2026-01-30T10:23:26.588Z,1764,FG-A,BATCH-1010,DAY,normal,0,0
5025,2026-01-30T10:23:26.588Z,2026-01-30T10:23:28.246Z,1658,FG-A,BATCH-1010,DAY,normal,0,0
5026,2026-01-30T10:23:28.246Z,2026-01-30T10:23:29.773Z,1527,FG-A,BATCH-1010,DAY,normal,0,0
5027,2026-01-30T10:23:29.773Z,2026-01-30T10:23:31.444Z,1671,FG-A,BATCH-1010,DAY,normal,0,0
5028,2026-01-30T10:23:31.444Z,2026-01-30T10:23:33.008Z,1564,FG-A,BATCH-1010,DAY,normal,0,0
5029,2026-01-30T10:23:33.008Z,2026-01-30T10:23:34.630Z,1622,FG-A,BATCH-1010,DAY,normal,0,0
5030,2026-01-30T10:23:34.630Z,2026-01-30T10:23:36.437Z,1807,FG-A,BATCH-1010,DAY,normal,0,0
5031,2026-01-30T10:23:36.437Z,2026-01-30T10:23:37.940Z,1503,FG-A,BATCH-1010,DAY,normal,0,0
5032,2026-01-30T10:23:37.940Z,2026-01-30T10:23:39.479Z,1539,FG-A,BATCH-1010,DAY,normal,0,0
5033,2026-01-30T10:23:39.479Z,2026-01-30T10:23:41.043Z,1564,FG-A,BATCH-1010,DAY,normal,0,0
5034,2026-01-30T10:23:41.043Z,2026-01-30T10:23:42.553Z,1510,FG-A,BATCH-1010,DAY,normal,0,0
5035,2026-01-30T10:23:42.553Z,2026-01-30T10:23:44.210Z,1657,FG-A,BATCH-1010,DAY,normal,0,0
5036,2026-01-30T10:23:44.210Z,2026-01-30T10:23:45.890Z,1680,FG-A,BATCH-1010,DAY,normal,0,0
5037,2026-01-30T10:23:45.890Z,2026-01-30T10:23:47.550Z,1660,FG-A,BATCH-1010,DAY,normal,0,0
5038,2026-01-30T10:23:47.550Z,2026-01-30T10:23:49.265Z,1715,FG-A,BATCH-1010,DAY,normal,0,0
5039,2026-01-30T10:23:49.265Z,2026-01-30T10:23:50.804Z,1539,FG-A,BATCH-1010,DAY,normal,0,0
5040,2026-01-30T10:23:50.804Z,2026-01-30T10:23:52.382Z,1578,FG-A,BATCH-1010,DAY,normal,0,0
5041,2026-01-30T10:23:52.382Z,2026-01-30T10:23:54.071Z,1689,FG-A,BATCH-1010,DAY,normal,0,0
5042,2026-01-30T10:23:54.071Z,2026-01-30T10:23:55.746Z,1675,FG-A,BATCH-1010,DAY,normal,0,0
5043,2026-01-30T10:23:55.746Z,2026-01-30T10:23:57.218Z,1472,FG-A,BATCH-1010,DAY,normal,0,0
5044,2026-01-30T10:23:57.218Z,2026-01-30T10:23:58.709Z,1491,FG-A,BATCH-1010,DAY,normal,0,0
5045,2026-01-30T10:23:58.709Z,2026-01-30T10:24:00.309Z,1600,FG-A,BATCH-1010,DAY,normal,0,0
5046,2026-01-30T10:24:00.309Z,2026-01-30T10:24:01.913Z,1604,FG-A,BATCH-1010,DAY,normal,0,0
5047,2026-01-30T10:24:01.913Z,2026-01-30T10:24:03.574Z,1661,FG-A,BATCH-1010,DAY,normal,0,0
5048,2026-01-30T10:24:03.574Z,2026-01-30T10:24:05.248Z,1674,FG-A,BATCH-1010,DAY,normal,0,0
5049,2026-01-30T10:24:05.248Z,2026-01-30T10:24:06.811Z,1563,FG-A,BATCH-1010,DAY,normal,0,0
5050,2026-01-30T10:24:06.811Z,2026-01-30T10:24:08.430Z,1619,FG-A,BATCH-1010,DAY,normal,0,0
5051,2026-01-30T10:24:08.430Z,2026-01-30T10:24:09.829Z,1399,FG-A,BATCH-1010,DAY,normal,0,0
5052,2026-01-30T10:24:09.829Z,2026-01-30T10:24:11.492Z,1663,FG-A,BATCH-1010,DAY,normal,0,0
5053,2026-01-30T10:24:11.492Z,2026-01-30T10:24:15.065Z,3573,FG-A,BATCH-1010,DAY,slow_cycle,0,1
5054,2026-01-30T10:24:15.065Z,2026-01-30T10:24:16.794Z,1729,FG-A,BATCH-1010,DAY,normal,0,0
5055,2026-01-30T10:24:16.794Z,2026-01-30T10:24:30.905Z,14111,FG-A,BATCH-1010,DAY,long_gap,1,1
5056,2026-01-30T10:24:30.905Z,2026-01-30T10:24:32.583Z,1678,FG-A,BATCH-1010,DAY,normal,0,0
5057,2026-01-30T10:24:32.583Z,2026-01-30T10:24:34.208Z,1625,FG-A,BATCH-1010,DAY,normal,0,0
5058,2026-01-30T10:24:34.208Z,2026-01-30T10:24:35.810Z,1602,FG-A,BATCH-1010,DAY,normal,0,0
5059,2026-01-30T10:24:35.810Z,2026-01-30T10:24:37.310Z,1500,FG-A,BATCH-1010,DAY,normal,0,0
5060,2026-01-30T10:24:37.310Z,2026-01-30T10:24:39.040Z,1730,FG-A,BATCH-1010,DAY,normal,0,0
5061,2026-01-30T10:24:39.040Z,2026-01-30T10:24:40.749Z,1709,FG-A,BATCH-1010,DAY,normal,0,0
5062,2026-01-30T10:24:40.749Z,2026-01-30T10:24:42.296Z,1547,FG-A,BATCH-1010,DAY,normal,0,0
5063,2026-01-30T10:24:42.296Z,2026-01-30T10:24:43.941Z,1645,FG-A,BATCH-1010,DAY,normal,0,0
5064,2026-01-30T10:24:43.941Z,2026-01-30T10:24:45.550Z,1609,FG-A,BATCH-1010,DAY,normal,0,0
5065,2026-01-30T10:24:45.550Z,2026-01-30T10:24:47.118Z,1568,FG-A,BATCH-1010,DAY,normal,0,0
5066,2026-01-30T10:24:47.118Z,2026-01-30T10:24:48.774Z,1656,FG-A,BATCH-1010,DAY,normal,0,0
5067,2026-01-30T10:24:48.774Z,2026-01-30T10:24:50.241Z,1467,FG-A,BATCH-1010,DAY,normal,0,0
5068,2026-01-30T10:24:50.241Z,2026-01-30T10:24:51.834Z,1593,FG-A,BATCH-1010,DAY,normal,0,0
5069,2026-01-30T10:24:51.834Z,2026-01-30T10:24:53.581Z,1747,FG-A,BATCH-1010,DAY,normal,0,0
5070,2026-01-30T10:24:53.581Z,2026-01-30T10:24:55.174Z,1593,FG-A,BATCH-1010,DAY,normal,0,0
5071,2026-01-30T10:24:55.174Z,2026-01-30T10:24:56.709Z,1535,FG-A,BATCH-1010,DAY,normal,0,0
5072,2026-01-30T10:24:56.709Z,2026-01-30T10:24:58.478Z,1769,FG-A,BATCH-1010,DAY,normal,0,0
5073,2026-01-30T10:24:58.478Z,2026-01-30T10:25:00.023Z,1545,FG-A,BATCH-1010,DAY,normal,0,0
5074,2026-01-30T10:25:00.023Z,2026-01-30T10:25:05.004Z,4981,FG-A,BATCH-1010,DAY,jam_recovery,0,1
5075,2026-01-30T10:25:05.004Z,2026-01-30T10:25:12.858Z,7854,FG-A,BATCH-1010,DAY,long_gap,1,1
5076,2026-01-30T10:25:12.858Z,2026-01-30T10:25:14.311Z,1453,FG-A,BATCH-1010,DAY,normal,0,0
5077,2026-01-30T10:25:14.311Z,2026-01-30T10:25:16.086Z,1775,FG-A,BATCH-1010,DAY,normal,0,0
5078,2026-01-30T10:25:16.086Z,2026-01-30T10:25:17.802Z,1716,FG-A,BATCH-1010,DAY,normal,0,0
5079,2026-01-30T10:25:17.802Z,2026-01-30T10:25:19.559Z,1757,FG-A,BATCH-1010,DAY,normal,0,0
5080,2026-01-30T10:25:19.559Z,2026-01-30T10:25:21.236Z,1677,FG-A,BATCH-1010,DAY,normal,0,0
5081,2026-01-30T10:25:21.236Z,2026-01-30T10:25:23.035Z,1799,FG-A,BATCH-1010,DAY,normal,0,0
5082,2026-01-30T10:25:23.035Z,2026-01-30T10:25:24.650Z,1615,FG-A,BATCH-1010,DAY,normal,0,0
5083,2026-01-30T10:25:24.650Z,2026-01-30T10:25:26.257Z,1607,FG-A,BATCH-1010,DAY,normal,0,0
5084,2026-01-30T10:25:26.257Z,2026-01-30T10:25:27.887Z,1630,FG-A,BATCH-1010,DAY,normal,0,0
5085,2026-01-30T10:25:27.887Z,2026-01-30T10:25:29.559Z,1672,FG-A,BATCH-1010,DAY,normal,0,0
5086,2026-01-30T10:25:29.559Z,2026-01-30T10:25:31.082Z,1523,FG-A,BATCH-1010,DAY,normal,0,0
5087,2026-01-30T10:25:31.082Z,2026-01-30T10:25:32.783Z,1701,FG-A,BATCH-1010,DAY,normal,0,0
5088,2026-01-30T10:25:32.783Z,2026-01-30T10:25:34.365Z,1582,FG-A,BATCH-1010,DAY,normal,0,0
5089,2026-01-30T10:25:34.365Z,2026-01-30T10:25:35.930Z,1565,FG-A,BATCH-1010,DAY,normal,0,0
5090,2026-01-30T10:25:35.930Z,2026-01-30T10:25:37.516Z,1586,FG-A,BATCH-1010,DAY,normal,0,0
5091,2026-01-30T10:25:37.516Z,2026-01-30T10:25:39.237Z,1721,FG-A,BATCH-1010,DAY,normal,0,0
5092,2026-01-30T10:25:39.237Z,2026-01-30T10:25:40.784Z,1547,FG-A,BATCH-1010,DAY,normal,0,0
5093,2026-01-30T10:25:40.784Z,2026-01-30T10:25:42.484Z,1700,FG-A,BATCH-1010,DAY,normal,0,0
5094,2026-01-30T10:25:42.484Z,2026-01-30T10:25:44.216Z,1732,FG-A,BATCH-1010,DAY,normal,0,0
5095,2026-01-30T10:25:44.216Z,2026-01-30T10:25:45.723Z,1507,FG-A,BATCH-1010,DAY,normal,0,0
5096,2026-01-30T10:25:45.723Z,2026-01-30T10:25:47.274Z,1551,FG-A,BATCH-1010,DAY,normal,0,0
5097,2026-01-30T10:25:47.274Z,2026-01-30T10:25:49.014Z,1740,FG-A,BATCH-1010,DAY,normal,0,0
5098,2026-01-30T10:25:49.014Z,2026-01-30T10:25:50.609Z,1595,FG-A,BATCH-1010,DAY,normal,0,0
5099,2026-01-30T10:25:50.609Z,2026-01-30T10:25:52.266Z,1657,FG-A,BATCH-1010,DAY,normal,0,0
5100,2026-01-30T10:25:52.266Z,2026-01-30T10:25:53.897Z,1631,FG-A,BATCH-1010,DAY,normal,0,0
5101,2026-01-30T10:25:53.897Z,2026-01-30T10:25:55.404Z,1507,FG-A,BATCH-1010,DAY,normal,0,0
5102,2026-01-30T10:25:55.404Z,2026-01-30T10:25:56.960Z,1556,FG-A,BATCH-1010,DAY,normal,0,0
5103,2026-01-30T10:25:56.960Z,2026-01-30T10:25:58.612Z,1652,FG-A,BATCH-1010,DAY,normal,0,0
5104,2026-01-30T10:25:58.612Z,2026-01-30T10:26:00.355Z,1743,FG-A,BATCH-1010,DAY,normal,0,0
5105,2026-01-30T10:26:00.355Z,2026-01-30T10:26:01.864Z,1509,FG-A,BATCH-1010,DAY,normal,0,0
5106,2026-01-30T10:26:01.864Z,2026-01-30T10:26:03.473Z,1609,FG-A,BATCH-1010,DAY,normal,0,0
5107,2026-01-30T10:26:03.473Z,2026-01-30T10:26:05.171Z,1698,FG-A,BATCH-1010,DAY,normal,0,0
5108,2026-01-30T10:26:05.171Z,2026-01-30T10:26:06.617Z,1446,FG-A,BATCH-1010,DAY,normal,0,0
5109,2026-01-30T10:26:06.617Z,2026-01-30T10:26:08.357Z,1740,FG-A,BATCH-1010,DAY,normal,0,0
5110,2026-01-30T10:26:08.357Z,2026-01-30T10:26:09.878Z,1521,FG-A,BATCH-1010,DAY,normal,0,0
5111,2026-01-30T10:26:09.878Z,2026-01-30T10:26:11.641Z,1763,FG-A,BATCH-1010,DAY,normal,0,0
5112,2026-01-30T10:26:11.641Z,2026-01-30T10:26:13.205Z,1564,FG-A,BATCH-1010,DAY,normal,0,0
5113,2026-01-30T10:26:13.205Z,2026-01-30T10:26:14.795Z,1590,FG-A,BATCH-1010,DAY,normal,0,0
5114,2026-01-30T10:26:14.795Z,2026-01-30T10:26:16.534Z,1739,FG-A,BATCH-1010,DAY,normal,0,0
5115,2026-01-30T10:26:16.534Z,2026-01-30T10:26:18.107Z,1573,FG-A,BATCH-1010,DAY,normal,0,0
5116,2026-01-30T10:26:18.107Z,2026-01-30T10:26:19.873Z,1766,FG-A,BATCH-1010,DAY,normal,0,0
5117,2026-01-30T10:26:19.873Z,2026-01-30T10:26:21.507Z,1634,FG-A,BATCH-1010,DAY,normal,0,0
5118,2026-01-30T10:26:21.507Z,2026-01-30T10:26:23.063Z,1556,FG-A,BATCH-1010,DAY,normal,0,0
5119,2026-01-30T10:26:23.063Z,2026-01-30T10:26:24.477Z,1414,FG-A,BATCH-1010,DAY,normal,0,0
5120,2026-01-30T10:26:24.477Z,2026-01-30T10:26:26.027Z,1550,FG-A,BATCH-1010,DAY,normal,0,0
5121,2026-01-30T10:26:26.027Z,2026-01-30T10:26:27.547Z,1520,FG-A,BATCH-1010,DAY,normal,0,0
5122,2026-01-30T10:26:27.547Z,2026-01-30T10:26:29.227Z,1680,FG-A,BATCH-1010,DAY,normal,0,0
5123,2026-01-30T10:26:29.227Z,2026-01-30T10:26:30.940Z,1713,FG-A,BATCH-1010,DAY,normal,0,0
5124,2026-01-30T10:26:30.940Z,2026-01-30T10:26:32.621Z,1681,FG-A,BATCH-1010,DAY,normal,0,0
5125,2026-01-30T10:26:32.621Z,2026-01-30T10:26:34.038Z,1417,FG-A,BATCH-1010,DAY,normal,0,0
5126,2026-01-30T10:26:34.038Z,2026-01-30T10:26:37.869Z,3831,FG-A,BATCH-1010,DAY,jam_recovery,0,1
5127,2026-01-30T10:26:37.869Z,2026-01-30T10:26:39.260Z,1391,FG-A,BATCH-1010,DAY,normal,0,0
5128,2026-01-30T10:26:39.260Z,2026-01-30T10:26:40.951Z,1691,FG-A,BATCH-1010,DAY,normal,0,0
5129,2026-01-30T10:26:40.951Z,2026-01-30T10:26:42.623Z,1672,FG-A,BATCH-1010,DAY,normal,0,0
5130,2026-01-30T10:26:42.623Z,2026-01-30T10:26:44.216Z,1593,FG-A,BATCH-1010,DAY,normal,0,0
5131,2026-01-30T10:26:44.216Z,2026-01-30T10:26:45.896Z,1680,FG-A,BATCH-1010,DAY,normal,0,0
5132,2026-01-30T10:26:45.896Z,2026-01-30T10:26:47.504Z,1608,FG-A,BATCH-1010,DAY,normal,0,0
5133,2026-01-30T10:26:47.504Z,2026-01-30T10:26:49.167Z,1663,FG-A,BATCH-1010,DAY,normal,0,0
5134,2026-01-30T10:26:49.167Z,2026-01-30T10:26:50.888Z,1721,FG-A,BATCH-1010,DAY,normal,0,0
5135,2026-01-30T10:26:50.888Z,2026-01-30T10:26:52.617Z,1729,FG-A,BATCH-1010,DAY,normal,0,0
5136,2026-01-30T10:26:52.617Z,2026-01-30T10:26:54.368Z,1751,FG-A,BATCH-1010,DAY,normal,0,0
5137,2026-01-30T10:26:54.368Z,2026-01-30T10:26:56.051Z,1683,FG-A,BATCH-1010,DAY,normal,0,0
5138,2026-01-30T10:26:56.051Z,2026-01-30T10:26:57.844Z,1793,FG-A,BATCH-1010,DAY,normal,0,0
5139,2026-01-30T10:26:57.844Z,2026-01-30T10:26:59.475Z,1631,FG-A,BATCH-1010,DAY,normal,0,0
5140,2026-01-30T10:26:59.475Z,2026-01-30T10:27:01.075Z,1600,FG-A,BATCH-1010,DAY,normal,0,0
5141,2026-01-30T10:27:01.075Z,2026-01-30T10:27:02.522Z,1447,FG-A,BATCH-1010,DAY,normal,0,0
5142,2026-01-30T10:27:02.522Z,2026-01-30T10:27:04.105Z,1583,FG-A,BATCH-1010,DAY,normal,0,0
5143,2026-01-30T10:27:04.105Z,2026-01-30T10:27:06.826Z,2721,FG-A,BATCH-1010,DAY,slow_cycle,0,1
5144,2026-01-30T10:27:06.826Z,2026-01-30T10:27:08.463Z,1637,FG-A,BATCH-1010,DAY,normal,0,0
5145,2026-01-30T10:27:08.463Z,2026-01-30T10:27:10.149Z,1686,FG-A,BATCH-1010,DAY,normal,0,0
5146,2026-01-30T10:27:10.149Z,2026-01-30T10:27:11.753Z,1604,FG-A,BATCH-1010,DAY,normal,0,0
5147,2026-01-30T10:27:11.753Z,2026-01-30T10:27:13.408Z,1655,FG-A,BATCH-1010,DAY,normal,0,0
5148,2026-01-30T10:27:13.408Z,2026-01-30T10:27:14.817Z,1409,FG-A,BATCH-1010,DAY,normal,0,0
5149,2026-01-30T10:27:14.817Z,2026-01-30T10:27:16.453Z,1636,FG-A,BATCH-1010,DAY,normal,0,0
5150,2026-01-30T10:27:16.453Z,2026-01-30T10:27:18.179Z,1726,FG-A,BATCH-1010,DAY,normal,0,0
5151,2026-01-30T10:27:18.179Z,2026-01-30T10:27:19.806Z,1627,FG-A,BATCH-1010,DAY,normal,0,0
5152,2026-01-30T10:27:19.806Z,2026-01-30T10:27:21.377Z,1571,FG-A,BATCH-1010,DAY,normal,0,0
5153,2026-01-30T10:27:21.377Z,2026-01-30T10:27:22.979Z,1602,FG-A,BATCH-1010,DAY,normal,0,0
5154,2026-01-30T10:27:22.979Z,2026-01-30T10:27:24.539Z,1560,FG-A,BATCH-1010,DAY,normal,0,0
5155,2026-01-30T10:27:24.539Z,2026-01-30T10:27:26.195Z,1656,FG-A,BATCH-1010,DAY,normal,0,0
5156,2026-01-30T10:27:26.195Z,2026-01-30T10:27:27.756Z,1561,FG-A,BATCH-1010,DAY,normal,0,0
5157,2026-01-30T10:27:27.756Z,2026-01-30T10:27:29.304Z,1548,FG-A,BATCH-1010,DAY,normal,0,0
5158,2026-01-30T10:27:29.304Z,2026-01-30T10:27:30.967Z,1663,FG-A,BATCH-1010,DAY,normal,0,0
5159,2026-01-30T10:27:30.967Z,2026-01-30T10:27:32.614Z,1647,FG-A,BATCH-1010,DAY,normal,0,0
5160,2026-01-30T10:27:32.614Z,2026-01-30T10:27:34.229Z,1615,FG-A,BATCH-1010,DAY,normal,0,0
5161,2026-01-30T10:27:34.229Z,2026-01-30T10:27:35.896Z,1667,FG-A,BATCH-1010,DAY,normal,0,0
5162,2026-01-30T10:27:35.896Z,2026-01-30T10:27:37.490Z,1594,FG-A,BATCH-1010,DAY,normal,0,0
5163,2026-01-30T10:27:37.490Z,2026-01-30T10:27:38.984Z,1494,FG-A,BATCH-1010,DAY,normal,0,0
5164,2026-01-30T10:27:38.984Z,2026-01-30T10:27:40.598Z,1614,FG-A,BATCH-1010,DAY,normal,0,0
5165,2026-01-30T10:27:40.598Z,2026-01-30T10:27:42.295Z,1697,FG-A,BATCH-1010,DAY,normal,0,0
5166,2026-01-30T10:27:42.295Z,2026-01-30T10:27:43.856Z,1561,FG-A,BATCH-1010,DAY,normal,0,0
5167,2026-01-30T10:27:43.856Z,2026-01-30T10:27:56.857Z,13001,FG-A,BATCH-1010,DAY,long_gap,1,1
5168,2026-01-30T10:27:56.857Z,2026-01-30T10:27:58.477Z,1620,FG-A,BATCH-1010,DAY,normal,0,0
5169,2026-01-30T10:27:58.477Z,2026-01-30T10:27:59.923Z,1446,FG-A,BATCH-1010,DAY,normal,0,0
5170,2026-01-30T10:27:59.923Z,2026-01-30T10:28:01.489Z,1566,FG-A,BATCH-1010,DAY,normal,0,0
5171,2026-01-30T10:28:01.489Z,2026-01-30T10:28:03.035Z,1546,FG-A,BATCH-1010,DAY,normal,0,0
5172,2026-01-30T10:28:03.035Z,2026-01-30T10:28:04.838Z,1803,FG-A,BATCH-1010,DAY,normal,0,0
5173,2026-01-30T10:28:04.838Z,2026-01-30T10:28:06.221Z,1383,FG-A,BATCH-1010,DAY,normal,0,0
5174,2026-01-30T10:28:06.221Z,2026-01-30T10:28:07.807Z,1586,FG-A,BATCH-1010,DAY,normal,0,0
5175,2026-01-30T10:28:07.807Z,2026-01-30T10:28:09.334Z,1527,FG-A,BATCH-1010,DAY,normal,0,0
5176,2026-01-30T10:28:09.334Z,2026-01-30T10:28:10.948Z,1614,FG-A,BATCH-1010,DAY,normal,0,0
5177,2026-01-30T10:28:10.948Z,2026-01-30T10:28:12.505Z,1557,FG-A,BATCH-1010,DAY,normal,0,0
5178,2026-01-30T10:28:12.505Z,2026-01-30T10:28:14.216Z,1711,FG-A,BATCH-1010,DAY,normal,0,0
5179,2026-01-30T10:28:14.216Z,2026-01-30T10:28:15.855Z,1639,FG-A,BATCH-1010,DAY,normal,0,0
5180,2026-01-30T10:28:15.855Z,2026-01-30T10:28:17.312Z,1457,FG-A,BATCH-1010,DAY,normal,0,0
5181,2026-01-30T10:28:17.312Z,2026-01-30T10:28:18.939Z,1627,FG-A,BATCH-1010,DAY,normal,0,0
5182,2026-01-30T10:28:18.939Z,2026-01-30T10:28:20.524Z,1585,FG-A,BATCH-1010,DAY,normal,0,0
5183,2026-01-30T10:28:20.524Z,2026-01-30T10:28:22.236Z,1712,FG-A,BATCH-1010,DAY,normal,0,0
5184,2026-01-30T10:28:22.236Z,2026-01-30T10:28:23.799Z,1563,FG-A,BATCH-1010,DAY,normal,0,0
5185,2026-01-30T10:28:23.799Z,2026-01-30T10:28:25.310Z,1511,FG-A,BATCH-1010,DAY,normal,0,0
5186,2026-01-30T10:28:25.310Z,2026-01-30T10:28:26.894Z,1584,FG-A,BATCH-1010,DAY,normal,0,0
5187,2026-01-30T10:28:26.894Z,2026-01-30T10:28:28.466Z,1572,FG-A,BATCH-1010,DAY,normal,0,0
5188,2026-01-30T10:28:28.466Z,2026-01-30T10:28:29.967Z,1501,FG-A,BATCH-1010,DAY,normal,0,0
5189,2026-01-30T10:28:29.967Z,2026-01-30T10:28:31.483Z,1516,FG-A,BATCH-1010,DAY,normal,0,0
5190,2026-01-30T10:28:31.483Z,2026-01-30T10:28:32.880Z,1397,FG-A,BATCH-1010,DAY,normal,0,0
5191,2026-01-30T10:28:32.880Z,2026-01-30T10:28:34.546Z,1666,FG-A,BATCH-1010,DAY,normal,0,0
5192,2026-01-30T10:28:34.546Z,2026-01-30T10:28:36.191Z,1645,FG-A,BATCH-1010,DAY,normal,0,0
5193,2026-01-30T10:28:36.191Z,2026-01-30T10:28:37.764Z,1573,FG-A,BATCH-1010,DAY,normal,0,0
5194,2026-01-30T10:28:37.764Z,2026-01-30T10:28:39.477Z,1713,FG-A,BATCH-1010,DAY,normal,0,0
5195,2026-01-30T10:28:39.477Z,2026-01-30T10:28:41.097Z,1620,FG-A,BATCH-1010,DAY,normal,0,0
5196,2026-01-30T10:28:41.097Z,2026-01-30T10:28:42.792Z,1695,FG-A,BATCH-1010,DAY,normal,0,0
5197,2026-01-30T10:28:42.792Z,2026-01-30T10:28:44.394Z,1602,FG-A,BATCH-1010,DAY,normal,0,0
5198,2026-01-30T10:28:44.394Z,2026-01-30T10:28:45.925Z,1531,FG-A,BATCH-1010,DAY,normal,0,0
5199,2026-01-30T10:28:45.925Z,2026-01-30T10:28:47.519Z,1594,FG-A,BATCH-1010,DAY,normal,0,0
5200,2026-01-30T10:28:47.519Z,2026-01-30T10:28:49.182Z,1663,FG-A,BATCH-1010,DAY,normal,0,0
5201,2026-01-30T10:28:49.182Z,2026-01-30T10:28:50.870Z,1688,FG-A,BATCH-1010,DAY,normal,0,0
5202,2026-01-30T10:28:50.870Z,2026-01-30T10:28:52.334Z,1464,FG-A,BATCH-1010,DAY,normal,0,0
5203,2026-01-30T10:28:52.334Z,2026-01-30T10:28:53.790Z,1456,FG-A,BATCH-1010,DAY,normal,0,0
5204,2026-01-30T10:28:53.790Z,2026-01-30T10:28:55.489Z,1699,FG-A,BATCH-1010,DAY,normal,0,0
5205,2026-01-30T10:28:55.489Z,2026-01-30T10:28:57.010Z,1521,FG-A,BATCH-1010,DAY,normal,0,0
5206,2026-01-30T10:28:57.010Z,2026-01-30T10:28:58.564Z,1554,FG-A,BATCH-1010,DAY,normal,0,0
5207,2026-01-30T10:28:58.564Z,2026-01-30T10:29:00.220Z,1656,FG-A,BATCH-1010,DAY,normal,0,0
5208,2026-01-30T10:29:00.220Z,2026-01-30T10:29:01.882Z,1662,FG-A,BATCH-1010,DAY,normal,0,0
5209,2026-01-30T10:29:01.882Z,2026-01-30T10:29:03.522Z,1640,FG-A,BATCH-1010,DAY,normal,0,0
5210,2026-01-30T10:29:03.522Z,2026-01-30T10:29:05.132Z,1610,FG-A,BATCH-1010,DAY,normal,0,0
5211,2026-01-30T10:29:05.132Z,2026-01-30T10:29:06.790Z,1658,FG-A,BATCH-1010,DAY,normal,0,0
5212,2026-01-30T10:29:06.790Z,2026-01-30T10:29:08.412Z,1622,FG-A,BATCH-1010,DAY,normal,0,0
5213,2026-01-30T10:29:08.412Z,2026-01-30T10:29:09.941Z,1529,FG-A,BATCH-1010,DAY,normal,0,0
5214,2026-01-30T10:29:09.941Z,2026-01-30T10:29:11.526Z,1585,FG-A,BATCH-1010,DAY,normal,0,0
5215,2026-01-30T10:29:11.526Z,2026-01-30T10:29:13.310Z,1784,FG-A,BATCH-1010,DAY,normal,0,0
5216,2026-01-30T10:29:13.310Z,2026-01-30T10:29:14.867Z,1557,FG-A,BATCH-1010,DAY,normal,0,0
5217,2026-01-30T10:29:14.867Z,2026-01-30T10:29:16.490Z,1623,FG-A,BATCH-1010,DAY,normal,0,0
5218,2026-01-30T10:29:16.490Z,2026-01-30T10:29:18.248Z,1758,FG-A,BATCH-1010,DAY,normal,0,0
5219,2026-01-30T10:29:18.248Z,2026-01-30T10:29:19.955Z,1707,FG-A,BATCH-1010,DAY,normal,0,0
5220,2026-01-30T10:29:19.955Z,2026-01-30T10:29:21.628Z,1673,FG-A,BATCH-1010,DAY,normal,0,0
5221,2026-01-30T10:29:21.628Z,2026-01-30T10:29:22.915Z,1287,FG-A,BATCH-1010,DAY,fast_cycle,0,0
5222,2026-01-30T10:29:22.915Z,2026-01-30T10:29:24.398Z,1483,FG-A,BATCH-1010,DAY,normal,0,0
5223,2026-01-30T10:29:24.398Z,2026-01-30T10:29:26.064Z,1666,FG-A,BATCH-1010,DAY,normal,0,0
5224,2026-01-30T10:29:26.064Z,2026-01-30T10:29:27.768Z,1704,FG-A,BATCH-1010,DAY,normal,0,0
5225,2026-01-30T10:29:27.768Z,2026-01-30T10:29:29.463Z,1695,FG-A,BATCH-1010,DAY,normal,0,0
5226,2026-01-30T10:29:29.463Z,2026-01-30T10:29:30.996Z,1533,FG-A,BATCH-1010,DAY,normal,0,0
5227,2026-01-30T10:29:30.996Z,2026-01-30T10:29:32.623Z,1627,FG-A,BATCH-1010,DAY,normal,0,0
5228,2026-01-30T10:29:32.623Z,2026-01-30T10:29:34.372Z,1749,FG-A,BATCH-1010,DAY,normal,0,0
5229,2026-01-30T10:29:34.372Z,2026-01-30T10:29:35.863Z,1491,FG-A,BATCH-1010,DAY,normal,0,0
5230,2026-01-30T10:29:35.863Z,2026-01-30T10:29:37.552Z,1689,FG-A,BATCH-1010,DAY,normal,0,0
5231,2026-01-30T10:29:37.552Z,2026-01-30T10:29:39.036Z,1484,FG-A,BATCH-1010,DAY,normal,0,0
5232,2026-01-30T10:29:39.036Z,2026-01-30T10:29:40.482Z,1446,FG-A,BATCH-1010,DAY,normal,0,0
5233,2026-01-30T10:29:40.482Z,2026-01-30T10:29:42.106Z,1624,FG-A,BATCH-1010,DAY,normal,0,0
5234,2026-01-30T10:29:42.106Z,2026-01-30T10:29:44.778Z,2672,FG-A,BATCH-1010,DAY,slow_cycle,0,1
5235,2026-01-30T10:29:44.778Z,2026-01-30T10:29:46.426Z,1648,FG-A,BATCH-1010,DAY,normal,0,0
5236,2026-01-30T10:29:46.426Z,2026-01-30T10:29:47.966Z,1540,FG-A,BATCH-1010,DAY,normal,0,0
5237,2026-01-30T10:29:47.966Z,2026-01-30T10:29:49.445Z,1479,FG-A,BATCH-1010,DAY,normal,0,0
5238,2026-01-30T10:29:49.445Z,2026-01-30T10:29:51.283Z,1838,FG-A,BATCH-1010,DAY,normal,0,0
5239,2026-01-30T10:29:51.283Z,2026-01-30T10:29:52.893Z,1610,FG-A,BATCH-1010,DAY,normal,0,0
5240,2026-01-30T10:29:52.893Z,2026-01-30T10:29:54.506Z,1613,FG-A,BATCH-1010,DAY,normal,0,0
5241,2026-01-30T10:29:54.506Z,2026-01-30T10:29:56.105Z,1599,FG-A,BATCH-1010,DAY,normal,0,0
5242,2026-01-30T10:29:56.105Z,2026-01-30T10:29:57.800Z,1695,FG-A,BATCH-1010,DAY,normal,0,0
5243,2026-01-30T10:29:57.800Z,2026-01-30T10:29:59.416Z,1616,FG-A,BATCH-1010,DAY,normal,0,0
5244,2026-01-30T10:29:59.416Z,2026-01-30T10:30:01.024Z,1608,FG-A,BATCH-1010,DAY,normal,0,0
5245,2026-01-30T10:30:01.024Z,2026-01-30T10:30:05.601Z,4577,FG-A,BATCH-1010,DAY,jam_recovery,0,1
5246,2026-01-30T10:30:05.601Z,2026-01-30T10:30:07.186Z,1585,FG-A,BATCH-1010,DAY,normal,0,0
5247,2026-01-30T10:30:07.186Z,2026-01-30T10:30:08.803Z,1617,FG-A,BATCH-1010,DAY,normal,0,0
5248,2026-01-30T10:30:08.803Z,2026-01-30T10:30:10.238Z,1435,FG-A,BATCH-1010,DAY,normal,0,0
5249,2026-01-30T10:30:10.238Z,2026-01-30T10:30:11.672Z,1434,FG-A,BATCH-1010,DAY,normal,0,0
5250,2026-01-30T10:30:11.672Z,2026-01-30T10:30:13.578Z,1906,FG-A,BATCH-1010,DAY,normal,0,0
5251,2026-01-30T10:30:13.578Z,2026-01-30T10:30:15.048Z,1470,FG-A,BATCH-1010,DAY,normal,0,0
5252,2026-01-30T10:30:15.048Z,2026-01-30T10:30:16.470Z,1422,FG-A,BATCH-1010,DAY,normal,0,0
5253,2026-01-30T10:30:16.470Z,2026-01-30T10:30:18.115Z,1645,FG-A,BATCH-1010,DAY,normal,0,0
5254,2026-01-30T10:30:18.115Z,2026-01-30T10:30:19.750Z,1635,FG-A,BATCH-1010,DAY,normal,0,0
5255,2026-01-30T10:30:19.750Z,2026-01-30T10:30:21.368Z,1618,FG-A,BATCH-1010,DAY,normal,0,0
5256,2026-01-30T10:30:21.368Z,2026-01-30T10:30:22.964Z,1596,FG-A,BATCH-1010,DAY,normal,0,0
5257,2026-01-30T10:30:22.964Z,2026-01-30T10:30:24.385Z,1421,FG-A,BATCH-1010,DAY,normal,0,0
5258,2026-01-30T10:30:24.385Z,2026-01-30T10:30:26.016Z,1631,FG-A,BATCH-1010,DAY,normal,0,0
5259,2026-01-30T10:30:26.016Z,2026-01-30T10:30:27.602Z,1586,FG-A,BATCH-1010,DAY,normal,0,0
5260,2026-01-30T10:30:27.602Z,2026-01-30T10:30:29.312Z,1710,FG-A,BATCH-1010,DAY,normal,0,0
5261,2026-01-30T10:30:29.312Z,2026-01-30T10:30:30.993Z,1681,FG-A,BATCH-1010,DAY,normal,0,0
5262,2026-01-30T10:30:30.993Z,2026-01-30T10:30:32.593Z,1600,FG-A,BATCH-1010,DAY,normal,0,0
5263,2026-01-30T10:30:32.593Z,2026-01-30T10:30:34.194Z,1601,FG-A,BATCH-1010,DAY,normal,0,0
5264,2026-01-30T10:30:34.194Z,2026-01-30T10:30:35.746Z,1552,FG-A,BATCH-1010,DAY,normal,0,0
5265,2026-01-30T10:30:35.746Z,2026-01-30T10:30:37.495Z,1749,FG-A,BATCH-1010,DAY,normal,0,0
5266,2026-01-30T10:30:37.495Z,2026-01-30T10:30:39.215Z,1720,FG-A,BATCH-1010,DAY,normal,0,0
5267,2026-01-30T10:30:39.215Z,2026-01-30T10:30:40.788Z,1573,FG-A,BATCH-1010,DAY,normal,0,0
5268,2026-01-30T10:30:40.788Z,2026-01-30T10:30:42.475Z,1687,FG-A,BATCH-1010,DAY,normal,0,0
5269,2026-01-30T10:30:42.475Z,2026-01-30T10:30:43.967Z,1492,FG-A,BATCH-1010,DAY,normal,0,0
5270,2026-01-30T10:30:43.967Z,2026-01-30T10:30:45.426Z,1459,FG-A,BATCH-1010,DAY,normal,0,0
5271,2026-01-30T10:30:45.426Z,2026-01-30T10:30:47.037Z,1611,FG-A,BATCH-1010,DAY,normal,0,0
5272,2026-01-30T10:30:47.037Z,2026-01-30T10:30:48.639Z,1602,FG-A,BATCH-1010,DAY,normal,0,0
5273,2026-01-30T10:30:48.639Z,2026-01-30T10:30:50.314Z,1675,FG-A,BATCH-1010,DAY,normal,0,0
5274,2026-01-30T10:30:50.314Z,2026-01-30T10:30:59.532Z,9218,FG-A,BATCH-1010,DAY,long_gap,1,1
5275,2026-01-30T10:30:59.532Z,2026-01-30T10:31:00.963Z,1431,FG-A,BATCH-1010,DAY,normal,0,0
5276,2026-01-30T10:31:00.963Z,2026-01-30T10:31:02.508Z,1545,FG-A,BATCH-1010,DAY,normal,0,0
5277,2026-01-30T10:31:02.508Z,2026-01-30T10:31:04.224Z,1716,FG-A,BATCH-1010,DAY,normal,0,0
5278,2026-01-30T10:31:04.224Z,2026-01-30T10:31:05.790Z,1566,FG-A,BATCH-1010,DAY,normal,0,0
5279,2026-01-30T10:31:05.790Z,2026-01-30T10:31:07.413Z,1623,FG-A,BATCH-1010,DAY,normal,0,0
5280,2026-01-30T10:31:07.413Z,2026-01-30T10:31:09.075Z,1662,FG-A,BATCH-1010,DAY,normal,0,0
5281,2026-01-30T10:31:09.075Z,2026-01-30T10:31:10.804Z,1729,FG-A,BATCH-1010,DAY,normal,0,0
5282,2026-01-30T10:31:10.804Z,2026-01-30T10:31:12.432Z,1628,FG-A,BATCH-1010,DAY,normal,0,0
5283,2026-01-30T10:31:12.432Z,2026-01-30T10:31:13.979Z,1547,FG-A,BATCH-1010,DAY,normal,0,0
5284,2026-01-30T10:31:13.979Z,2026-01-30T10:31:15.579Z,1600,FG-A,BATCH-1010,DAY,normal,0,0
5285,2026-01-30T10:31:15.579Z,2026-01-30T10:31:17.120Z,1541,FG-A,BATCH-1010,DAY,normal,0,0
5286,2026-01-30T10:31:17.120Z,2026-01-30T10:31:18.782Z,1662,FG-A,BATCH-1010,DAY,normal,0,0
5287,2026-01-30T10:31:18.782Z,2026-01-30T10:31:20.358Z,1576,FG-A,BATCH-1010,DAY,normal,0,0
5288,2026-01-30T10:31:20.358Z,2026-01-30T10:31:22.110Z,1752,FG-A,BATCH-1010,DAY,normal,0,0
5289,2026-01-30T10:31:22.110Z,2026-01-30T10:31:23.771Z,1661,FG-A,BATCH-1010,DAY,normal,0,0
5290,2026-01-30T10:31:23.771Z,2026-01-30T10:31:25.356Z,1585,FG-A,BATCH-1010,DAY,normal,0,0
5291,2026-01-30T10:31:25.356Z,2026-01-30T10:31:27.030Z,1674,FG-A,BATCH-1010,DAY,normal,0,0
5292,2026-01-30T10:31:27.030Z,2026-01-30T10:31:28.677Z,1647,FG-A,BATCH-1010,DAY,normal,0,0
5293,2026-01-30T10:31:28.677Z,2026-01-30T10:31:30.360Z,1683,FG-A,BATCH-1010,DAY,normal,0,0
5294,2026-01-30T10:31:30.360Z,2026-01-30T10:31:31.847Z,1487,FG-A,BATCH-1010,DAY,normal,0,0
5295,2026-01-30T10:31:31.847Z,2026-01-30T10:31:33.467Z,1620,FG-A,BATCH-1010,DAY,normal,0,0
5296,2026-01-30T10:31:33.467Z,2026-01-30T10:31:34.951Z,1484,FG-A,BATCH-1010,DAY,normal,0,0
5297,2026-01-30T10:31:34.951Z,2026-01-30T10:31:40.474Z,5523,FG-A,BATCH-1010,DAY,jam_recovery,1,1
5298,2026-01-30T10:31:40.474Z,2026-01-30T10:31:41.997Z,1523,FG-A,BATCH-1010,DAY,normal,0,0
5299,2026-01-30T10:31:41.997Z,2026-01-30T10:31:43.686Z,1689,FG-A,BATCH-1010,DAY,normal,0,0
5300,2026-01-30T10:31:43.686Z,2026-01-30T10:31:45.198Z,1512,FG-A,BATCH-1010,DAY,normal,0,0
5301,2026-01-30T10:31:45.198Z,2026-01-30T10:31:46.952Z,1754,FG-A,BATCH-1010,DAY,normal,0,0
5302,2026-01-30T10:31:46.952Z,2026-01-30T10:31:48.528Z,1576,FG-A,BATCH-1010,DAY,normal,0,0
5303,2026-01-30T10:31:48.528Z,2026-01-30T10:31:50.032Z,1504,FG-A,BATCH-1010,DAY,normal,0,0
5304,2026-01-30T10:31:50.032Z,2026-01-30T10:31:51.781Z,1749,FG-A,BATCH-1010,DAY,normal,0,0
5305,2026-01-30T10:31:51.781Z,2026-01-30T10:31:53.481Z,1700,FG-A,BATCH-1010,DAY,normal,0,0
5306,2026-01-30T10:31:53.481Z,2026-01-30T10:31:55.138Z,1657,FG-A,BATCH-1010,DAY,normal,0,0
5307,2026-01-30T10:31:55.138Z,2026-01-30T10:31:56.758Z,1620,FG-A,BATCH-1010,DAY,normal,0,0
5308,2026-01-30T10:31:56.758Z,2026-01-30T10:31:58.450Z,1692,FG-A,BATCH-1010,DAY,normal,0,0
5309,2026-01-30T10:31:58.450Z,2026-01-30T10:32:00.158Z,1708,FG-A,BATCH-1010,DAY,normal,0,0
5310,2026-01-30T10:32:00.158Z,2026-01-30T10:32:01.748Z,1590,FG-A,BATCH-1010,DAY,normal,0,0
5311,2026-01-30T10:32:01.748Z,2026-01-30T10:32:03.346Z,1598,FG-A,BATCH-1010,DAY,normal,0,0
5312,2026-01-30T10:32:03.346Z,2026-01-30T10:32:04.965Z,1619,FG-A,BATCH-1010,DAY,normal,0,0
5313,2026-01-30T10:32:04.965Z,2026-01-30T10:32:06.567Z,1602,FG-A,BATCH-1010,DAY,normal,0,0
5314,2026-01-30T10:32:06.567Z,2026-01-30T10:32:08.152Z,1585,FG-A,BATCH-1010,DAY,normal,0,0
5315,2026-01-30T10:32:08.152Z,2026-01-30T10:32:09.728Z,1576,FG-A,BATCH-1010,DAY,normal,0,0
5316,2026-01-30T10:32:09.728Z,2026-01-30T10:32:12.950Z,3222,FG-A,BATCH-1010,DAY,slow_cycle,0,1
5317,2026-01-30T10:32:12.950Z,2026-01-30T10:32:14.573Z,1623,FG-A,BATCH-1010,DAY,normal,0,0
5318,2026-01-30T10:32:14.573Z,2026-01-30T10:32:16.094Z,1521,FG-A,BATCH-1010,DAY,normal,0,0
5319,2026-01-30T10:32:16.094Z,2026-01-30T10:32:17.658Z,1564,FG-A,BATCH-1010,DAY,normal,0,0
5320,2026-01-30T10:32:17.658Z,2026-01-30T10:32:19.267Z,1609,FG-A,BATCH-1010,DAY,normal,0,0
5321,2026-01-30T10:32:19.267Z,2026-01-30T10:32:20.969Z,1702,FG-A,BATCH-1010,DAY,normal,0,0
5322,2026-01-30T10:32:20.969Z,2026-01-30T10:32:22.501Z,1532,FG-A,BATCH-1010,DAY,normal,0,0
5323,2026-01-30T10:32:22.501Z,2026-01-30T10:32:24.352Z,1851,FG-A,BATCH-1010,DAY,normal,0,0
5324,2026-01-30T10:32:24.352Z,2026-01-30T10:32:26.054Z,1702,FG-A,BATCH-1010,DAY,normal,0,0
5325,2026-01-30T10:32:26.054Z,2026-01-30T10:32:27.599Z,1545,FG-A,BATCH-1010,DAY,normal,0,0
5326,2026-01-30T10:32:27.599Z,2026-01-30T10:32:30.616Z,3017,FG-A,BATCH-1010,DAY,slow_cycle,0,1
5327,2026-01-30T10:32:30.616Z,2026-01-30T10:32:32.199Z,1583,FG-A,BATCH-1010,DAY,normal,0,0
5328,2026-01-30T10:32:32.199Z,2026-01-30T10:32:33.996Z,1797,FG-A,BATCH-1010,DAY,normal,0,0
5329,2026-01-30T10:32:33.996Z,2026-01-30T10:32:35.445Z,1449,FG-A,BATCH-1010,DAY,normal,0,0
5330,2026-01-30T10:32:35.445Z,2026-01-30T10:32:37.211Z,1766,FG-A,BATCH-1010,DAY,normal,0,0
5331,2026-01-30T10:32:37.211Z,2026-01-30T10:32:38.794Z,1583,FG-A,BATCH-1010,DAY,normal,0,0
5332,2026-01-30T10:32:38.794Z,2026-01-30T10:32:40.648Z,1854,FG-A,BATCH-1010,DAY,normal,0,0
5333,2026-01-30T10:32:40.648Z,2026-01-30T10:32:42.195Z,1547,FG-A,BATCH-1010,DAY,normal,0,0
5334,2026-01-30T10:32:42.195Z,2026-01-30T10:32:43.839Z,1644,FG-A,BATCH-1010,DAY,normal,0,0
5335,2026-01-30T10:32:43.839Z,2026-01-30T10:32:51.847Z,8008,FG-A,BATCH-1010,DAY,long_gap,1,1
5336,2026-01-30T10:32:51.847Z,2026-01-30T10:32:53.517Z,1670,FG-A,BATCH-1010,DAY,normal,0,0
5337,2026-01-30T10:32:53.517Z,2026-01-30T10:32:55.073Z,1556,FG-A,BATCH-1010,DAY,normal,0,0
5338,2026-01-30T10:32:55.073Z,2026-01-30T10:32:56.695Z,1622,FG-A,BATCH-1010,DAY,normal,0,0
5339,2026-01-30T10:32:56.695Z,2026-01-30T10:32:58.344Z,1649,FG-A,BATCH-1010,DAY,normal,0,0
5340,2026-01-30T10:32:58.344Z,2026-01-30T10:33:00.006Z,1662,FG-A,BATCH-1010,DAY,normal,0,0
5341,2026-01-30T10:33:00.006Z,2026-01-30T10:33:01.540Z,1534,FG-A,BATCH-1010,DAY,normal,0,0
5342,2026-01-30T10:33:01.540Z,2026-01-30T10:33:03.007Z,1467,FG-A,BATCH-1010,DAY,normal,0,0
5343,2026-01-30T10:33:03.007Z,2026-01-30T10:33:04.643Z,1636,FG-A,BATCH-1010,DAY,normal,0,0
5344,2026-01-30T10:33:04.643Z,2026-01-30T10:33:06.165Z,1522,FG-A,BATCH-1010,DAY,normal,0,0
5345,2026-01-30T10:33:06.165Z,2026-01-30T10:33:07.618Z,1453,FG-A,BATCH-1010,DAY,normal,0,0
5346,2026-01-30T10:33:07.618Z,2026-01-30T10:33:09.269Z,1651,FG-A,BATCH-1010,DAY,normal,0,0
5347,2026-01-30T10:33:09.269Z,2026-01-30T10:33:10.907Z,1638,FG-A,BATCH-1010,DAY,normal,0,0
5348,2026-01-30T10:33:10.907Z,2026-01-30T10:33:12.546Z,1639,FG-A,BATCH-1010,DAY,normal,0,0
5349,2026-01-30T10:33:12.546Z,2026-01-30T10:33:13.955Z,1409,FG-A,BATCH-1010,DAY,normal,0,0
5350,2026-01-30T10:33:13.955Z,2026-01-30T10:33:15.480Z,1525,FG-A,BATCH-1010,DAY,normal,0,0
5351,2026-01-30T10:33:15.480Z,2026-01-30T10:33:17.133Z,1653,FG-A,BATCH-1010,DAY,normal,0,0
5352,2026-01-30T10:33:17.133Z,2026-01-30T10:33:18.735Z,1602,FG-A,BATCH-1010,DAY,normal,0,0
5353,2026-01-30T10:33:18.735Z,2026-01-30T10:33:20.218Z,1483,FG-A,BATCH-1010,DAY,normal,0,0
5354,2026-01-30T10:33:20.218Z,2026-01-30T10:33:21.837Z,1619,FG-A,BATCH-1010,DAY,normal,0,0
5355,2026-01-30T10:33:21.837Z,2026-01-30T10:33:23.356Z,1519,FG-A,BATCH-1010,DAY,normal,0,0
5356,2026-01-30T10:33:23.356Z,2026-01-30T10:33:24.843Z,1487,FG-A,BATCH-1010,DAY,normal,0,0
5357,2026-01-30T10:33:24.843Z,2026-01-30T10:33:26.351Z,1508,FG-A,BATCH-1010,DAY,normal,0,0
5358,2026-01-30T10:33:26.351Z,2026-01-30T10:33:28.000Z,1649,FG-A,BATCH-1010,DAY,normal,0,0
5359,2026-01-30T10:33:28.000Z,2026-01-30T10:33:29.656Z,1656,FG-A,BATCH-1010,DAY,normal,0,0
5360,2026-01-30T10:33:29.656Z,2026-01-30T10:33:31.191Z,1535,FG-A,BATCH-1010,DAY,normal,0,0
5361,2026-01-30T10:33:31.191Z,2026-01-30T10:33:32.917Z,1726,FG-A,BATCH-1010,DAY,normal,0,0
5362,2026-01-30T10:33:32.917Z,2026-01-30T10:33:38.509Z,5592,FG-A,BATCH-1010,DAY,jam_recovery,1,1
5363,2026-01-30T10:33:38.509Z,2026-01-30T10:33:40.233Z,1724,FG-A,BATCH-1010,DAY,normal,0,0
5364,2026-01-30T10:33:40.233Z,2026-01-30T10:33:41.916Z,1683,FG-A,BATCH-1010,DAY,normal,0,0
5365,2026-01-30T10:33:41.916Z,2026-01-30T10:33:43.648Z,1732,FG-A,BATCH-1010,DAY,normal,0,0
5366,2026-01-30T10:33:43.648Z,2026-01-30T10:33:45.382Z,1734,FG-A,BATCH-1010,DAY,normal,0,0
5367,2026-01-30T10:33:45.382Z,2026-01-30T10:33:47.062Z,1680,FG-A,BATCH-1010,DAY,normal,0,0
5368,2026-01-30T10:33:47.062Z,2026-01-30T10:33:48.675Z,1613,FG-A,BATCH-1010,DAY,normal,0,0
5369,2026-01-30T10:33:48.675Z,2026-01-30T10:33:50.269Z,1594,FG-A,BATCH-1010,DAY,normal,0,0
5370,2026-01-30T10:33:50.269Z,2026-01-30T10:33:51.799Z,1530,FG-A,BATCH-1010,DAY,normal,0,0
5371,2026-01-30T10:33:51.799Z,2026-01-30T10:33:53.477Z,1678,FG-A,BATCH-1010,DAY,normal,0,0
5372,2026-01-30T10:33:53.477Z,2026-01-30T10:33:54.952Z,1475,FG-A,BATCH-1010,DAY,normal,0,0
5373,2026-01-30T10:33:54.952Z,2026-01-30T10:33:56.655Z,1703,FG-A,BATCH-1010,DAY,normal,0,0
5374,2026-01-30T10:33:56.655Z,2026-01-30T10:33:58.177Z,1522,FG-A,BATCH-1010,DAY,normal,0,0
5375,2026-01-30T10:33:58.177Z,2026-01-30T10:33:59.689Z,1512,FG-A,BATCH-1010,DAY,normal,0,0
5376,2026-01-30T10:33:59.689Z,2026-01-30T10:34:01.222Z,1533,FG-A,BATCH-1010,DAY,normal,0,0
5377,2026-01-30T10:34:01.222Z,2026-01-30T10:34:02.907Z,1685,FG-A,BATCH-1010,DAY,normal,0,0
5378,2026-01-30T10:34:02.907Z,2026-01-30T10:34:04.405Z,1498,FG-A,BATCH-1010,DAY,normal,0,0
5379,2026-01-30T10:34:04.405Z,2026-01-30T10:34:06.138Z,1733,FG-A,BATCH-1010,DAY,normal,0,0
5380,2026-01-30T10:34:06.138Z,2026-01-30T10:34:07.640Z,1502,FG-A,BATCH-1010,DAY,normal,0,0
5381,2026-01-30T10:34:07.640Z,2026-01-30T10:34:09.343Z,1703,FG-A,BATCH-1010,DAY,normal,0,0
5382,2026-01-30T10:34:09.343Z,2026-01-30T10:34:11.067Z,1724,FG-A,BATCH-1010,DAY,normal,0,0
5383,2026-01-30T10:34:11.067Z,2026-01-30T10:34:12.624Z,1557,FG-A,BATCH-1010,DAY,normal,0,0
5384,2026-01-30T10:34:12.624Z,2026-01-30T10:34:13.989Z,1365,FG-A,BATCH-1010,DAY,fast_cycle,0,0
5385,2026-01-30T10:34:13.989Z,2026-01-30T10:34:15.493Z,1504,FG-A,BATCH-1010,DAY,normal,0,0
5386,2026-01-30T10:34:15.493Z,2026-01-30T10:34:17.010Z,1517,FG-A,BATCH-1010,DAY,normal,0,0
5387,2026-01-30T10:34:17.010Z,2026-01-30T10:34:18.624Z,1614,FG-A,BATCH-1010,DAY,normal,0,0
5388,2026-01-30T10:34:18.624Z,2026-01-30T10:34:20.230Z,1606,FG-A,BATCH-1010,DAY,normal,0,0
5389,2026-01-30T10:34:20.230Z,2026-01-30T10:34:21.924Z,1694,FG-A,BATCH-1010,DAY,normal,0,0
5390,2026-01-30T10:34:21.924Z,2026-01-30T10:34:23.474Z,1550,FG-A,BATCH-1010,DAY,normal,0,0
5391,2026-01-30T10:34:23.474Z,2026-01-30T10:34:26.155Z,2681,FG-A,BATCH-1010,DAY,slow_cycle,0,1
5392,2026-01-30T10:34:26.155Z,2026-01-30T10:34:27.678Z,1523,FG-A,BATCH-1010,DAY,normal,0,0
5393,2026-01-30T10:34:27.678Z,2026-01-30T10:34:32.866Z,5188,FG-A,BATCH-1010,DAY,jam_recovery,1,1
5394,2026-01-30T10:34:32.866Z,2026-01-30T10:34:34.474Z,1608,FG-A,BATCH-1010,DAY,normal,0,0
5395,2026-01-30T10:34:34.474Z,2026-01-30T10:34:36.121Z,1647,FG-A,BATCH-1010,DAY,normal,0,0
5396,2026-01-30T10:34:36.121Z,2026-01-30T10:34:37.660Z,1539,FG-A,BATCH-1010,DAY,normal,0,0
5397,2026-01-30T10:34:37.660Z,2026-01-30T10:34:39.192Z,1532,FG-A,BATCH-1010,DAY,normal,0,0
5398,2026-01-30T10:34:39.192Z,2026-01-30T10:34:40.772Z,1580,FG-A,BATCH-1010,DAY,normal,0,0
5399,2026-01-30T10:34:40.772Z,2026-01-30T10:34:42.313Z,1541,FG-A,BATCH-1010,DAY,normal,0,0
5400,2026-01-30T10:34:42.313Z,2026-01-30T10:34:43.907Z,1594,FG-A,BATCH-1010,DAY,normal,0,0
5401,2026-01-30T10:34:43.907Z,2026-01-30T10:34:45.399Z,1492,FG-A,BATCH-1010,DAY,normal,0,0
5402,2026-01-30T10:34:45.399Z,2026-01-30T10:34:46.968Z,1569,FG-A,BATCH-1010,DAY,normal,0,0
5403,2026-01-30T10:34:46.968Z,2026-01-30T10:34:48.613Z,1645,FG-A,BATCH-1010,DAY,normal,0,0
5404,2026-01-30T10:34:48.613Z,2026-01-30T10:34:50.288Z,1675,FG-A,BATCH-1010,DAY,normal,0,0
5405,2026-01-30T10:34:50.288Z,2026-01-30T10:34:51.832Z,1544,FG-A,BATCH-1010,DAY,normal,0,0
5406,2026-01-30T10:34:51.832Z,2026-01-30T10:34:53.580Z,1748,FG-A,BATCH-1010,DAY,normal,0,0
5407,2026-01-30T10:34:53.580Z,2026-01-30T10:34:56.957Z,3377,FG-A,BATCH-1010,DAY,slow_cycle,0,1
5408,2026-01-30T10:34:56.957Z,2026-01-30T10:34:58.558Z,1601,FG-A,BATCH-1010,DAY,normal,0,0
5409,2026-01-30T10:34:58.558Z,2026-01-30T10:35:00.302Z,1744,FG-A,BATCH-1010,DAY,normal,0,0
5410,2026-01-30T10:35:00.302Z,2026-01-30T10:35:01.865Z,1563,FG-A,BATCH-1010,DAY,normal,0,0
5411,2026-01-30T10:35:01.865Z,2026-01-30T10:35:03.491Z,1626,FG-A,BATCH-1010,DAY,normal,0,0
5412,2026-01-30T10:35:03.491Z,2026-01-30T10:35:05.060Z,1569,FG-A,BATCH-1010,DAY,normal,0,0
5413,2026-01-30T10:35:05.060Z,2026-01-30T10:35:06.774Z,1714,FG-A,BATCH-1010,DAY,normal,0,0
5414,2026-01-30T10:35:06.774Z,2026-01-30T10:35:08.408Z,1634,FG-A,BATCH-1010,DAY,normal,0,0
5415,2026-01-30T10:35:08.408Z,2026-01-30T10:35:09.926Z,1518,FG-A,BATCH-1010,DAY,normal,0,0
5416,2026-01-30T10:35:09.926Z,2026-01-30T10:35:11.387Z,1461,FG-A,BATCH-1010,DAY,normal,0,0
5417,2026-01-30T10:35:11.387Z,2026-01-30T10:35:13.054Z,1667,FG-A,BATCH-1010,DAY,normal,0,0
5418,2026-01-30T10:35:13.054Z,2026-01-30T10:35:14.599Z,1545,FG-A,BATCH-1010,DAY,normal,0,0
5419,2026-01-30T10:35:14.599Z,2026-01-30T10:35:16.091Z,1492,FG-A,BATCH-1010,DAY,normal,0,0
5420,2026-01-30T10:35:16.091Z,2026-01-30T10:35:18.880Z,2789,FG-A,BATCH-1010,DAY,slow_cycle,0,1
5421,2026-01-30T10:35:18.880Z,2026-01-30T10:35:20.582Z,1702,FG-A,BATCH-1010,DAY,normal,0,0
5422,2026-01-30T10:35:20.582Z,2026-01-30T10:35:22.174Z,1592,FG-A,BATCH-1010,DAY,normal,0,0
5423,2026-01-30T10:35:22.174Z,2026-01-30T10:35:23.907Z,1733,FG-A,BATCH-1010,DAY,normal,0,0
5424,2026-01-30T10:35:23.907Z,2026-01-30T10:35:25.516Z,1609,FG-A,BATCH-1010,DAY,normal,0,0
5425,2026-01-30T10:35:25.516Z,2026-01-30T10:35:27.139Z,1623,FG-A,BATCH-1010,DAY,normal,0,0
5426,2026-01-30T10:35:27.139Z,2026-01-30T10:35:28.709Z,1570,FG-A,BATCH-1010,DAY,normal,0,0
5427,2026-01-30T10:35:28.709Z,2026-01-30T10:35:30.460Z,1751,FG-A,BATCH-1010,DAY,normal,0,0
5428,2026-01-30T10:35:30.460Z,2026-01-30T10:35:32.009Z,1549,FG-A,BATCH-1010,DAY,normal,0,0
5429,2026-01-30T10:35:32.009Z,2026-01-30T10:35:33.551Z,1542,FG-A,BATCH-1010,DAY,normal,0,0
5430,2026-01-30T10:35:33.551Z,2026-01-30T10:35:35.243Z,1692,FG-A,BATCH-1010,DAY,normal,0,0
5431,2026-01-30T10:35:35.243Z,2026-01-30T10:35:36.855Z,1612,FG-A,BATCH-1010,DAY,normal,0,0
5432,2026-01-30T10:35:36.855Z,2026-01-30T10:35:38.308Z,1453,FG-A,BATCH-1010,DAY,normal,0,0
5433,2026-01-30T10:35:38.308Z,2026-01-30T10:35:39.950Z,1642,FG-A,BATCH-1010,DAY,normal,0,0
5434,2026-01-30T10:35:39.950Z,2026-01-30T10:35:45.426Z,5476,FG-A,BATCH-1010,DAY,jam_recovery,1,1
5435,2026-01-30T10:35:45.426Z,2026-01-30T10:35:46.966Z,1540,FG-A,BATCH-1010,DAY,normal,0,0
5436,2026-01-30T10:35:46.966Z,2026-01-30T10:35:48.488Z,1522,FG-A,BATCH-1010,DAY,normal,0,0
5437,2026-01-30T10:35:48.488Z,2026-01-30T10:35:50.003Z,1515,FG-A,BATCH-1010,DAY,normal,0,0
5438,2026-01-30T10:35:50.003Z,2026-01-30T10:35:51.699Z,1696,FG-A,BATCH-1010,DAY,normal,0,0
5439,2026-01-30T10:35:51.699Z,2026-01-30T10:35:53.295Z,1596,FG-A,BATCH-1010,DAY,normal,0,0
5440,2026-01-30T10:35:53.295Z,2026-01-30T10:35:54.889Z,1594,FG-A,BATCH-1010,DAY,normal,0,0
5441,2026-01-30T10:35:54.889Z,2026-01-30T10:35:56.473Z,1584,FG-A,BATCH-1010,DAY,normal,0,0
5442,2026-01-30T10:35:56.473Z,2026-01-30T10:35:58.017Z,1544,FG-A,BATCH-1010,DAY,normal,0,0
5443,2026-01-30T10:35:58.017Z,2026-01-30T10:36:01.571Z,3554,FG-A,BATCH-1010,DAY,slow_cycle,0,1
5444,2026-01-30T10:36:01.571Z,2026-01-30T10:36:03.072Z,1501,FG-A,BATCH-1010,DAY,normal,0,0
5445,2026-01-30T10:36:03.072Z,2026-01-30T10:36:04.638Z,1566,FG-A,BATCH-1010,DAY,normal,0,0
5446,2026-01-30T10:36:04.638Z,2026-01-30T10:36:06.330Z,1692,FG-A,BATCH-1010,DAY,normal,0,0
5447,2026-01-30T10:36:06.330Z,2026-01-30T10:36:08.030Z,1700,FG-A,BATCH-1010,DAY,normal,0,0
5448,2026-01-30T10:36:08.030Z,2026-01-30T10:36:09.693Z,1663,FG-A,BATCH-1010,DAY,normal,0,0
5449,2026-01-30T10:36:09.693Z,2026-01-30T10:36:11.587Z,1894,FG-A,BATCH-1010,DAY,normal,0,0
5450,2026-01-30T10:36:11.587Z,2026-01-30T10:36:13.280Z,1693,FG-A,BATCH-1010,DAY,normal,0,0
5451,2026-01-30T10:36:13.280Z,2026-01-30T10:36:15.023Z,1743,FG-A,BATCH-1010,DAY,normal,0,0
5452,2026-01-30T10:36:15.023Z,2026-01-30T10:36:16.494Z,1471,FG-A,BATCH-1010,DAY,normal,0,0
5453,2026-01-30T10:36:16.494Z,2026-01-30T10:36:18.184Z,1690,FG-A,BATCH-1010,DAY,normal,0,0
5454,2026-01-30T10:36:18.184Z,2026-01-30T10:36:19.750Z,1566,FG-A,BATCH-1010,DAY,normal,0,0
5455,2026-01-30T10:36:19.750Z,2026-01-30T10:36:21.435Z,1685,FG-A,BATCH-1010,DAY,normal,0,0
5456,2026-01-30T10:36:21.435Z,2026-01-30T10:36:23.195Z,1760,FG-A,BATCH-1010,DAY,normal,0,0
5457,2026-01-30T10:36:23.195Z,2026-01-30T10:36:24.759Z,1564,FG-A,BATCH-1010,DAY,normal,0,0
5458,2026-01-30T10:36:24.759Z,2026-01-30T10:36:26.216Z,1457,FG-A,BATCH-1010,DAY,normal,0,0
5459,2026-01-30T10:36:26.216Z,2026-01-30T10:36:27.937Z,1721,FG-A,BATCH-1010,DAY,normal,0,0
5460,2026-01-30T10:36:27.937Z,2026-01-30T10:36:29.588Z,1651,FG-A,BATCH-1010,DAY,normal,0,0
5461,2026-01-30T10:36:29.588Z,2026-01-30T10:36:31.099Z,1511,FG-A,BATCH-1010,DAY,normal,0,0
5462,2026-01-30T10:36:31.099Z,2026-01-30T10:36:32.674Z,1575,FG-A,BATCH-1010,DAY,normal,0,0
5463,2026-01-30T10:36:32.674Z,2026-01-30T10:36:34.391Z,1717,FG-A,BATCH-1010,DAY,normal,0,0
5464,2026-01-30T10:36:34.391Z,2026-01-30T10:36:36.091Z,1700,FG-A,BATCH-1010,DAY,normal,0,0
5465,2026-01-30T10:36:36.091Z,2026-01-30T10:36:37.877Z,1786,FG-A,BATCH-1010,DAY,normal,0,0
5466,2026-01-30T10:36:37.877Z,2026-01-30T10:36:39.576Z,1699,FG-A,BATCH-1010,DAY,normal,0,0
5467,2026-01-30T10:36:39.576Z,2026-01-30T10:36:41.163Z,1587,FG-A,BATCH-1010,DAY,normal,0,0
5468,2026-01-30T10:36:41.163Z,2026-01-30T10:36:42.851Z,1688,FG-A,BATCH-1010,DAY,normal,0,0
5469,2026-01-30T10:36:42.851Z,2026-01-30T10:36:44.555Z,1704,FG-A,BATCH-1010,DAY,normal,0,0
5470,2026-01-30T10:36:44.555Z,2026-01-30T10:36:46.132Z,1577,FG-A,BATCH-1010,DAY,normal,0,0
5471,2026-01-30T10:36:46.132Z,2026-01-30T10:36:47.507Z,1375,FG-A,BATCH-1010,DAY,normal,0,0
5472,2026-01-30T10:36:47.507Z,2026-01-30T10:36:49.012Z,1505,FG-A,BATCH-1010,DAY,normal,0,0
5473,2026-01-30T10:36:49.012Z,2026-01-30T10:36:50.569Z,1557,FG-A,BATCH-1010,DAY,normal,0,0
5474,2026-01-30T10:36:50.569Z,2026-01-30T10:36:52.163Z,1594,FG-A,BATCH-1010,DAY,normal,0,0
5475,2026-01-30T10:36:52.163Z,2026-01-30T10:36:53.569Z,1406,FG-A,BATCH-1010,DAY,normal,0,0
5476,2026-01-30T10:36:53.569Z,2026-01-30T10:36:55.292Z,1723,FG-A,BATCH-1010,DAY,normal,0,0
5477,2026-01-30T10:36:55.292Z,2026-01-30T10:36:56.754Z,1462,FG-A,BATCH-1010,DAY,normal,0,0
5478,2026-01-30T10:36:56.754Z,2026-01-30T10:36:58.398Z,1644,FG-A,BATCH-1010,DAY,normal,0,0
5479,2026-01-30T10:36:58.398Z,2026-01-30T10:36:59.958Z,1560,FG-A,BATCH-1010,DAY,normal,0,0
5480,2026-01-30T10:36:59.958Z,2026-01-30T10:37:01.525Z,1567,FG-A,BATCH-1010,DAY,normal,0,0
5481,2026-01-30T10:37:01.525Z,2026-01-30T10:37:03.198Z,1673,FG-A,BATCH-1010,DAY,normal,0,0
5482,2026-01-30T10:37:03.198Z,2026-01-30T10:37:04.731Z,1533,FG-A,BATCH-1010,DAY,normal,0,0
5483,2026-01-30T10:37:04.731Z,2026-01-30T10:37:06.350Z,1619,FG-A,BATCH-1010,DAY,normal,0,0
5484,2026-01-30T10:37:06.350Z,2026-01-30T10:37:08.026Z,1676,FG-A,BATCH-1010,DAY,normal,0,0
5485,2026-01-30T10:37:08.026Z,2026-01-30T10:37:09.384Z,1358,FG-A,BATCH-1010,DAY,normal,0,0
5486,2026-01-30T10:37:09.384Z,2026-01-30T10:37:10.918Z,1534,FG-A,BATCH-1010,DAY,normal,0,0
5487,2026-01-30T10:37:10.918Z,2026-01-30T10:37:12.468Z,1550,FG-A,BATCH-1010,DAY,normal,0,0
5488,2026-01-30T10:37:12.468Z,2026-01-30T10:37:19.317Z,6849,FG-A,BATCH-1010,DAY,long_gap,1,1
5489,2026-01-30T10:37:19.317Z,2026-01-30T10:37:20.976Z,1659,FG-A,BATCH-1010,DAY,normal,0,0
5490,2026-01-30T10:37:20.976Z,2026-01-30T10:37:22.787Z,1811,FG-A,BATCH-1010,DAY,normal,0,0
5491,2026-01-30T10:37:22.787Z,2026-01-30T10:37:24.157Z,1370,FG-A,BATCH-1010,DAY,normal,0,0
5492,2026-01-30T10:37:24.157Z,2026-01-30T10:37:25.694Z,1537,FG-A,BATCH-1010,DAY,normal,0,0
5493,2026-01-30T10:37:25.694Z,2026-01-30T10:37:27.332Z,1638,FG-A,BATCH-1010,DAY,normal,0,0
5494,2026-01-30T10:37:27.332Z,2026-01-30T10:37:28.956Z,1624,FG-A,BATCH-1010,DAY,normal,0,0
5495,2026-01-30T10:37:28.956Z,2026-01-30T10:37:31.699Z,2743,FG-A,BATCH-1010,DAY,slow_cycle,0,1
5496,2026-01-30T10:37:31.699Z,2026-01-30T10:37:33.288Z,1589,FG-A,BATCH-1010,DAY,normal,0,0
5497,2026-01-30T10:37:33.288Z,2026-01-30T10:37:34.811Z,1523,FG-A,BATCH-1010,DAY,normal,0,0
5498,2026-01-30T10:37:34.811Z,2026-01-30T10:37:36.422Z,1611,FG-A,BATCH-1010,DAY,normal,0,0
5499,2026-01-30T10:37:36.422Z,2026-01-30T10:37:37.933Z,1511,FG-A,BATCH-1010,DAY,normal,0,0
5500,2026-01-30T10:37:37.933Z,2026-01-30T10:37:39.474Z,1541,FG-A,BATCH-1011,DAY,normal,0,0
5501,2026-01-30T10:37:39.474Z,2026-01-30T10:37:40.993Z,1519,FG-A,BATCH-1011,DAY,normal,0,0
5502,2026-01-30T10:37:40.993Z,2026-01-30T10:37:42.580Z,1587,FG-A,BATCH-1011,DAY,normal,0,0
5503,2026-01-30T10:37:42.580Z,2026-01-30T10:37:44.357Z,1777,FG-A,BATCH-1011,DAY,normal,0,0
5504,2026-01-30T10:37:44.357Z,2026-01-30T10:37:46.005Z,1648,FG-A,BATCH-1011,DAY,normal,0,0
5505,2026-01-30T10:37:46.005Z,2026-01-30T10:37:47.691Z,1686,FG-A,BATCH-1011,DAY,normal,0,0
5506,2026-01-30T10:37:47.691Z,2026-01-30T10:37:49.310Z,1619,FG-A,BATCH-1011,DAY,normal,0,0
5507,2026-01-30T10:37:49.310Z,2026-01-30T10:37:50.848Z,1538,FG-A,BATCH-1011,DAY,normal,0,0
5508,2026-01-30T10:37:50.848Z,2026-01-30T10:37:52.630Z,1782,FG-A,BATCH-1011,DAY,normal,0,0
5509,2026-01-30T10:37:52.630Z,2026-01-30T10:37:54.321Z,1691,FG-A,BATCH-1011,DAY,normal,0,0
5510,2026-01-30T10:37:54.321Z,2026-01-30T10:37:55.916Z,1595,FG-A,BATCH-1011,DAY,normal,0,0
5511,2026-01-30T10:37:55.916Z,2026-01-30T10:37:57.595Z,1679,FG-A,BATCH-1011,DAY,normal,0,0
5512,2026-01-30T10:37:57.595Z,2026-01-30T10:37:59.156Z,1561,FG-A,BATCH-1011,DAY,normal,0,0
5513,2026-01-30T10:37:59.156Z,2026-01-30T10:38:00.639Z,1483,FG-A,BATCH-1011,DAY,normal,0,0
5514,2026-01-30T10:38:00.639Z,2026-01-30T10:38:02.286Z,1647,FG-A,BATCH-1011,DAY,normal,0,0
5515,2026-01-30T10:38:02.286Z,2026-01-30T10:38:03.948Z,1662,FG-A,BATCH-1011,DAY,normal,0,0
5516,2026-01-30T10:38:03.948Z,2026-01-30T10:38:05.496Z,1548,FG-A,BATCH-1011,DAY,normal,0,0
5517,2026-01-30T10:38:05.496Z,2026-01-30T10:38:07.155Z,1659,FG-A,BATCH-1011,DAY,normal,0,0
5518,2026-01-30T10:38:07.155Z,2026-01-30T10:38:08.682Z,1527,FG-A,BATCH-1011,DAY,normal,0,0
5519,2026-01-30T10:38:08.682Z,2026-01-30T10:38:10.201Z,1519,FG-A,BATCH-1011,DAY,normal,0,0
5520,2026-01-30T10:38:10.201Z,2026-01-30T10:38:11.794Z,1593,FG-A,BATCH-1011,DAY,normal,0,0
5521,2026-01-30T10:38:11.794Z,2026-01-30T10:38:13.247Z,1453,FG-A,BATCH-1011,DAY,normal,0,0
5522,2026-01-30T10:38:13.247Z,2026-01-30T10:38:15.699Z,2452,FG-A,BATCH-1011,DAY,slow_cycle,0,1
5523,2026-01-30T10:38:15.699Z,2026-01-30T10:38:17.388Z,1689,FG-A,BATCH-1011,DAY,normal,0,0
5524,2026-01-30T10:38:17.388Z,2026-01-30T10:38:18.923Z,1535,FG-A,BATCH-1011,DAY,normal,0,0
5525,2026-01-30T10:38:18.923Z,2026-01-30T10:38:20.485Z,1562,FG-A,BATCH-1011,DAY,normal,0,0
5526,2026-01-30T10:38:20.485Z,2026-01-30T10:38:22.181Z,1696,FG-A,BATCH-1011,DAY,normal,0,0
5527,2026-01-30T10:38:22.181Z,2026-01-30T10:38:23.777Z,1596,FG-A,BATCH-1011,DAY,normal,0,0
5528,2026-01-30T10:38:23.777Z,2026-01-30T10:38:25.345Z,1568,FG-A,BATCH-1011,DAY,normal,0,0
5529,2026-01-30T10:38:25.345Z,2026-01-30T10:38:26.989Z,1644,FG-A,BATCH-1011,DAY,normal,0,0
5530,2026-01-30T10:38:26.989Z,2026-01-30T10:38:28.454Z,1465,FG-A,BATCH-1011,DAY,normal,0,0
5531,2026-01-30T10:38:28.454Z,2026-01-30T10:38:30.188Z,1734,FG-A,BATCH-1011,DAY,normal,0,0
5532,2026-01-30T10:38:30.188Z,2026-01-30T10:38:31.728Z,1540,FG-A,BATCH-1011,DAY,normal,0,0
5533,2026-01-30T10:38:31.728Z,2026-01-30T10:38:35.153Z,3425,FG-A,BATCH-1011,DAY,slow_cycle,0,1
5534,2026-01-30T10:38:35.153Z,2026-01-30T10:38:36.706Z,1553,FG-A,BATCH-1011,DAY,normal,0,0
5535,2026-01-30T10:38:36.706Z,2026-01-30T10:38:38.372Z,1666,FG-A,BATCH-1011,DAY,normal,0,0
5536,2026-01-30T10:38:38.372Z,2026-01-30T10:38:39.999Z,1627,FG-A,BATCH-1011,DAY,normal,0,0
5537,2026-01-30T10:38:39.999Z,2026-01-30T10:38:41.432Z,1433,FG-A,BATCH-1011,DAY,normal,0,0
5538,2026-01-30T10:38:41.432Z,2026-01-30T10:38:42.827Z,1395,FG-A,BATCH-1011,DAY,normal,0,0
5539,2026-01-30T10:38:42.827Z,2026-01-30T10:38:44.478Z,1651,FG-A,BATCH-1011,DAY,normal,0,0
5540,2026-01-30T10:38:44.478Z,2026-01-30T10:38:46.170Z,1692,FG-A,BATCH-1011,DAY,normal,0,0
5541,2026-01-30T10:38:46.170Z,2026-01-30T10:38:47.631Z,1461,FG-A,BATCH-1011,DAY,normal,0,0
5542,2026-01-30T10:38:47.631Z,2026-01-30T10:38:49.270Z,1639,FG-A,BATCH-1011,DAY,normal,0,0
5543,2026-01-30T10:38:49.270Z,2026-01-30T10:38:51.002Z,1732,FG-A,BATCH-1011,DAY,normal,0,0
5544,2026-01-30T10:38:51.002Z,2026-01-30T10:38:52.582Z,1580,FG-A,BATCH-1011,DAY,normal,0,0
5545,2026-01-30T10:38:52.582Z,2026-01-30T10:38:54.210Z,1628,FG-A,BATCH-1011,DAY,normal,0,0
5546,2026-01-30T10:38:54.210Z,2026-01-30T10:38:55.797Z,1587,FG-A,BATCH-1011,DAY,normal,0,0
5547,2026-01-30T10:38:55.797Z,2026-01-30T10:38:56.925Z,1128,FG-A,BATCH-1011,DAY,fast_cycle,0,0
5548,2026-01-30T10:38:56.925Z,2026-01-30T10:38:58.523Z,1598,FG-A,BATCH-1011,DAY,normal,0,0
5549,2026-01-30T10:38:58.523Z,2026-01-30T10:39:00.193Z,1670,FG-A,BATCH-1011,DAY,normal,0,0
5550,2026-01-30T10:39:00.193Z,2026-01-30T10:39:01.748Z,1555,FG-A,BATCH-1011,DAY,normal,0,0
5551,2026-01-30T10:39:01.748Z,2026-01-30T10:39:03.287Z,1539,FG-A,BATCH-1011,DAY,normal,0,0
5552,2026-01-30T10:39:03.287Z,2026-01-30T10:39:05.010Z,1723,FG-A,BATCH-1011,DAY,normal,0,0
5553,2026-01-30T10:39:05.010Z,2026-01-30T10:39:06.639Z,1629,FG-A,BATCH-1011,DAY,normal,0,0
5554,2026-01-30T10:39:06.639Z,2026-01-30T10:39:08.302Z,1663,FG-A,BATCH-1011,DAY,normal,0,0
5555,2026-01-30T10:39:08.302Z,2026-01-30T10:39:10.065Z,1763,FG-A,BATCH-1011,DAY,normal,0,0
5556,2026-01-30T10:39:10.065Z,2026-01-30T10:39:11.628Z,1563,FG-A,BATCH-1011,DAY,normal,0,0
5557,2026-01-30T10:39:11.628Z,2026-01-30T10:39:13.220Z,1592,FG-A,BATCH-1011,DAY,normal,0,0
5558,2026-01-30T10:39:13.220Z,2026-01-30T10:39:14.724Z,1504,FG-A,BATCH-1011,DAY,normal,0,0
5559,2026-01-30T10:39:14.724Z,2026-01-30T10:39:16.268Z,1544,FG-A,BATCH-1011,DAY,normal,0,0
5560,2026-01-30T10:39:16.268Z,2026-01-30T10:39:17.808Z,1540,FG-A,BATCH-1011,DAY,normal,0,0
5561,2026-01-30T10:39:17.808Z,2026-01-30T10:39:19.526Z,1718,FG-A,BATCH-1011,DAY,normal,0,0
5562,2026-01-30T10:39:19.526Z,2026-01-30T10:39:21.177Z,1651,FG-A,BATCH-1011,DAY,normal,0,0
5563,2026-01-30T10:39:21.177Z,2026-01-30T10:39:22.804Z,1627,FG-A,BATCH-1011,DAY,normal,0,0
5564,2026-01-30T10:39:22.804Z,2026-01-30T10:39:24.277Z,1473,FG-A,BATCH-1011,DAY,normal,0,0
5565,2026-01-30T10:39:24.277Z,2026-01-30T10:39:25.883Z,1606,FG-A,BATCH-1011,DAY,normal,0,0
5566,2026-01-30T10:39:25.883Z,2026-01-30T10:39:27.630Z,1747,FG-A,BATCH-1011,DAY,normal,0,0
5567,2026-01-30T10:39:27.630Z,2026-01-30T10:39:29.353Z,1723,FG-A,BATCH-1011,DAY,normal,0,0
5568,2026-01-30T10:39:29.353Z,2026-01-30T10:39:30.994Z,1641,FG-A,BATCH-1011,DAY,normal,0,0
5569,2026-01-30T10:39:30.994Z,2026-01-30T10:39:44.306Z,13312,FG-A,BATCH-1011,DAY,long_gap,1,1
5570,2026-01-30T10:39:44.306Z,2026-01-30T10:39:45.812Z,1506,FG-A,BATCH-1011,DAY,normal,0,0
5571,2026-01-30T10:39:45.812Z,2026-01-30T10:39:47.342Z,1530,FG-A,BATCH-1011,DAY,normal,0,0
5572,2026-01-30T10:39:47.342Z,2026-01-30T10:39:48.704Z,1362,FG-A,BATCH-1011,DAY,normal,0,0
5573,2026-01-30T10:39:48.704Z,2026-01-30T10:39:50.278Z,1574,FG-A,BATCH-1011,DAY,normal,0,0
5574,2026-01-30T10:39:50.278Z,2026-01-30T10:39:51.874Z,1596,FG-A,BATCH-1011,DAY,normal,0,0
5575,2026-01-30T10:39:51.874Z,2026-01-30T10:39:53.545Z,1671,FG-A,BATCH-1011,DAY,normal,0,0
5576,2026-01-30T10:39:53.545Z,2026-01-30T10:39:54.897Z,1352,FG-A,BATCH-1011,DAY,normal,0,0
5577,2026-01-30T10:39:54.897Z,2026-01-30T10:39:56.588Z,1691,FG-A,BATCH-1011,DAY,normal,0,0
5578,2026-01-30T10:39:56.588Z,2026-01-30T10:39:58.074Z,1486,FG-A,BATCH-1011,DAY,normal,0,0
5579,2026-01-30T10:39:58.074Z,2026-01-30T10:39:59.902Z,1828,FG-A,BATCH-1011,DAY,normal,0,0
5580,2026-01-30T10:39:59.902Z,2026-01-30T10:40:01.589Z,1687,FG-A,BATCH-1011,DAY,normal,0,0
5581,2026-01-30T10:40:01.589Z,2026-01-30T10:40:03.224Z,1635,FG-A,BATCH-1011,DAY,normal,0,0
5582,2026-01-30T10:40:03.224Z,2026-01-30T10:40:04.692Z,1468,FG-A,BATCH-1011,DAY,normal,0,0
5583,2026-01-30T10:40:04.692Z,2026-01-30T10:40:06.334Z,1642,FG-A,BATCH-1011,DAY,normal,0,0
5584,2026-01-30T10:40:06.334Z,2026-01-30T10:40:07.957Z,1623,FG-A,BATCH-1011,DAY,normal,0,0
5585,2026-01-30T10:40:07.957Z,2026-01-30T10:40:09.393Z,1436,FG-A,BATCH-1011,DAY,normal,0,0
5586,2026-01-30T10:40:09.393Z,2026-01-30T10:40:10.937Z,1544,FG-A,BATCH-1011,DAY,normal,0,0
5587,2026-01-30T10:40:10.937Z,2026-01-30T10:40:12.637Z,1700,FG-A,BATCH-1011,DAY,normal,0,0
5588,2026-01-30T10:40:12.637Z,2026-01-30T10:40:14.135Z,1498,FG-A,BATCH-1011,DAY,normal,0,0
5589,2026-01-30T10:40:14.135Z,2026-01-30T10:40:15.650Z,1515,FG-A,BATCH-1011,DAY,normal,0,0
5590,2026-01-30T10:40:15.650Z,2026-01-30T10:40:17.261Z,1611,FG-A,BATCH-1011,DAY,normal,0,0
5591,2026-01-30T10:40:17.261Z,2026-01-30T10:40:18.689Z,1428,FG-A,BATCH-1011,DAY,normal,0,0
5592,2026-01-30T10:40:18.689Z,2026-01-30T10:40:20.414Z,1725,FG-A,BATCH-1011,DAY,normal,0,0
5593,2026-01-30T10:40:20.414Z,2026-01-30T10:40:22.206Z,1792,FG-A,BATCH-1011,DAY,normal,0,0
5594,2026-01-30T10:40:22.206Z,2026-01-30T10:40:23.839Z,1633,FG-A,BATCH-1011,DAY,normal,0,0
5595,2026-01-30T10:40:23.839Z,2026-01-30T10:40:25.272Z,1433,FG-A,BATCH-1011,DAY,normal,0,0
5596,2026-01-30T10:40:25.272Z,2026-01-30T10:40:26.681Z,1409,FG-A,BATCH-1011,DAY,normal,0,0
5597,2026-01-30T10:40:26.681Z,2026-01-30T10:40:28.307Z,1626,FG-A,BATCH-1011,DAY,normal,0,0
5598,2026-01-30T10:40:28.307Z,2026-01-30T10:40:29.855Z,1548,FG-A,BATCH-1011,DAY,normal,0,0
5599,2026-01-30T10:40:29.855Z,2026-01-30T10:40:31.525Z,1670,FG-A,BATCH-1011,DAY,normal,0,0
5600,2026-01-30T10:40:31.525Z,2026-01-30T10:40:33.033Z,1508,FG-A,BATCH-1011,DAY,normal,0,0
5601,2026-01-30T10:40:33.033Z,2026-01-30T10:40:34.669Z,1636,FG-A,BATCH-1011,DAY,normal,0,0
5602,2026-01-30T10:40:34.669Z,2026-01-30T10:40:36.056Z,1387,FG-A,BATCH-1011,DAY,normal,0,0
5603,2026-01-30T10:40:36.056Z,2026-01-30T10:40:37.790Z,1734,FG-A,BATCH-1011,DAY,normal,0,0
5604,2026-01-30T10:40:37.790Z,2026-01-30T10:40:41.088Z,3298,FG-A,BATCH-1011,DAY,slow_cycle,0,1
5605,2026-01-30T10:40:41.088Z,2026-01-30T10:40:42.655Z,1567,FG-A,BATCH-1011,DAY,normal,0,0
5606,2026-01-30T10:40:42.655Z,2026-01-30T10:40:44.231Z,1576,FG-A,BATCH-1011,DAY,normal,0,0
5607,2026-01-30T10:40:44.231Z,2026-01-30T10:40:45.746Z,1515,FG-A,BATCH-1011,DAY,normal,0,0
5608,2026-01-30T10:40:45.746Z,2026-01-30T10:40:47.360Z,1614,FG-A,BATCH-1011,DAY,normal,0,0
5609,2026-01-30T10:40:47.360Z,2026-01-30T10:40:48.871Z,1511,FG-A,BATCH-1011,DAY,normal,0,0
5610,2026-01-30T10:40:48.871Z,2026-01-30T10:40:50.488Z,1617,FG-A,BATCH-1011,DAY,normal,0,0
5611,2026-01-30T10:40:50.488Z,2026-01-30T10:40:52.190Z,1702,FG-A,BATCH-1011,DAY,normal,0,0
5612,2026-01-30T10:40:52.190Z,2026-01-30T10:40:53.786Z,1596,FG-A,BATCH-1011,DAY,normal,0,0
5613,2026-01-30T10:40:53.786Z,2026-01-30T10:40:55.462Z,1676,FG-A,BATCH-1011,DAY,normal,0,0
5614,2026-01-30T10:40:55.462Z,2026-01-30T10:40:56.513Z,1051,FG-A,BATCH-1011,DAY,fast_cycle,0,0
5615,2026-01-30T10:40:56.513Z,2026-01-30T10:40:58.152Z,1639,FG-A,BATCH-1011,DAY,normal,0,0
5616,2026-01-30T10:40:58.152Z,2026-01-30T10:40:59.836Z,1684,FG-A,BATCH-1011,DAY,normal,0,0
5617,2026-01-30T10:40:59.836Z,2026-01-30T10:41:01.368Z,1532,FG-A,BATCH-1011,DAY,normal,0,0
5618,2026-01-30T10:41:01.368Z,2026-01-30T10:41:02.928Z,1560,FG-A,BATCH-1011,DAY,normal,0,0
5619,2026-01-30T10:41:02.928Z,2026-01-30T10:41:04.550Z,1622,FG-A,BATCH-1011,DAY,normal,0,0
5620,2026-01-30T10:41:04.550Z,2026-01-30T10:41:05.994Z,1444,FG-A,BATCH-1011,DAY,normal,0,0
5621,2026-01-30T10:41:05.994Z,2026-01-30T10:41:07.743Z,1749,FG-A,BATCH-1011,DAY,normal,0,0
5622,2026-01-30T10:41:07.743Z,2026-01-30T10:41:09.334Z,1591,FG-A,BATCH-1011,DAY,normal,0,0
5623,2026-01-30T10:41:09.334Z,2026-01-30T10:41:10.841Z,1507,FG-A,BATCH-1011,DAY,normal,0,0
5624,2026-01-30T10:41:10.841Z,2026-01-30T10:41:12.463Z,1622,FG-A,BATCH-1011,DAY,normal,0,0
5625,2026-01-30T10:41:12.463Z,2026-01-30T10:41:14.098Z,1635,FG-A,BATCH-1011,DAY,normal,0,0
5626,2026-01-30T10:41:14.098Z,2026-01-30T10:41:15.749Z,1651,FG-A,BATCH-1011,DAY,normal,0,0
5627,2026-01-30T10:41:15.749Z,2026-01-30T10:41:17.377Z,1628,FG-A,BATCH-1011,DAY,normal,0,0
5628,2026-01-30T10:41:17.377Z,2026-01-30T10:41:18.960Z,1583,FG-A,BATCH-1011,DAY,normal,0,0
5629,2026-01-30T10:41:18.960Z,2026-01-30T10:41:22.294Z,3334,FG-A,BATCH-1011,DAY,slow_cycle,0,1
5630,2026-01-30T10:41:22.294Z,2026-01-30T10:41:24.036Z,1742,FG-A,BATCH-1011,DAY,normal,0,0
5631,2026-01-30T10:41:24.036Z,2026-01-30T10:41:25.695Z,1659,FG-A,BATCH-1011,DAY,normal,0,0
5632,2026-01-30T10:41:25.695Z,2026-01-30T10:41:27.410Z,1715,FG-A,BATCH-1011,DAY,normal,0,0
5633,2026-01-30T10:41:27.410Z,2026-01-30T10:41:28.836Z,1426,FG-A,BATCH-1011,DAY,normal,0,0
5634,2026-01-30T10:41:28.836Z,2026-01-30T10:41:30.469Z,1633,FG-A,BATCH-1011,DAY,normal,0,0
5635,2026-01-30T10:41:30.469Z,2026-01-30T10:41:32.157Z,1688,FG-A,BATCH-1011,DAY,normal,0,0
5636,2026-01-30T10:41:32.157Z,2026-01-30T10:41:33.682Z,1525,FG-A,BATCH-1011,DAY,normal,0,0
5637,2026-01-30T10:41:33.682Z,2026-01-30T10:41:35.138Z,1456,FG-A,BATCH-1011,DAY,normal,0,0
5638,2026-01-30T10:41:35.138Z,2026-01-30T10:41:36.775Z,1637,FG-A,BATCH-1011,DAY,normal,0,0
5639,2026-01-30T10:41:36.775Z,2026-01-30T10:41:38.371Z,1596,FG-A,BATCH-1011,DAY,normal,0,0
5640,2026-01-30T10:41:38.371Z,2026-01-30T10:41:39.931Z,1560,FG-A,BATCH-1011,DAY,normal,0,0
5641,2026-01-30T10:41:39.931Z,2026-01-30T10:41:41.523Z,1592,FG-A,BATCH-1011,DAY,normal,0,0
5642,2026-01-30T10:41:41.523Z,2026-01-30T10:41:43.095Z,1572,FG-A,BATCH-1011,DAY,normal,0,0
5643,2026-01-30T10:41:43.095Z,2026-01-30T10:41:47.891Z,4796,FG-A,BATCH-1011,DAY,jam_recovery,0,1
5644,2026-01-30T10:41:47.891Z,2026-01-30T10:41:49.530Z,1639,FG-A,BATCH-1011,DAY,normal,0,0
5645,2026-01-30T10:41:49.530Z,2026-01-30T10:41:50.959Z,1429,FG-A,BATCH-1011,DAY,normal,0,0
5646,2026-01-30T10:41:50.959Z,2026-01-30T10:41:52.445Z,1486,FG-A,BATCH-1011,DAY,normal,0,0
5647,2026-01-30T10:41:52.445Z,2026-01-30T10:41:53.918Z,1473,FG-A,BATCH-1011,DAY,normal,0,0
5648,2026-01-30T10:41:53.918Z,2026-01-30T10:41:55.529Z,1611,FG-A,BATCH-1011,DAY,normal,0,0
5649,2026-01-30T10:41:55.529Z,2026-01-30T10:41:57.003Z,1474,FG-A,BATCH-1011,DAY,normal,0,0
5650,2026-01-30T10:41:57.003Z,2026-01-30T10:41:58.775Z,1772,FG-A,BATCH-1011,DAY,normal,0,0
5651,2026-01-30T10:41:58.775Z,2026-01-30T10:42:00.476Z,1701,FG-A,BATCH-1011,DAY,normal,0,0
5652,2026-01-30T10:42:00.476Z,2026-01-30T10:42:02.066Z,1590,FG-A,BATCH-1011,DAY,normal,0,0
5653,2026-01-30T10:42:02.066Z,2026-01-30T10:42:03.492Z,1426,FG-A,BATCH-1011,DAY,normal,0,0
5654,2026-01-30T10:42:03.492Z,2026-01-30T10:42:04.893Z,1401,FG-A,BATCH-1011,DAY,normal,0,0
5655,2026-01-30T10:42:04.893Z,2026-01-30T10:42:06.540Z,1647,FG-A,BATCH-1011,DAY,normal,0,0
5656,2026-01-30T10:42:06.540Z,2026-01-30T10:42:08.251Z,1711,FG-A,BATCH-1011,DAY,normal,0,0
5657,2026-01-30T10:42:08.251Z,2026-01-30T10:42:09.900Z,1649,FG-A,BATCH-1011,DAY,normal,0,0
5658,2026-01-30T10:42:09.900Z,2026-01-30T10:42:11.426Z,1526,FG-A,BATCH-1011,DAY,normal,0,0
5659,2026-01-30T10:42:11.426Z,2026-01-30T10:42:14.239Z,2813,FG-A,BATCH-1011,DAY,slow_cycle,0,1
5660,2026-01-30T10:42:14.239Z,2026-01-30T10:42:16.975Z,2736,FG-A,BATCH-1011,DAY,slow_cycle,0,1
5661,2026-01-30T10:42:16.975Z,2026-01-30T10:42:18.570Z,1595,FG-A,BATCH-1011,DAY,normal,0,0
5662,2026-01-30T10:42:18.570Z,2026-01-30T10:42:20.154Z,1584,FG-A,BATCH-1011,DAY,normal,0,0
5663,2026-01-30T10:42:20.154Z,2026-01-30T10:42:21.809Z,1655,FG-A,BATCH-1011,DAY,normal,0,0
5664,2026-01-30T10:42:21.809Z,2026-01-30T10:42:23.261Z,1452,FG-A,BATCH-1011,DAY,normal,0,0
5665,2026-01-30T10:42:23.261Z,2026-01-30T10:42:24.885Z,1624,FG-A,BATCH-1011,DAY,normal,0,0
5666,2026-01-30T10:42:24.885Z,2026-01-30T10:42:26.352Z,1467,FG-A,BATCH-1011,DAY,normal,0,0
5667,2026-01-30T10:42:26.352Z,2026-01-30T10:42:28.094Z,1742,FG-A,BATCH-1011,DAY,normal,0,0
5668,2026-01-30T10:42:28.094Z,2026-01-30T10:42:29.690Z,1596,FG-A,BATCH-1011,DAY,normal,0,0
5669,2026-01-30T10:42:29.690Z,2026-01-30T10:42:32.635Z,2945,FG-A,BATCH-1011,DAY,slow_cycle,0,1
5670,2026-01-30T10:42:32.635Z,2026-01-30T10:42:34.314Z,1679,FG-A,BATCH-1011,DAY,normal,0,0
5671,2026-01-30T10:42:34.314Z,2026-01-30T10:42:35.764Z,1450,FG-A,BATCH-1011,DAY,normal,0,0
5672,2026-01-30T10:42:35.764Z,2026-01-30T10:42:37.312Z,1548,FG-A,BATCH-1011,DAY,normal,0,0
5673,2026-01-30T10:42:37.312Z,2026-01-30T10:42:38.971Z,1659,FG-A,BATCH-1011,DAY,normal,0,0
5674,2026-01-30T10:42:38.971Z,2026-01-30T10:42:40.525Z,1554,FG-A,BATCH-1011,DAY,normal,0,0
5675,2026-01-30T10:42:40.525Z,2026-01-30T10:42:42.206Z,1681,FG-A,BATCH-1011,DAY,normal,0,0
5676,2026-01-30T10:42:42.206Z,2026-01-30T10:42:43.810Z,1604,FG-A,BATCH-1011,DAY,normal,0,0
5677,2026-01-30T10:42:43.810Z,2026-01-30T10:42:45.483Z,1673,FG-A,BATCH-1011,DAY,normal,0,0
5678,2026-01-30T10:42:45.483Z,2026-01-30T10:42:46.902Z,1419,FG-A,BATCH-1011,DAY,normal,0,0
5679,2026-01-30T10:42:46.902Z,2026-01-30T10:42:48.554Z,1652,FG-A,BATCH-1011,DAY,normal,0,0
5680,2026-01-30T10:42:48.554Z,2026-01-30T10:42:50.134Z,1580,FG-A,BATCH-1011,DAY,normal,0,0
5681,2026-01-30T10:42:50.134Z,2026-01-30T10:42:51.564Z,1430,FG-A,BATCH-1011,DAY,normal,0,0
5682,2026-01-30T10:42:51.564Z,2026-01-30T10:42:53.098Z,1534,FG-A,BATCH-1011,DAY,normal,0,0
5683,2026-01-30T10:42:53.098Z,2026-01-30T10:42:54.722Z,1624,FG-A,BATCH-1011,DAY,normal,0,0
5684,2026-01-30T10:42:54.722Z,2026-01-30T10:42:56.357Z,1635,FG-A,BATCH-1011,DAY,normal,0,0
5685,2026-01-30T10:42:56.357Z,2026-01-30T10:42:57.975Z,1618,FG-A,BATCH-1011,DAY,normal,0,0
5686,2026-01-30T10:42:57.975Z,2026-01-30T10:42:59.675Z,1700,FG-A,BATCH-1011,DAY,normal,0,0
5687,2026-01-30T10:42:59.675Z,2026-01-30T10:43:01.371Z,1696,FG-A,BATCH-1011,DAY,normal,0,0
5688,2026-01-30T10:43:01.371Z,2026-01-30T10:43:02.831Z,1460,FG-A,BATCH-1011,DAY,normal,0,0
5689,2026-01-30T10:43:02.831Z,2026-01-30T10:43:04.319Z,1488,FG-A,BATCH-1011,DAY,normal,0,0
5690,2026-01-30T10:43:04.319Z,2026-01-30T10:43:06.073Z,1754,FG-A,BATCH-1011,DAY,normal,0,0
5691,2026-01-30T10:43:06.073Z,2026-01-30T10:43:07.642Z,1569,FG-A,BATCH-1011,DAY,normal,0,0
5692,2026-01-30T10:43:07.642Z,2026-01-30T10:43:21.577Z,13935,FG-A,BATCH-1011,DAY,long_gap,1,1
5693,2026-01-30T10:43:21.577Z,2026-01-30T10:43:23.229Z,1652,FG-A,BATCH-1011,DAY,normal,0,0
5694,2026-01-30T10:43:23.229Z,2026-01-30T10:43:24.869Z,1640,FG-A,BATCH-1011,DAY,normal,0,0
5695,2026-01-30T10:43:24.869Z,2026-01-30T10:43:26.384Z,1515,FG-A,BATCH-1011,DAY,normal,0,0
5696,2026-01-30T10:43:26.384Z,2026-01-30T10:43:27.799Z,1415,FG-A,BATCH-1011,DAY,normal,0,0
5697,2026-01-30T10:43:27.799Z,2026-01-30T10:43:29.457Z,1658,FG-A,BATCH-1011,DAY,normal,0,0
5698,2026-01-30T10:43:29.457Z,2026-01-30T10:43:31.159Z,1702,FG-A,BATCH-1011,DAY,normal,0,0
5699,2026-01-30T10:43:31.159Z,2026-01-30T10:43:32.812Z,1653,FG-A,BATCH-1011,DAY,normal,0,0
5700,2026-01-30T10:43:32.812Z,2026-01-30T10:43:34.468Z,1656,FG-A,BATCH-1011,DAY,normal,0,0
5701,2026-01-30T10:43:34.468Z,2026-01-30T10:43:36.029Z,1561,FG-A,BATCH-1011,DAY,normal,0,0
5702,2026-01-30T10:43:36.029Z,2026-01-30T10:43:37.658Z,1629,FG-A,BATCH-1011,DAY,normal,0,0
5703,2026-01-30T10:43:37.658Z,2026-01-30T10:43:39.297Z,1639,FG-A,BATCH-1011,DAY,normal,0,0
5704,2026-01-30T10:43:39.297Z,2026-01-30T10:43:40.962Z,1665,FG-A,BATCH-1011,DAY,normal,0,0
5705,2026-01-30T10:43:40.962Z,2026-01-30T10:43:42.667Z,1705,FG-A,BATCH-1011,DAY,normal,0,0
5706,2026-01-30T10:43:42.667Z,2026-01-30T10:43:44.312Z,1645,FG-A,BATCH-1011,DAY,normal,0,0
5707,2026-01-30T10:43:44.312Z,2026-01-30T10:43:45.715Z,1403,FG-A,BATCH-1011,DAY,normal,0,0
5708,2026-01-30T10:43:45.715Z,2026-01-30T10:43:47.250Z,1535,FG-A,BATCH-1011,DAY,normal,0,0
5709,2026-01-30T10:43:47.250Z,2026-01-30T10:43:48.861Z,1611,FG-A,BATCH-1011,DAY,normal,0,0
5710,2026-01-30T10:43:48.861Z,2026-01-30T10:43:50.596Z,1735,FG-A,BATCH-1011,DAY,normal,0,0
5711,2026-01-30T10:43:50.596Z,2026-01-30T10:43:52.145Z,1549,FG-A,BATCH-1011,DAY,normal,0,0
5712,2026-01-30T10:43:52.145Z,2026-01-30T10:43:53.761Z,1616,FG-A,BATCH-1011,DAY,normal,0,0
5713,2026-01-30T10:43:53.761Z,2026-01-30T10:43:55.312Z,1551,FG-A,BATCH-1011,DAY,normal,0,0
5714,2026-01-30T10:43:55.312Z,2026-01-30T10:43:56.848Z,1536,FG-A,BATCH-1011,DAY,normal,0,0
5715,2026-01-30T10:43:56.848Z,2026-01-30T10:43:58.555Z,1707,FG-A,BATCH-1011,DAY,normal,0,0
5716,2026-01-30T10:43:58.555Z,2026-01-30T10:44:00.065Z,1510,FG-A,BATCH-1011,DAY,normal,0,0
5717,2026-01-30T10:44:00.065Z,2026-01-30T10:44:01.797Z,1732,FG-A,BATCH-1011,DAY,normal,0,0
5718,2026-01-30T10:44:01.797Z,2026-01-30T10:44:03.567Z,1770,FG-A,BATCH-1011,DAY,normal,0,0
5719,2026-01-30T10:44:03.567Z,2026-01-30T10:44:04.946Z,1379,FG-A,BATCH-1011,DAY,fast_cycle,0,0
5720,2026-01-30T10:44:04.946Z,2026-01-30T10:44:06.433Z,1487,FG-A,BATCH-1011,DAY,normal,0,0
5721,2026-01-30T10:44:06.433Z,2026-01-30T10:44:09.724Z,3291,FG-A,BATCH-1011,DAY,slow_cycle,0,1
5722,2026-01-30T10:44:09.724Z,2026-01-30T10:44:11.543Z,1819,FG-A,BATCH-1011,DAY,normal,0,0
5723,2026-01-30T10:44:11.543Z,2026-01-30T10:44:13.279Z,1736,FG-A,BATCH-1011,DAY,normal,0,0
5724,2026-01-30T10:44:13.279Z,2026-01-30T10:44:15.046Z,1767,FG-A,BATCH-1011,DAY,normal,0,0
5725,2026-01-30T10:44:15.046Z,2026-01-30T10:44:16.608Z,1562,FG-A,BATCH-1011,DAY,normal,0,0
5726,2026-01-30T10:44:16.608Z,2026-01-30T10:44:18.081Z,1473,FG-A,BATCH-1011,DAY,normal,0,0
5727,2026-01-30T10:44:18.081Z,2026-01-30T10:44:19.580Z,1499,FG-A,BATCH-1011,DAY,normal,0,0
5728,2026-01-30T10:44:19.580Z,2026-01-30T10:44:21.202Z,1622,FG-A,BATCH-1011,DAY,normal,0,0
5729,2026-01-30T10:44:21.202Z,2026-01-30T10:44:22.754Z,1552,FG-A,BATCH-1011,DAY,normal,0,0
5730,2026-01-30T10:44:22.754Z,2026-01-30T10:44:24.221Z,1467,FG-A,BATCH-1011,DAY,normal,0,0
5731,2026-01-30T10:44:24.221Z,2026-01-30T10:44:25.703Z,1482,FG-A,BATCH-1011,DAY,normal,0,0
5732,2026-01-30T10:44:25.703Z,2026-01-30T10:44:27.321Z,1618,FG-A,BATCH-1011,DAY,normal,0,0
5733,2026-01-30T10:44:27.321Z,2026-01-30T10:44:28.851Z,1530,FG-A,BATCH-1011,DAY,normal,0,0
5734,2026-01-30T10:44:28.851Z,2026-01-30T10:44:30.495Z,1644,FG-A,BATCH-1011,DAY,normal,0,0
5735,2026-01-30T10:44:30.495Z,2026-01-30T10:44:32.051Z,1556,FG-A,BATCH-1011,DAY,normal,0,0
5736,2026-01-30T10:44:32.051Z,2026-01-30T10:44:33.468Z,1417,FG-A,BATCH-1011,DAY,normal,0,0
5737,2026-01-30T10:44:33.468Z,2026-01-30T10:44:35.161Z,1693,FG-A,BATCH-1011,DAY,normal,0,0
5738,2026-01-30T10:44:35.161Z,2026-01-30T10:44:36.797Z,1636,FG-A,BATCH-1011,DAY,normal,0,0
5739,2026-01-30T10:44:36.797Z,2026-01-30T10:44:38.505Z,1708,FG-A,BATCH-1011,DAY,normal,0,0
5740,2026-01-30T10:44:38.505Z,2026-01-30T10:44:40.028Z,1523,FG-A,BATCH-1011,DAY,normal,0,0
5741,2026-01-30T10:44:40.028Z,2026-01-30T10:44:41.507Z,1479,FG-A,BATCH-1011,DAY,normal,0,0
5742,2026-01-30T10:44:41.507Z,2026-01-30T10:44:43.090Z,1583,FG-A,BATCH-1011,DAY,normal,0,0
5743,2026-01-30T10:44:43.090Z,2026-01-30T10:44:44.619Z,1529,FG-A,BATCH-1011,DAY,normal,0,0
5744,2026-01-30T10:44:44.619Z,2026-01-30T10:44:50.016Z,5397,FG-A,BATCH-1011,DAY,jam_recovery,1,1
5745,2026-01-30T10:44:50.016Z,2026-01-30T10:44:51.489Z,1473,FG-A,BATCH-1011,DAY,normal,0,0
5746,2026-01-30T10:44:51.489Z,2026-01-30T10:44:53.128Z,1639,FG-A,BATCH-1011,DAY,normal,0,0
5747,2026-01-30T10:44:53.128Z,2026-01-30T10:44:54.726Z,1598,FG-A,BATCH-1011,DAY,normal,0,0
5748,2026-01-30T10:44:54.726Z,2026-01-30T10:44:56.470Z,1744,FG-A,BATCH-1011,DAY,normal,0,0
5749,2026-01-30T10:44:56.470Z,2026-01-30T10:44:58.085Z,1615,FG-A,BATCH-1011,DAY,normal,0,0
5750,2026-01-30T10:44:58.085Z,2026-01-30T10:44:59.566Z,1481,FG-A,BATCH-1011,DAY,normal,0,0
5751,2026-01-30T10:44:59.566Z,2026-01-30T10:45:01.097Z,1531,FG-A,BATCH-1011,DAY,normal,0,0
5752,2026-01-30T10:45:01.097Z,2026-01-30T10:45:02.726Z,1629,FG-A,BATCH-1011,DAY,normal,0,0
5753,2026-01-30T10:45:02.726Z,2026-01-30T10:45:04.191Z,1465,FG-A,BATCH-1011,DAY,normal,0,0
5754,2026-01-30T10:45:04.191Z,2026-01-30T10:45:05.683Z,1492,FG-A,BATCH-1011,DAY,normal,0,0
5755,2026-01-30T10:45:05.683Z,2026-01-30T10:45:07.179Z,1496,FG-A,BATCH-1011,DAY,normal,0,0
5756,2026-01-30T10:45:07.179Z,2026-01-30T10:45:08.782Z,1603,FG-A,BATCH-1011,DAY,normal,0,0
5757,2026-01-30T10:45:08.782Z,2026-01-30T10:45:10.146Z,1364,FG-A,BATCH-1011,DAY,normal,0,0
5758,2026-01-30T10:45:10.146Z,2026-01-30T10:45:11.718Z,1572,FG-A,BATCH-1011,DAY,normal,0,0
5759,2026-01-30T10:45:11.718Z,2026-01-30T10:45:13.468Z,1750,FG-A,BATCH-1011,DAY,normal,0,0
5760,2026-01-30T10:45:13.468Z,2026-01-30T10:45:14.973Z,1505,FG-A,BATCH-1011,DAY,normal,0,0
5761,2026-01-30T10:45:14.973Z,2026-01-30T10:45:16.430Z,1457,FG-A,BATCH-1011,DAY,normal,0,0
5762,2026-01-30T10:45:16.430Z,2026-01-30T10:45:18.091Z,1661,FG-A,BATCH-1011,DAY,normal,0,0
5763,2026-01-30T10:45:18.091Z,2026-01-30T10:45:19.703Z,1612,FG-A,BATCH-1011,DAY,normal,0,0
5764,2026-01-30T10:45:19.703Z,2026-01-30T10:45:21.328Z,1625,FG-A,BATCH-1011,DAY,normal,0,0
5765,2026-01-30T10:45:21.328Z,2026-01-30T10:45:22.954Z,1626,FG-A,BATCH-1011,DAY,normal,0,0
5766,2026-01-30T10:45:22.954Z,2026-01-30T10:45:24.456Z,1502,FG-A,BATCH-1011,DAY,normal,0,0
5767,2026-01-30T10:45:24.456Z,2026-01-30T10:45:26.008Z,1552,FG-A,BATCH-1011,DAY,normal,0,0
5768,2026-01-30T10:45:26.008Z,2026-01-30T10:45:27.333Z,1325,FG-A,BATCH-1011,DAY,normal,0,0
5769,2026-01-30T10:45:27.333Z,2026-01-30T10:45:29.017Z,1684,FG-A,BATCH-1011,DAY,normal,0,0
5770,2026-01-30T10:45:29.017Z,2026-01-30T10:45:30.498Z,1481,FG-A,BATCH-1011,DAY,normal,0,0
5771,2026-01-30T10:45:30.498Z,2026-01-30T10:45:32.072Z,1574,FG-A,BATCH-1011,DAY,normal,0,0
5772,2026-01-30T10:45:32.072Z,2026-01-30T10:45:33.710Z,1638,FG-A,BATCH-1011,DAY,normal,0,0
5773,2026-01-30T10:45:33.710Z,2026-01-30T10:45:37.038Z,3328,FG-A,BATCH-1011,DAY,slow_cycle,0,1
5774,2026-01-30T10:45:37.038Z,2026-01-30T10:45:38.536Z,1498,FG-A,BATCH-1011,DAY,normal,0,0
5775,2026-01-30T10:45:38.536Z,2026-01-30T10:45:40.214Z,1678,FG-A,BATCH-1011,DAY,normal,0,0
5776,2026-01-30T10:45:40.214Z,2026-01-30T10:45:41.622Z,1408,FG-A,BATCH-1011,DAY,normal,0,0
5777,2026-01-30T10:45:41.622Z,2026-01-30T10:45:43.171Z,1549,FG-A,BATCH-1011,DAY,normal,0,0
5778,2026-01-30T10:45:43.171Z,2026-01-30T10:45:44.857Z,1686,FG-A,BATCH-1011,DAY,normal,0,0
5779,2026-01-30T10:45:44.857Z,2026-01-30T10:45:46.395Z,1538,FG-A,BATCH-1011,DAY,normal,0,0
5780,2026-01-30T10:45:46.395Z,2026-01-30T10:45:48.039Z,1644,FG-A,BATCH-1011,DAY,normal,0,0
5781,2026-01-30T10:45:48.039Z,2026-01-30T10:45:49.731Z,1692,FG-A,BATCH-1011,DAY,normal,0,0
5782,2026-01-30T10:45:49.731Z,2026-01-30T10:45:51.307Z,1576,FG-A,BATCH-1011,DAY,normal,0,0
5783,2026-01-30T10:45:51.307Z,2026-01-30T10:45:52.828Z,1521,FG-A,BATCH-1011,DAY,normal,0,0
5784,2026-01-30T10:45:52.828Z,2026-01-30T10:45:54.451Z,1623,FG-A,BATCH-1011,DAY,normal,0,0
5785,2026-01-30T10:45:54.451Z,2026-01-30T10:45:55.966Z,1515,FG-A,BATCH-1011,DAY,normal,0,0
5786,2026-01-30T10:45:55.966Z,2026-01-30T10:45:57.482Z,1516,FG-A,BATCH-1011,DAY,normal,0,0
5787,2026-01-30T10:45:57.482Z,2026-01-30T10:45:59.253Z,1771,FG-A,BATCH-1011,DAY,normal,0,0
5788,2026-01-30T10:45:59.253Z,2026-01-30T10:46:00.777Z,1524,FG-A,BATCH-1011,DAY,normal,0,0
5789,2026-01-30T10:46:00.777Z,2026-01-30T10:46:09.774Z,8997,FG-A,BATCH-1011,DAY,long_gap,1,1
5790,2026-01-30T10:46:09.774Z,2026-01-30T10:46:11.271Z,1497,FG-A,BATCH-1011,DAY,normal,0,0
5791,2026-01-30T10:46:11.271Z,2026-01-30T10:46:12.817Z,1546,FG-A,BATCH-1011,DAY,normal,0,0
5792,2026-01-30T10:46:12.817Z,2026-01-30T10:46:14.423Z,1606,FG-A,BATCH-1011,DAY,normal,0,0
5793,2026-01-30T10:46:14.423Z,2026-01-30T10:46:15.989Z,1566,FG-A,BATCH-1011,DAY,normal,0,0
5794,2026-01-30T10:46:15.989Z,2026-01-30T10:46:17.634Z,1645,FG-A,BATCH-1011,DAY,normal,0,0
5795,2026-01-30T10:46:17.634Z,2026-01-30T10:46:19.063Z,1429,FG-A,BATCH-1011,DAY,normal,0,0
5796,2026-01-30T10:46:19.063Z,2026-01-30T10:46:20.645Z,1582,FG-A,BATCH-1011,DAY,normal,0,0
5797,2026-01-30T10:46:20.645Z,2026-01-30T10:46:22.386Z,1741,FG-A,BATCH-1011,DAY,normal,0,0
5798,2026-01-30T10:46:22.386Z,2026-01-30T10:46:24.022Z,1636,FG-A,BATCH-1011,DAY,normal,0,0
5799,2026-01-30T10:46:24.022Z,2026-01-30T10:46:25.764Z,1742,FG-A,BATCH-1011,DAY,normal,0,0
5800,2026-01-30T10:46:25.764Z,2026-01-30T10:46:27.305Z,1541,FG-A,BATCH-1011,DAY,normal,0,0
5801,2026-01-30T10:46:27.305Z,2026-01-30T10:46:29.076Z,1771,FG-A,BATCH-1011,DAY,normal,0,0
5802,2026-01-30T10:46:29.076Z,2026-01-30T10:46:30.700Z,1624,FG-A,BATCH-1011,DAY,normal,0,0
5803,2026-01-30T10:46:30.700Z,2026-01-30T10:46:32.254Z,1554,FG-A,BATCH-1011,DAY,normal,0,0
5804,2026-01-30T10:46:32.254Z,2026-01-30T10:46:33.828Z,1574,FG-A,BATCH-1011,DAY,normal,0,0
5805,2026-01-30T10:46:33.828Z,2026-01-30T10:46:35.387Z,1559,FG-A,BATCH-1011,DAY,normal,0,0
5806,2026-01-30T10:46:35.387Z,2026-01-30T10:46:37.067Z,1680,FG-A,BATCH-1011,DAY,normal,0,0
5807,2026-01-30T10:46:37.067Z,2026-01-30T10:46:38.720Z,1653,FG-A,BATCH-1011,DAY,normal,0,0
5808,2026-01-30T10:46:38.720Z,2026-01-30T10:46:40.278Z,1558,FG-A,BATCH-1011,DAY,normal,0,0
5809,2026-01-30T10:46:40.278Z,2026-01-30T10:46:41.897Z,1619,FG-A,BATCH-1011,DAY,normal,0,0
5810,2026-01-30T10:46:41.897Z,2026-01-30T10:46:43.708Z,1811,FG-A,BATCH-1011,DAY,normal,0,0
5811,2026-01-30T10:46:43.708Z,2026-01-30T10:46:45.393Z,1685,FG-A,BATCH-1011,DAY,normal,0,0
5812,2026-01-30T10:46:45.393Z,2026-01-30T10:46:46.926Z,1533,FG-A,BATCH-1011,DAY,normal,0,0
5813,2026-01-30T10:46:46.926Z,2026-01-30T10:46:48.778Z,1852,FG-A,BATCH-1011,DAY,normal,0,0
5814,2026-01-30T10:46:48.778Z,2026-01-30T10:46:50.431Z,1653,FG-A,BATCH-1011,DAY,normal,0,0
5815,2026-01-30T10:46:50.431Z,2026-01-30T10:46:52.072Z,1641,FG-A,BATCH-1011,DAY,normal,0,0
5816,2026-01-30T10:46:52.072Z,2026-01-30T10:46:53.583Z,1511,FG-A,BATCH-1011,DAY,normal,0,0
5817,2026-01-30T10:46:53.583Z,2026-01-30T10:46:54.997Z,1414,FG-A,BATCH-1011,DAY,normal,0,0
5818,2026-01-30T10:46:54.997Z,2026-01-30T10:46:56.832Z,1835,FG-A,BATCH-1011,DAY,normal,0,0
5819,2026-01-30T10:46:56.832Z,2026-01-30T10:46:58.602Z,1770,FG-A,BATCH-1011,DAY,normal,0,0
5820,2026-01-30T10:46:58.602Z,2026-01-30T10:47:00.049Z,1447,FG-A,BATCH-1011,DAY,normal,0,0
5821,2026-01-30T10:47:00.049Z,2026-01-30T10:47:01.766Z,1717,FG-A,BATCH-1011,DAY,normal,0,0
5822,2026-01-30T10:47:01.766Z,2026-01-30T10:47:03.434Z,1668,FG-A,BATCH-1011,DAY,normal,0,0
5823,2026-01-30T10:47:03.434Z,2026-01-30T10:47:04.982Z,1548,FG-A,BATCH-1011,DAY,normal,0,0
5824,2026-01-30T10:47:04.982Z,2026-01-30T10:47:06.524Z,1542,FG-A,BATCH-1011,DAY,normal,0,0
5825,2026-01-30T10:47:06.524Z,2026-01-30T10:47:08.244Z,1720,FG-A,BATCH-1011,DAY,normal,0,0
5826,2026-01-30T10:47:08.244Z,2026-01-30T10:47:09.716Z,1472,FG-A,BATCH-1011,DAY,normal,0,0
5827,2026-01-30T10:47:09.716Z,2026-01-30T10:47:11.282Z,1566,FG-A,BATCH-1011,DAY,normal,0,0
5828,2026-01-30T10:47:11.282Z,2026-01-30T10:47:12.890Z,1608,FG-A,BATCH-1011,DAY,normal,0,0
5829,2026-01-30T10:47:12.890Z,2026-01-30T10:47:14.482Z,1592,FG-A,BATCH-1011,DAY,normal,0,0
5830,2026-01-30T10:47:14.482Z,2026-01-30T10:47:15.925Z,1443,FG-A,BATCH-1011,DAY,normal,0,0
5831,2026-01-30T10:47:15.925Z,2026-01-30T10:47:17.499Z,1574,FG-A,BATCH-1011,DAY,normal,0,0
5832,2026-01-30T10:47:17.499Z,2026-01-30T10:47:19.098Z,1599,FG-A,BATCH-1011,DAY,normal,0,0
5833,2026-01-30T10:47:19.098Z,2026-01-30T10:47:20.521Z,1423,FG-A,BATCH-1011,DAY,normal,0,0
5834,2026-01-30T10:47:20.521Z,2026-01-30T10:47:22.009Z,1488,FG-A,BATCH-1011,DAY,normal,0,0
5835,2026-01-30T10:47:22.009Z,2026-01-30T10:47:23.659Z,1650,FG-A,BATCH-1011,DAY,normal,0,0
5836,2026-01-30T10:47:23.659Z,2026-01-30T10:47:25.127Z,1468,FG-A,BATCH-1011,DAY,normal,0,0
5837,2026-01-30T10:47:25.127Z,2026-01-30T10:47:26.621Z,1494,FG-A,BATCH-1011,DAY,normal,0,0
5838,2026-01-30T10:47:26.621Z,2026-01-30T10:47:28.148Z,1527,FG-A,BATCH-1011,DAY,normal,0,0
5839,2026-01-30T10:47:28.148Z,2026-01-30T10:47:29.695Z,1547,FG-A,BATCH-1011,DAY,normal,0,0
5840,2026-01-30T10:47:29.695Z,2026-01-30T10:47:31.168Z,1473,FG-A,BATCH-1011,DAY,normal,0,0
5841,2026-01-30T10:47:31.168Z,2026-01-30T10:47:32.555Z,1387,FG-A,BATCH-1011,DAY,normal,0,0
5842,2026-01-30T10:47:32.555Z,2026-01-30T10:47:34.121Z,1566,FG-A,BATCH-1011,DAY,normal,0,0
5843,2026-01-30T10:47:34.121Z,2026-01-30T10:47:35.602Z,1481,FG-A,BATCH-1011,DAY,normal,0,0
5844,2026-01-30T10:47:35.602Z,2026-01-30T10:47:37.067Z,1465,FG-A,BATCH-1011,DAY,normal,0,0
5845,2026-01-30T10:47:37.067Z,2026-01-30T10:47:38.584Z,1517,FG-A,BATCH-1011,DAY,normal,0,0
5846,2026-01-30T10:47:38.584Z,2026-01-30T10:47:40.038Z,1454,FG-A,BATCH-1011,DAY,normal,0,0
5847,2026-01-30T10:47:40.038Z,2026-01-30T10:47:42.868Z,2830,FG-A,BATCH-1011,DAY,slow_cycle,0,1
5848,2026-01-30T10:47:42.868Z,2026-01-30T10:47:44.663Z,1795,FG-A,BATCH-1011,DAY,normal,0,0
5849,2026-01-30T10:47:44.663Z,2026-01-30T10:47:46.266Z,1603,FG-A,BATCH-1011,DAY,normal,0,0
5850,2026-01-30T10:47:46.266Z,2026-01-30T10:47:47.883Z,1617,FG-A,BATCH-1011,DAY,normal,0,0
5851,2026-01-30T10:47:47.883Z,2026-01-30T10:47:49.305Z,1422,FG-A,BATCH-1011,DAY,normal,0,0
5852,2026-01-30T10:47:49.305Z,2026-01-30T10:47:50.909Z,1604,FG-A,BATCH-1011,DAY,normal,0,0
5853,2026-01-30T10:47:50.909Z,2026-01-30T10:47:52.397Z,1488,FG-A,BATCH-1011,DAY,normal,0,0
5854,2026-01-30T10:47:52.397Z,2026-01-30T10:47:53.936Z,1539,FG-A,BATCH-1011,DAY,normal,0,0
5855,2026-01-30T10:47:53.936Z,2026-01-30T10:47:55.513Z,1577,FG-A,BATCH-1011,DAY,normal,0,0
5856,2026-01-30T10:47:55.513Z,2026-01-30T10:47:57.066Z,1553,FG-A,BATCH-1011,DAY,normal,0,0
5857,2026-01-30T10:47:57.066Z,2026-01-30T10:47:58.801Z,1735,FG-A,BATCH-1011,DAY,normal,0,0
5858,2026-01-30T10:47:58.801Z,2026-01-30T10:48:00.288Z,1487,FG-A,BATCH-1011,DAY,normal,0,0
5859,2026-01-30T10:48:00.288Z,2026-01-30T10:48:01.830Z,1542,FG-A,BATCH-1011,DAY,normal,0,0
5860,2026-01-30T10:48:01.830Z,2026-01-30T10:48:03.470Z,1640,FG-A,BATCH-1011,DAY,normal,0,0
5861,2026-01-30T10:48:03.470Z,2026-01-30T10:48:04.869Z,1399,FG-A,BATCH-1011,DAY,normal,0,0
5862,2026-01-30T10:48:04.869Z,2026-01-30T10:48:06.320Z,1451,FG-A,BATCH-1011,DAY,normal,0,0
5863,2026-01-30T10:48:06.320Z,2026-01-30T10:48:07.782Z,1462,FG-A,BATCH-1011,DAY,normal,0,0
5864,2026-01-30T10:48:07.782Z,2026-01-30T10:48:09.369Z,1587,FG-A,BATCH-1011,DAY,normal,0,0
5865,2026-01-30T10:48:09.369Z,2026-01-30T10:48:10.897Z,1528,FG-A,BATCH-1011,DAY,normal,0,0
5866,2026-01-30T10:48:10.897Z,2026-01-30T10:48:12.420Z,1523,FG-A,BATCH-1011,DAY,normal,0,0
5867,2026-01-30T10:48:12.420Z,2026-01-30T10:48:14.089Z,1669,FG-A,BATCH-1011,DAY,normal,0,0
5868,2026-01-30T10:48:14.089Z,2026-01-30T10:48:15.641Z,1552,FG-A,BATCH-1011,DAY,normal,0,0
5869,2026-01-30T10:48:15.641Z,2026-01-30T10:48:17.355Z,1714,FG-A,BATCH-1011,DAY,normal,0,0
5870,2026-01-30T10:48:17.355Z,2026-01-30T10:48:19.047Z,1692,FG-A,BATCH-1011,DAY,normal,0,0
5871,2026-01-30T10:48:19.047Z,2026-01-30T10:48:20.516Z,1469,FG-A,BATCH-1011,DAY,normal,0,0
5872,2026-01-30T10:48:20.516Z,2026-01-30T10:48:22.177Z,1661,FG-A,BATCH-1011,DAY,normal,0,0
5873,2026-01-30T10:48:22.177Z,2026-01-30T10:48:23.823Z,1646,FG-A,BATCH-1011,DAY,normal,0,0
5874,2026-01-30T10:48:23.823Z,2026-01-30T10:48:25.240Z,1417,FG-A,BATCH-1011,DAY,normal,0,0
5875,2026-01-30T10:48:25.240Z,2026-01-30T10:48:26.746Z,1506,FG-A,BATCH-1011,DAY,normal,0,0
5876,2026-01-30T10:48:26.746Z,2026-01-30T10:48:28.290Z,1544,FG-A,BATCH-1011,DAY,normal,0,0
5877,2026-01-30T10:48:28.290Z,2026-01-30T10:48:29.795Z,1505,FG-A,BATCH-1011,DAY,normal,0,0
5878,2026-01-30T10:48:29.795Z,2026-01-30T10:48:31.429Z,1634,FG-A,BATCH-1011,DAY,normal,0,0
5879,2026-01-30T10:48:31.429Z,2026-01-30T10:48:32.926Z,1497,FG-A,BATCH-1011,DAY,normal,0,0
5880,2026-01-30T10:48:32.926Z,2026-01-30T10:48:34.397Z,1471,FG-A,BATCH-1011,DAY,normal,0,0
5881,2026-01-30T10:48:34.397Z,2026-01-30T10:48:35.942Z,1545,FG-A,BATCH-1011,DAY,normal,0,0
5882,2026-01-30T10:48:35.942Z,2026-01-30T10:48:37.674Z,1732,FG-A,BATCH-1011,DAY,normal,0,0
5883,2026-01-30T10:48:37.674Z,2026-01-30T10:48:39.191Z,1517,FG-A,BATCH-1011,DAY,normal,0,0
5884,2026-01-30T10:48:39.191Z,2026-01-30T10:48:40.720Z,1529,FG-A,BATCH-1011,DAY,normal,0,0
5885,2026-01-30T10:48:40.720Z,2026-01-30T10:48:42.267Z,1547,FG-A,BATCH-1011,DAY,normal,0,0
5886,2026-01-30T10:48:42.267Z,2026-01-30T10:48:43.947Z,1680,FG-A,BATCH-1011,DAY,normal,0,0
5887,2026-01-30T10:48:43.947Z,2026-01-30T10:48:45.541Z,1594,FG-A,BATCH-1011,DAY,normal,0,0
5888,2026-01-30T10:48:45.541Z,2026-01-30T10:48:46.925Z,1384,FG-A,BATCH-1011,DAY,normal,0,0
5889,2026-01-30T10:48:46.925Z,2026-01-30T10:48:48.495Z,1570,FG-A,BATCH-1011,DAY,normal,0,0
5890,2026-01-30T10:48:48.495Z,2026-01-30T10:48:50.079Z,1584,FG-A,BATCH-1011,DAY,normal,0,0
5891,2026-01-30T10:48:50.079Z,2026-01-30T10:48:52.770Z,2691,FG-A,BATCH-1011,DAY,slow_cycle,0,1
5892,2026-01-30T10:48:52.770Z,2026-01-30T10:48:54.463Z,1693,FG-A,BATCH-1011,DAY,normal,0,0
5893,2026-01-30T10:48:54.463Z,2026-01-30T10:48:56.043Z,1580,FG-A,BATCH-1011,DAY,normal,0,0
5894,2026-01-30T10:48:56.043Z,2026-01-30T10:48:57.489Z,1446,FG-A,BATCH-1011,DAY,normal,0,0
5895,2026-01-30T10:48:57.489Z,2026-01-30T10:48:59.013Z,1524,FG-A,BATCH-1011,DAY,normal,0,0
5896,2026-01-30T10:48:59.013Z,2026-01-30T10:49:00.459Z,1446,FG-A,BATCH-1011,DAY,normal,0,0
5897,2026-01-30T10:49:00.459Z,2026-01-30T10:49:01.957Z,1498,FG-A,BATCH-1011,DAY,normal,0,0
5898,2026-01-30T10:49:01.957Z,2026-01-30T10:49:03.517Z,1560,FG-A,BATCH-1011,DAY,normal,0,0
5899,2026-01-30T10:49:03.517Z,2026-01-30T10:49:04.931Z,1414,FG-A,BATCH-1011,DAY,normal,0,0
5900,2026-01-30T10:49:04.931Z,2026-01-30T10:49:06.485Z,1554,FG-A,BATCH-1011,DAY,normal,0,0
5901,2026-01-30T10:49:06.485Z,2026-01-30T10:49:08.138Z,1653,FG-A,BATCH-1011,DAY,normal,0,0
5902,2026-01-30T10:49:08.138Z,2026-01-30T10:49:09.662Z,1524,FG-A,BATCH-1011,DAY,normal,0,0
5903,2026-01-30T10:49:09.662Z,2026-01-30T10:49:11.305Z,1643,FG-A,BATCH-1011,DAY,normal,0,0
5904,2026-01-30T10:49:11.305Z,2026-01-30T10:49:13.044Z,1739,FG-A,BATCH-1011,DAY,normal,0,0
5905,2026-01-30T10:49:13.044Z,2026-01-30T10:49:14.391Z,1347,FG-A,BATCH-1011,DAY,normal,0,0
5906,2026-01-30T10:49:14.391Z,2026-01-30T10:49:16.137Z,1746,FG-A,BATCH-1011,DAY,normal,0,0
5907,2026-01-30T10:49:16.137Z,2026-01-30T10:49:17.892Z,1755,FG-A,BATCH-1011,DAY,normal,0,0
5908,2026-01-30T10:49:17.892Z,2026-01-30T10:49:19.372Z,1480,FG-A,BATCH-1011,DAY,normal,0,0
5909,2026-01-30T10:49:19.372Z,2026-01-30T10:49:20.946Z,1574,FG-A,BATCH-1011,DAY,normal,0,0
5910,2026-01-30T10:49:20.946Z,2026-01-30T10:49:22.479Z,1533,FG-A,BATCH-1011,DAY,normal,0,0
5911,2026-01-30T10:49:22.479Z,2026-01-30T10:49:23.892Z,1413,FG-A,BATCH-1011,DAY,normal,0,0
5912,2026-01-30T10:49:23.892Z,2026-01-30T10:49:25.559Z,1667,FG-A,BATCH-1011,DAY,normal,0,0
5913,2026-01-30T10:49:25.559Z,2026-01-30T10:49:26.825Z,1266,FG-A,BATCH-1011,DAY,fast_cycle,0,0
5914,2026-01-30T10:49:26.825Z,2026-01-30T10:49:28.284Z,1459,FG-A,BATCH-1011,DAY,normal,0,0
5915,2026-01-30T10:49:28.284Z,2026-01-30T10:49:29.846Z,1562,FG-A,BATCH-1011,DAY,normal,0,0
5916,2026-01-30T10:49:29.846Z,2026-01-30T10:49:31.054Z,1208,FG-A,BATCH-1011,DAY,fast_cycle,0,0
5917,2026-01-30T10:49:31.054Z,2026-01-30T10:49:32.570Z,1516,FG-A,BATCH-1011,DAY,normal,0,0
5918,2026-01-30T10:49:32.570Z,2026-01-30T10:49:34.216Z,1646,FG-A,BATCH-1011,DAY,normal,0,0
5919,2026-01-30T10:49:34.216Z,2026-01-30T10:49:35.891Z,1675,FG-A,BATCH-1011,DAY,normal,0,0
5920,2026-01-30T10:49:35.891Z,2026-01-30T10:49:37.242Z,1351,FG-A,BATCH-1011,DAY,normal,0,0
5921,2026-01-30T10:49:37.242Z,2026-01-30T10:49:38.704Z,1462,FG-A,BATCH-1011,DAY,normal,0,0
5922,2026-01-30T10:49:38.704Z,2026-01-30T10:49:40.116Z,1412,FG-A,BATCH-1011,DAY,normal,0,0
5923,2026-01-30T10:49:40.116Z,2026-01-30T10:49:41.684Z,1568,FG-A,BATCH-1011,DAY,normal,0,0
5924,2026-01-30T10:49:41.684Z,2026-01-30T10:49:43.266Z,1582,FG-A,BATCH-1011,DAY,normal,0,0
5925,2026-01-30T10:49:43.266Z,2026-01-30T10:49:44.927Z,1661,FG-A,BATCH-1011,DAY,normal,0,0
5926,2026-01-30T10:49:44.927Z,2026-01-30T10:49:46.426Z,1499,FG-A,BATCH-1011,DAY,normal,0,0
5927,2026-01-30T10:49:46.426Z,2026-01-30T10:49:48.093Z,1667,FG-A,BATCH-1011,DAY,normal,0,0
5928,2026-01-30T10:49:48.093Z,2026-01-30T10:49:49.725Z,1632,FG-A,BATCH-1011,DAY,normal,0,0
5929,2026-01-30T10:49:49.725Z,2026-01-30T10:49:51.377Z,1652,FG-A,BATCH-1011,DAY,normal,0,0
5930,2026-01-30T10:49:51.377Z,2026-01-30T10:49:53.066Z,1689,FG-A,BATCH-1011,DAY,normal,0,0
5931,2026-01-30T10:49:53.066Z,2026-01-30T10:49:54.630Z,1564,FG-A,BATCH-1011,DAY,normal,0,0
5932,2026-01-30T10:49:54.630Z,2026-01-30T10:49:56.379Z,1749,FG-A,BATCH-1011,DAY,normal,0,0
5933,2026-01-30T10:49:56.379Z,2026-01-30T10:49:58.116Z,1737,FG-A,BATCH-1011,DAY,normal,0,0
5934,2026-01-30T10:49:58.116Z,2026-01-30T10:49:59.655Z,1539,FG-A,BATCH-1011,DAY,normal,0,0
5935,2026-01-30T10:49:59.655Z,2026-01-30T10:50:01.060Z,1405,FG-A,BATCH-1011,DAY,normal,0,0
5936,2026-01-30T10:50:01.060Z,2026-01-30T10:50:02.621Z,1561,FG-A,BATCH-1011,DAY,normal,0,0
5937,2026-01-30T10:50:02.621Z,2026-01-30T10:50:04.119Z,1498,FG-A,BATCH-1011,DAY,normal,0,0
5938,2026-01-30T10:50:04.119Z,2026-01-30T10:50:05.629Z,1510,FG-A,BATCH-1011,DAY,normal,0,0
5939,2026-01-30T10:50:05.629Z,2026-01-30T10:50:07.188Z,1559,FG-A,BATCH-1011,DAY,normal,0,0
5940,2026-01-30T10:50:07.188Z,2026-01-30T10:50:08.538Z,1350,FG-A,BATCH-1011,DAY,normal,0,0
5941,2026-01-30T10:50:08.538Z,2026-01-30T10:50:09.992Z,1454,FG-A,BATCH-1011,DAY,normal,0,0
5942,2026-01-30T10:50:09.992Z,2026-01-30T10:50:11.532Z,1540,FG-A,BATCH-1011,DAY,normal,0,0
5943,2026-01-30T10:50:11.532Z,2026-01-30T10:50:13.040Z,1508,FG-A,BATCH-1011,DAY,normal,0,0
5944,2026-01-30T10:50:13.040Z,2026-01-30T10:50:14.506Z,1466,FG-A,BATCH-1011,DAY,normal,0,0
5945,2026-01-30T10:50:14.506Z,2026-01-30T10:50:16.181Z,1675,FG-A,BATCH-1011,DAY,normal,0,0
5946,2026-01-30T10:50:16.181Z,2026-01-30T10:50:17.776Z,1595,FG-A,BATCH-1011,DAY,normal,0,0
5947,2026-01-30T10:50:17.776Z,2026-01-30T10:50:19.421Z,1645,FG-A,BATCH-1011,DAY,normal,0,0
5948,2026-01-30T10:50:19.421Z,2026-01-30T10:50:20.920Z,1499,FG-A,BATCH-1011,DAY,normal,0,0
5949,2026-01-30T10:50:20.920Z,2026-01-30T10:50:22.412Z,1492,FG-A,BATCH-1011,DAY,normal,0,0
5950,2026-01-30T10:50:22.412Z,2026-01-30T10:50:24.097Z,1685,FG-A,BATCH-1011,DAY,normal,0,0
5951,2026-01-30T10:50:24.097Z,2026-01-30T10:50:25.426Z,1329,FG-A,BATCH-1011,DAY,fast_cycle,0,0
5952,2026-01-30T10:50:25.426Z,2026-01-30T10:50:27.102Z,1676,FG-A,BATCH-1011,DAY,normal,0,0
5953,2026-01-30T10:50:27.102Z,2026-01-30T10:50:37.457Z,10355,FG-A,BATCH-1011,DAY,long_gap,1,1
5954,2026-01-30T10:50:37.457Z,2026-01-30T10:50:39.216Z,1759,FG-A,BATCH-1011,DAY,normal,0,0
5955,2026-01-30T10:50:39.216Z,2026-01-30T10:50:40.807Z,1591,FG-A,BATCH-1011,DAY,normal,0,0
5956,2026-01-30T10:50:40.807Z,2026-01-30T10:50:42.422Z,1615,FG-A,BATCH-1011,DAY,normal,0,0
5957,2026-01-30T10:50:42.422Z,2026-01-30T10:50:43.961Z,1539,FG-A,BATCH-1011,DAY,normal,0,0
5958,2026-01-30T10:50:43.961Z,2026-01-30T10:50:45.534Z,1573,FG-A,BATCH-1011,DAY,normal,0,0
5959,2026-01-30T10:50:45.534Z,2026-01-30T10:50:47.175Z,1641,FG-A,BATCH-1011,DAY,normal,0,0
5960,2026-01-30T10:50:47.175Z,2026-01-30T10:50:48.630Z,1455,FG-A,BATCH-1011,DAY,normal,0,0
5961,2026-01-30T10:50:48.630Z,2026-01-30T10:50:50.112Z,1482,FG-A,BATCH-1011,DAY,normal,0,0
5962,2026-01-30T10:50:50.112Z,2026-01-30T10:50:51.710Z,1598,FG-A,BATCH-1011,DAY,normal,0,0
5963,2026-01-30T10:50:51.710Z,2026-01-30T10:50:53.224Z,1514,FG-A,BATCH-1011,DAY,normal,0,0
5964,2026-01-30T10:50:53.224Z,2026-01-30T10:50:54.805Z,1581,FG-A,BATCH-1011,DAY,normal,0,0
5965,2026-01-30T10:50:54.805Z,2026-01-30T10:50:56.365Z,1560,FG-A,BATCH-1011,DAY,normal,0,0
5966,2026-01-30T10:50:56.365Z,2026-01-30T10:50:58.080Z,1715,FG-A,BATCH-1011,DAY,normal,0,0
5967,2026-01-30T10:50:58.080Z,2026-01-30T10:50:59.572Z,1492,FG-A,BATCH-1011,DAY,normal,0,0
5968,2026-01-30T10:50:59.572Z,2026-01-30T10:51:01.091Z,1519,FG-A,BATCH-1011,DAY,normal,0,0
5969,2026-01-30T10:51:01.091Z,2026-01-30T10:51:02.694Z,1603,FG-A,BATCH-1011,DAY,normal,0,0
5970,2026-01-30T10:51:02.694Z,2026-01-30T10:51:04.119Z,1425,FG-A,BATCH-1011,DAY,normal,0,0
5971,2026-01-30T10:51:04.119Z,2026-01-30T10:51:05.675Z,1556,FG-A,BATCH-1011,DAY,normal,0,0
5972,2026-01-30T10:51:05.675Z,2026-01-30T10:51:07.431Z,1756,FG-A,BATCH-1011,DAY,normal,0,0
5973,2026-01-30T10:51:07.431Z,2026-01-30T10:51:08.902Z,1471,FG-A,BATCH-1011,DAY,normal,0,0
5974,2026-01-30T10:51:08.902Z,2026-01-30T10:51:10.411Z,1509,FG-A,BATCH-1011,DAY,normal,0,0
5975,2026-01-30T10:51:10.411Z,2026-01-30T10:51:11.980Z,1569,FG-A,BATCH-1011,DAY,normal,0,0
5976,2026-01-30T10:51:11.980Z,2026-01-30T10:51:13.487Z,1507,FG-A,BATCH-1011,DAY,normal,0,0
5977,2026-01-30T10:51:13.487Z,2026-01-30T10:51:15.093Z,1606,FG-A,BATCH-1011,DAY,normal,0,0
5978,2026-01-30T10:51:15.093Z,2026-01-30T10:51:16.572Z,1479,FG-A,BATCH-1011,DAY,normal,0,0
5979,2026-01-30T10:51:16.572Z,2026-01-30T10:51:18.176Z,1604,FG-A,BATCH-1011,DAY,normal,0,0
5980,2026-01-30T10:51:18.176Z,2026-01-30T10:51:19.807Z,1631,FG-A,BATCH-1011,DAY,normal,0,0
5981,2026-01-30T10:51:19.807Z,2026-01-30T10:51:21.166Z,1359,FG-A,BATCH-1011,DAY,normal,0,0
5982,2026-01-30T10:51:21.166Z,2026-01-30T10:51:22.812Z,1646,FG-A,BATCH-1011,DAY,normal,0,0
5983,2026-01-30T10:51:22.812Z,2026-01-30T10:51:24.431Z,1619,FG-A,BATCH-1011,DAY,normal,0,0
5984,2026-01-30T10:51:24.431Z,2026-01-30T10:51:25.861Z,1430,FG-A,BATCH-1011,DAY,normal,0,0
5985,2026-01-30T10:51:25.861Z,2026-01-30T10:51:27.392Z,1531,FG-A,BATCH-1011,DAY,normal,0,0
5986,2026-01-30T10:51:27.392Z,2026-01-30T10:51:28.883Z,1491,FG-A,BATCH-1011,DAY,normal,0,0
5987,2026-01-30T10:51:28.883Z,2026-01-30T10:51:30.417Z,1534,FG-A,BATCH-1011,DAY,normal,0,0
5988,2026-01-30T10:51:30.417Z,2026-01-30T10:51:32.042Z,1625,FG-A,BATCH-1011,DAY,normal,0,0
5989,2026-01-30T10:51:32.042Z,2026-01-30T10:51:33.810Z,1768,FG-A,BATCH-1011,DAY,normal,0,0
5990,2026-01-30T10:51:33.810Z,2026-01-30T10:51:35.380Z,1570,FG-A,BATCH-1011,DAY,normal,0,0
5991,2026-01-30T10:51:35.380Z,2026-01-30T10:51:36.942Z,1562,FG-A,BATCH-1011,DAY,normal,0,0
5992,2026-01-30T10:51:36.942Z,2026-01-30T10:51:38.431Z,1489,FG-A,BATCH-1011,DAY,normal,0,0
5993,2026-01-30T10:51:38.431Z,2026-01-30T10:51:39.931Z,1500,FG-A,BATCH-1011,DAY,normal,0,0
5994,2026-01-30T10:51:39.931Z,2026-01-30T10:51:41.501Z,1570,FG-A,BATCH-1011,DAY,normal,0,0
5995,2026-01-30T10:51:41.501Z,2026-01-30T10:51:47.000Z,5499,FG-A,BATCH-1011,DAY,jam_recovery,1,1
5996,2026-01-30T10:51:47.000Z,2026-01-30T10:51:48.507Z,1507,FG-A,BATCH-1011,DAY,normal,0,0
5997,2026-01-30T10:51:48.507Z,2026-01-30T10:51:50.176Z,1669,FG-A,BATCH-1011,DAY,normal,0,0
5998,2026-01-30T10:51:50.176Z,2026-01-30T10:51:51.628Z,1452,FG-A,BATCH-1011,DAY,normal,0,0
5999,2026-01-30T10:51:51.628Z,2026-01-30T10:51:52.826Z,1198,FG-A,BATCH-1011,DAY,fast_cycle,0,0
6000,2026-01-30T10:51:52.826Z,2026-01-30T10:51:54.214Z,1388,FG-B,BATCH-1012,DAY,fast_cycle,0,0
6001,2026-01-30T10:51:54.214Z,2026-01-30T10:51:56.056Z,1842,FG-B,BATCH-1012,DAY,normal,0,0
6002,2026-01-30T10:51:56.056Z,2026-01-30T10:51:57.663Z,1607,FG-B,BATCH-1012,DAY,normal,0,0
6003,2026-01-30T10:51:57.663Z,2026-01-30T10:51:59.163Z,1500,FG-B,BATCH-1012,DAY,normal,0,0
6004,2026-01-30T10:51:59.163Z,2026-01-30T10:52:00.712Z,1549,FG-B,BATCH-1012,DAY,normal,0,0
6005,2026-01-30T10:52:00.712Z,2026-01-30T10:52:02.129Z,1417,FG-B,BATCH-1012,DAY,normal,0,0
6006,2026-01-30T10:52:02.129Z,2026-01-30T10:52:03.861Z,1732,FG-B,BATCH-1012,DAY,normal,0,0
6007,2026-01-30T10:52:03.861Z,2026-01-30T10:52:05.382Z,1521,FG-B,BATCH-1012,DAY,normal,0,0
6008,2026-01-30T10:52:05.382Z,2026-01-30T10:52:08.839Z,3457,FG-B,BATCH-1012,DAY,slow_cycle,0,1
6009,2026-01-30T10:52:08.839Z,2026-01-30T10:52:10.584Z,1745,FG-B,BATCH-1012,DAY,normal,0,0
6010,2026-01-30T10:52:10.584Z,2026-01-30T10:52:19.433Z,8849,FG-B,BATCH-1012,DAY,long_gap,1,1
6011,2026-01-30T10:52:19.433Z,2026-01-30T10:52:20.847Z,1414,FG-B,BATCH-1012,DAY,normal,0,0
6012,2026-01-30T10:52:20.847Z,2026-01-30T10:52:22.595Z,1748,FG-B,BATCH-1012,DAY,normal,0,0
6013,2026-01-30T10:52:22.595Z,2026-01-30T10:52:23.970Z,1375,FG-B,BATCH-1012,DAY,normal,0,0
6014,2026-01-30T10:52:23.970Z,2026-01-30T10:52:27.942Z,3972,FG-B,BATCH-1012,DAY,jam_recovery,0,1
6015,2026-01-30T10:52:27.942Z,2026-01-30T10:52:29.686Z,1744,FG-B,BATCH-1012,DAY,normal,0,0
6016,2026-01-30T10:52:29.686Z,2026-01-30T10:52:31.203Z,1517,FG-B,BATCH-1012,DAY,normal,0,0
6017,2026-01-30T10:52:31.203Z,2026-01-30T10:52:32.645Z,1442,FG-B,BATCH-1012,DAY,normal,0,0
6018,2026-01-30T10:52:32.645Z,2026-01-30T10:52:34.346Z,1701,FG-B,BATCH-1012,DAY,normal,0,0
6019,2026-01-30T10:52:34.346Z,2026-01-30T10:52:35.858Z,1512,FG-B,BATCH-1012,DAY,normal,0,0
6020,2026-01-30T10:52:35.858Z,2026-01-30T10:52:37.465Z,1607,FG-B,BATCH-1012,DAY,normal,0,0
6021,2026-01-30T10:52:37.465Z,2026-01-30T10:52:39.002Z,1537,FG-B,BATCH-1012,DAY,normal,0,0
6022,2026-01-30T10:52:39.002Z,2026-01-30T10:52:40.549Z,1547,FG-B,BATCH-1012,DAY,normal,0,0
6023,2026-01-30T10:52:40.549Z,2026-01-30T10:52:42.201Z,1652,FG-B,BATCH-1012,DAY,normal,0,0
6024,2026-01-30T10:52:42.201Z,2026-01-30T10:52:43.685Z,1484,FG-B,BATCH-1012,DAY,normal,0,0
6025,2026-01-30T10:52:43.685Z,2026-01-30T10:52:45.307Z,1622,FG-B,BATCH-1012,DAY,normal,0,0
6026,2026-01-30T10:52:45.307Z,2026-01-30T10:52:46.885Z,1578,FG-B,BATCH-1012,DAY,normal,0,0
6027,2026-01-30T10:52:46.885Z,2026-01-30T10:52:48.399Z,1514,FG-B,BATCH-1012,DAY,normal,0,0
6028,2026-01-30T10:52:48.399Z,2026-01-30T10:52:49.981Z,1582,FG-B,BATCH-1012,DAY,normal,0,0
6029,2026-01-30T10:52:49.981Z,2026-01-30T10:52:51.557Z,1576,FG-B,BATCH-1012,DAY,normal,0,0
6030,2026-01-30T10:52:51.557Z,2026-01-30T10:52:53.203Z,1646,FG-B,BATCH-1012,DAY,normal,0,0
6031,2026-01-30T10:52:53.203Z,2026-01-30T10:52:54.892Z,1689,FG-B,BATCH-1012,DAY,normal,0,0
6032,2026-01-30T10:52:54.892Z,2026-01-30T10:52:56.411Z,1519,FG-B,BATCH-1012,DAY,normal,0,0
6033,2026-01-30T10:52:56.411Z,2026-01-30T10:52:57.823Z,1412,FG-B,BATCH-1012,DAY,normal,0,0
6034,2026-01-30T10:52:57.823Z,2026-01-30T10:52:59.408Z,1585,FG-B,BATCH-1012,DAY,normal,0,0
6035,2026-01-30T10:52:59.408Z,2026-01-30T10:53:01.140Z,1732,FG-B,BATCH-1012,DAY,normal,0,0
6036,2026-01-30T10:53:01.140Z,2026-01-30T10:53:02.838Z,1698,FG-B,BATCH-1012,DAY,normal,0,0
6037,2026-01-30T10:53:02.838Z,2026-01-30T10:53:04.272Z,1434,FG-B,BATCH-1012,DAY,normal,0,0
6038,2026-01-30T10:53:04.272Z,2026-01-30T10:53:05.833Z,1561,FG-B,BATCH-1012,DAY,normal,0,0
6039,2026-01-30T10:53:05.833Z,2026-01-30T10:53:07.444Z,1611,FG-B,BATCH-1012,DAY,normal,0,0
6040,2026-01-30T10:53:07.444Z,2026-01-30T10:53:09.107Z,1663,FG-B,BATCH-1012,DAY,normal,0,0
6041,2026-01-30T10:53:09.107Z,2026-01-30T10:53:10.761Z,1654,FG-B,BATCH-1012,DAY,normal,0,0
6042,2026-01-30T10:53:10.761Z,2026-01-30T10:53:12.385Z,1624,FG-B,BATCH-1012,DAY,normal,0,0
6043,2026-01-30T10:53:12.385Z,2026-01-30T10:53:13.824Z,1439,FG-B,BATCH-1012,DAY,normal,0,0
6044,2026-01-30T10:53:13.824Z,2026-01-30T10:53:15.385Z,1561,FG-B,BATCH-1012,DAY,normal,0,0
6045,2026-01-30T10:53:15.385Z,2026-01-30T10:53:21.082Z,5697,FG-B,BATCH-1012,DAY,jam_recovery,1,1
6046,2026-01-30T10:53:21.082Z,2026-01-30T10:53:22.698Z,1616,FG-B,BATCH-1012,DAY,normal,0,0
6047,2026-01-30T10:53:22.698Z,2026-01-30T10:53:24.247Z,1549,FG-B,BATCH-1012,DAY,normal,0,0
6048,2026-01-30T10:53:24.247Z,2026-01-30T10:53:25.646Z,1399,FG-B,BATCH-1012,DAY,normal,0,0
6049,2026-01-30T10:53:25.646Z,2026-01-30T10:53:27.158Z,1512,FG-B,BATCH-1012,DAY,normal,0,0
6050,2026-01-30T10:53:27.158Z,2026-01-30T10:53:28.845Z,1687,FG-B,BATCH-1012,DAY,normal,0,0
6051,2026-01-30T10:53:28.845Z,2026-01-30T10:53:30.413Z,1568,FG-B,BATCH-1012,DAY,normal,0,0
6052,2026-01-30T10:53:30.413Z,2026-01-30T10:53:31.980Z,1567,FG-B,BATCH-1012,DAY,normal,0,0
6053,2026-01-30T10:53:31.980Z,2026-01-30T10:53:33.624Z,1644,FG-B,BATCH-1012,DAY,normal,0,0
6054,2026-01-30T10:53:33.624Z,2026-01-30T10:53:35.258Z,1634,FG-B,BATCH-1012,DAY,normal,0,0
6055,2026-01-30T10:53:35.258Z,2026-01-30T10:53:36.924Z,1666,FG-B,BATCH-1012,DAY,normal,0,0
6056,2026-01-30T10:53:36.924Z,2026-01-30T10:53:38.557Z,1633,FG-B,BATCH-1012,DAY,normal,0,0
6057,2026-01-30T10:53:38.557Z,2026-01-30T10:53:40.139Z,1582,FG-B,BATCH-1012,DAY,normal,0,0
6058,2026-01-30T10:53:40.139Z,2026-01-30T10:53:41.698Z,1559,FG-B,BATCH-1012,DAY,normal,0,0
6059,2026-01-30T10:53:41.698Z,2026-01-30T10:53:42.991Z,1293,FG-B,BATCH-1012,DAY,fast_cycle,0,0
6060,2026-01-30T10:53:42.991Z,2026-01-30T10:53:44.500Z,1509,FG-B,BATCH-1012,DAY,normal,0,0
6061,2026-01-30T10:53:44.500Z,2026-01-30T10:53:46.171Z,1671,FG-B,BATCH-1012,DAY,normal,0,0
6062,2026-01-30T10:53:46.171Z,2026-01-30T10:53:47.862Z,1691,FG-B,BATCH-1012,DAY,normal,0,0
6063,2026-01-30T10:53:47.862Z,2026-01-30T10:53:49.432Z,1570,FG-B,BATCH-1012,DAY,normal,0,0
6064,2026-01-30T10:53:49.432Z,2026-01-30T10:53:51.049Z,1617,FG-B,BATCH-1012,DAY,normal,0,0
6065,2026-01-30T10:53:51.049Z,2026-01-30T10:53:52.749Z,1700,FG-B,BATCH-1012,DAY,normal,0,0
6066,2026-01-30T10:53:52.749Z,2026-01-30T10:53:54.362Z,1613,FG-B,BATCH-1012,DAY,normal,0,0
6067,2026-01-30T10:53:54.362Z,2026-01-30T10:53:55.922Z,1560,FG-B,BATCH-1012,DAY,normal,0,0
6068,2026-01-30T10:53:55.922Z,2026-01-30T10:53:57.495Z,1573,FG-B,BATCH-1012,DAY,normal,0,0
6069,2026-01-30T10:53:57.495Z,2026-01-30T10:53:59.088Z,1593,FG-B,BATCH-1012,DAY,normal,0,0
6070,2026-01-30T10:53:59.088Z,2026-01-30T10:54:00.821Z,1733,FG-B,BATCH-1012,DAY,normal,0,0
6071,2026-01-30T10:54:00.821Z,2026-01-30T10:54:02.375Z,1554,FG-B,BATCH-1012,DAY,normal,0,0
6072,2026-01-30T10:54:02.375Z,2026-01-30T10:54:03.832Z,1457,FG-B,BATCH-1012,DAY,normal,0,0
6073,2026-01-30T10:54:03.832Z,2026-01-30T10:54:05.488Z,1656,FG-B,BATCH-1012,DAY,normal,0,0
6074,2026-01-30T10:54:05.488Z,2026-01-30T10:54:06.935Z,1447,FG-B,BATCH-1012,DAY,normal,0,0
6075,2026-01-30T10:54:06.935Z,2026-01-30T10:54:08.775Z,1840,FG-B,BATCH-1012,DAY,normal,0,0
6076,2026-01-30T10:54:08.775Z,2026-01-30T10:54:10.449Z,1674,FG-B,BATCH-1012,DAY,normal,0,0
6077,2026-01-30T10:54:10.449Z,2026-01-30T10:54:12.152Z,1703,FG-B,BATCH-1012,DAY,normal,0,0
6078,2026-01-30T10:54:12.152Z,2026-01-30T10:54:13.720Z,1568,FG-B,BATCH-1012,DAY,normal,0,0
6079,2026-01-30T10:54:13.720Z,2026-01-30T10:54:15.281Z,1561,FG-B,BATCH-1012,DAY,normal,0,0
6080,2026-01-30T10:54:15.281Z,2026-01-30T10:54:18.620Z,3339,FG-B,BATCH-1012,DAY,slow_cycle,0,1
6081,2026-01-30T10:54:18.620Z,2026-01-30T10:54:20.164Z,1544,FG-B,BATCH-1012,DAY,normal,0,0
6082,2026-01-30T10:54:20.164Z,2026-01-30T10:54:21.625Z,1461,FG-B,BATCH-1012,DAY,normal,0,0
6083,2026-01-30T10:54:21.625Z,2026-01-30T10:54:23.268Z,1643,FG-B,BATCH-1012,DAY,normal,0,0
6084,2026-01-30T10:54:23.268Z,2026-01-30T10:54:24.725Z,1457,FG-B,BATCH-1012,DAY,normal,0,0
6085,2026-01-30T10:54:24.725Z,2026-01-30T10:54:26.435Z,1710,FG-B,BATCH-1012,DAY,normal,0,0
6086,2026-01-30T10:54:26.435Z,2026-01-30T10:54:27.953Z,1518,FG-B,BATCH-1012,DAY,normal,0,0
6087,2026-01-30T10:54:27.953Z,2026-01-30T10:54:29.605Z,1652,FG-B,BATCH-1012,DAY,normal,0,0
6088,2026-01-30T10:54:29.605Z,2026-01-30T10:54:31.141Z,1536,FG-B,BATCH-1012,DAY,normal,0,0
6089,2026-01-30T10:54:31.141Z,2026-01-30T10:54:32.804Z,1663,FG-B,BATCH-1012,DAY,normal,0,0
6090,2026-01-30T10:54:32.804Z,2026-01-30T10:54:34.398Z,1594,FG-B,BATCH-1012,DAY,normal,0,0
6091,2026-01-30T10:54:34.398Z,2026-01-30T10:54:35.939Z,1541,FG-B,BATCH-1012,DAY,normal,0,0
6092,2026-01-30T10:54:35.939Z,2026-01-30T10:54:37.609Z,1670,FG-B,BATCH-1012,DAY,normal,0,0
6093,2026-01-30T10:54:37.609Z,2026-01-30T10:54:39.395Z,1786,FG-B,BATCH-1012,DAY,normal,0,0
6094,2026-01-30T10:54:39.395Z,2026-01-30T10:54:41.096Z,1701,FG-B,BATCH-1012,DAY,normal,0,0
6095,2026-01-30T10:54:41.096Z,2026-01-30T10:54:42.630Z,1534,FG-B,BATCH-1012,DAY,normal,0,0
6096,2026-01-30T10:54:42.630Z,2026-01-30T10:54:44.193Z,1563,FG-B,BATCH-1012,DAY,normal,0,0
6097,2026-01-30T10:54:44.193Z,2026-01-30T10:54:45.745Z,1552,FG-B,BATCH-1012,DAY,normal,0,0
6098,2026-01-30T10:54:45.745Z,2026-01-30T10:54:47.302Z,1557,FG-B,BATCH-1012,DAY,normal,0,0
6099,2026-01-30T10:54:47.302Z,2026-01-30T10:54:48.840Z,1538,FG-B,BATCH-1012,DAY,normal,0,0
6100,2026-01-30T10:54:48.840Z,2026-01-30T10:54:50.421Z,1581,FG-B,BATCH-1012,DAY,normal,0,0
6101,2026-01-30T10:54:50.421Z,2026-01-30T10:54:52.003Z,1582,FG-B,BATCH-1012,DAY,normal,0,0
6102,2026-01-30T10:54:52.003Z,2026-01-30T10:54:53.658Z,1655,FG-B,BATCH-1012,DAY,normal,0,0
6103,2026-01-30T10:54:53.658Z,2026-01-30T10:54:55.339Z,1681,FG-B,BATCH-1012,DAY,normal,0,0
6104,2026-01-30T10:54:55.339Z,2026-01-30T10:54:56.805Z,1466,FG-B,BATCH-1012,DAY,normal,0,0
6105,2026-01-30T10:54:56.805Z,2026-01-30T10:54:58.459Z,1654,FG-B,BATCH-1012,DAY,normal,0,0
6106,2026-01-30T10:54:58.459Z,2026-01-30T10:55:00.039Z,1580,FG-B,BATCH-1012,DAY,normal,0,0
6107,2026-01-30T10:55:00.039Z,2026-01-30T10:55:01.797Z,1758,FG-B,BATCH-1012,DAY,normal,0,0
6108,2026-01-30T10:55:01.797Z,2026-01-30T10:55:03.264Z,1467,FG-B,BATCH-1012,DAY,normal,0,0
6109,2026-01-30T10:55:03.264Z,2026-01-30T10:55:04.962Z,1698,FG-B,BATCH-1012,DAY,normal,0,0
6110,2026-01-30T10:55:04.962Z,2026-01-30T10:55:06.377Z,1415,FG-B,BATCH-1012,DAY,normal,0,0
6111,2026-01-30T10:55:06.377Z,2026-01-30T10:55:08.016Z,1639,FG-B,BATCH-1012,DAY,normal,0,0
6112,2026-01-30T10:55:08.016Z,2026-01-30T10:55:09.528Z,1512,FG-B,BATCH-1012,DAY,normal,0,0
6113,2026-01-30T10:55:09.528Z,2026-01-30T10:55:11.332Z,1804,FG-B,BATCH-1012,DAY,normal,0,0
6114,2026-01-30T10:55:11.332Z,2026-01-30T10:55:13.035Z,1703,FG-B,BATCH-1012,DAY,normal,0,0
6115,2026-01-30T10:55:13.035Z,2026-01-30T10:55:14.536Z,1501,FG-B,BATCH-1012,DAY,normal,0,0
6116,2026-01-30T10:55:14.536Z,2026-01-30T10:55:16.001Z,1465,FG-B,BATCH-1012,DAY,fast_cycle,0,0
6117,2026-01-30T10:55:16.001Z,2026-01-30T10:55:17.612Z,1611,FG-B,BATCH-1012,DAY,normal,0,0
6118,2026-01-30T10:55:17.612Z,2026-01-30T10:55:19.265Z,1653,FG-B,BATCH-1012,DAY,normal,0,0
6119,2026-01-30T10:55:19.265Z,2026-01-30T10:55:20.829Z,1564,FG-B,BATCH-1012,DAY,normal,0,0
6120,2026-01-30T10:55:20.829Z,2026-01-30T10:55:22.478Z,1649,FG-B,BATCH-1012,DAY,normal,0,0
6121,2026-01-30T10:55:22.478Z,2026-01-30T10:55:24.003Z,1525,FG-B,BATCH-1012,DAY,normal,0,0
6122,2026-01-30T10:55:24.003Z,2026-01-30T10:55:25.654Z,1651,FG-B,BATCH-1012,DAY,normal,0,0
6123,2026-01-30T10:55:25.654Z,2026-01-30T10:55:27.159Z,1505,FG-B,BATCH-1012,DAY,normal,0,0
6124,2026-01-30T10:55:27.159Z,2026-01-30T10:55:28.857Z,1698,FG-B,BATCH-1012,DAY,normal,0,0
6125,2026-01-30T10:55:28.857Z,2026-01-30T10:55:30.530Z,1673,FG-B,BATCH-1012,DAY,normal,0,0
6126,2026-01-30T10:55:30.530Z,2026-01-30T10:55:32.029Z,1499,FG-B,BATCH-1012,DAY,normal,0,0
6127,2026-01-30T10:55:32.029Z,2026-01-30T10:55:33.688Z,1659,FG-B,BATCH-1012,DAY,normal,0,0
6128,2026-01-30T10:55:33.688Z,2026-01-30T10:55:35.187Z,1499,FG-B,BATCH-1012,DAY,normal,0,0
6129,2026-01-30T10:55:35.187Z,2026-01-30T10:55:36.752Z,1565,FG-B,BATCH-1012,DAY,normal,0,0
6130,2026-01-30T10:55:36.752Z,2026-01-30T10:55:38.565Z,1813,FG-B,BATCH-1012,DAY,normal,0,0
6131,2026-01-30T10:55:38.565Z,2026-01-30T10:55:40.017Z,1452,FG-B,BATCH-1012,DAY,normal,0,0
6132,2026-01-30T10:55:40.017Z,2026-01-30T10:55:41.466Z,1449,FG-B,BATCH-1012,DAY,normal,0,0
6133,2026-01-30T10:55:41.466Z,2026-01-30T10:55:43.119Z,1653,FG-B,BATCH-1012,DAY,normal,0,0
6134,2026-01-30T10:55:43.119Z,2026-01-30T10:55:46.202Z,3083,FG-B,BATCH-1012,DAY,slow_cycle,0,1
6135,2026-01-30T10:55:46.202Z,2026-01-30T10:55:47.841Z,1639,FG-B,BATCH-1012,DAY,normal,0,0
6136,2026-01-30T10:55:47.841Z,2026-01-30T10:55:49.554Z,1713,FG-B,BATCH-1012,DAY,normal,0,0
6137,2026-01-30T10:55:49.554Z,2026-01-30T10:55:51.100Z,1546,FG-B,BATCH-1012,DAY,normal,0,0
6138,2026-01-30T10:55:51.100Z,2026-01-30T10:55:52.925Z,1825,FG-B,BATCH-1012,DAY,normal,0,0
6139,2026-01-30T10:55:52.925Z,2026-01-30T10:55:54.481Z,1556,FG-B,BATCH-1012,DAY,normal,0,0
6140,2026-01-30T10:55:54.481Z,2026-01-30T10:55:56.277Z,1796,FG-B,BATCH-1012,DAY,normal,0,0
6141,2026-01-30T10:55:56.277Z,2026-01-30T10:55:57.860Z,1583,FG-B,BATCH-1012,DAY,normal,0,0
6142,2026-01-30T10:55:57.860Z,2026-01-30T10:55:59.429Z,1569,FG-B,BATCH-1012,DAY,normal,0,0
6143,2026-01-30T10:55:59.429Z,2026-01-30T10:56:01.117Z,1688,FG-B,BATCH-1012,DAY,normal,0,0
6144,2026-01-30T10:56:01.117Z,2026-01-30T10:56:02.751Z,1634,FG-B,BATCH-1012,DAY,normal,0,0
6145,2026-01-30T10:56:02.751Z,2026-01-30T10:56:04.212Z,1461,FG-B,BATCH-1012,DAY,normal,0,0
6146,2026-01-30T10:56:04.212Z,2026-01-30T10:56:05.754Z,1542,FG-B,BATCH-1012,DAY,normal,0,0
6147,2026-01-30T10:56:05.754Z,2026-01-30T10:56:07.127Z,1373,FG-B,BATCH-1012,DAY,normal,0,0
6148,2026-01-30T10:56:07.127Z,2026-01-30T10:56:08.730Z,1603,FG-B,BATCH-1012,DAY,normal,0,0
6149,2026-01-30T10:56:08.730Z,2026-01-30T10:56:10.311Z,1581,FG-B,BATCH-1012,DAY,normal,0,0
6150,2026-01-30T10:56:10.311Z,2026-01-30T10:56:11.998Z,1687,FG-B,BATCH-1012,DAY,normal,0,0
6151,2026-01-30T10:56:11.998Z,2026-01-30T10:56:13.757Z,1759,FG-B,BATCH-1012,DAY,normal,0,0
6152,2026-01-30T10:56:13.757Z,2026-01-30T10:56:15.144Z,1387,FG-B,BATCH-1012,DAY,normal,0,0
6153,2026-01-30T10:56:15.144Z,2026-01-30T10:56:16.714Z,1570,FG-B,BATCH-1012,DAY,normal,0,0
6154,2026-01-30T10:56:16.714Z,2026-01-30T10:56:18.377Z,1663,FG-B,BATCH-1012,DAY,normal,0,0
6155,2026-01-30T10:56:18.377Z,2026-01-30T10:56:19.996Z,1619,FG-B,BATCH-1012,DAY,normal,0,0
6156,2026-01-30T10:56:19.996Z,2026-01-30T10:56:21.567Z,1571,FG-B,BATCH-1012,DAY,normal,0,0
6157,2026-01-30T10:56:21.567Z,2026-01-30T10:56:23.174Z,1607,FG-B,BATCH-1012,DAY,normal,0,0
6158,2026-01-30T10:56:23.174Z,2026-01-30T10:56:24.733Z,1559,FG-B,BATCH-1012,DAY,normal,0,0
6159,2026-01-30T10:56:24.733Z,2026-01-30T10:56:26.339Z,1606,FG-B,BATCH-1012,DAY,normal,0,0
6160,2026-01-30T10:56:26.339Z,2026-01-30T10:56:28.066Z,1727,FG-B,BATCH-1012,DAY,normal,0,0
6161,2026-01-30T10:56:28.066Z,2026-01-30T10:56:30.800Z,2734,FG-B,BATCH-1012,DAY,slow_cycle,0,1
6162,2026-01-30T10:56:30.800Z,2026-01-30T10:56:36.016Z,5216,FG-B,BATCH-1012,DAY,jam_recovery,1,1
6163,2026-01-30T10:56:36.016Z,2026-01-30T10:56:37.559Z,1543,FG-B,BATCH-1012,DAY,normal,0,0
6164,2026-01-30T10:56:37.559Z,2026-01-30T10:56:39.067Z,1508,FG-B,BATCH-1012,DAY,normal,0,0
6165,2026-01-30T10:56:39.067Z,2026-01-30T10:56:40.809Z,1742,FG-B,BATCH-1012,DAY,normal,0,0
6166,2026-01-30T10:56:40.809Z,2026-01-30T10:56:42.332Z,1523,FG-B,BATCH-1012,DAY,normal,0,0
6167,2026-01-30T10:56:42.332Z,2026-01-30T10:56:43.975Z,1643,FG-B,BATCH-1012,DAY,normal,0,0
6168,2026-01-30T10:56:43.975Z,2026-01-30T10:56:45.466Z,1491,FG-B,BATCH-1012,DAY,normal,0,0
6169,2026-01-30T10:56:45.466Z,2026-01-30T10:56:47.025Z,1559,FG-B,BATCH-1012,DAY,normal,0,0
6170,2026-01-30T10:56:47.025Z,2026-01-30T10:56:48.654Z,1629,FG-B,BATCH-1012,DAY,normal,0,0
6171,2026-01-30T10:56:48.654Z,2026-01-30T10:56:50.229Z,1575,FG-B,BATCH-1012,DAY,normal,0,0
6172,2026-01-30T10:56:50.229Z,2026-01-30T10:56:51.777Z,1548,FG-B,BATCH-1012,DAY,normal,0,0
6173,2026-01-30T10:56:51.777Z,2026-01-30T10:56:53.369Z,1592,FG-B,BATCH-1012,DAY,normal,0,0
6174,2026-01-30T10:56:53.369Z,2026-01-30T10:56:54.992Z,1623,FG-B,BATCH-1012,DAY,normal,0,0
6175,2026-01-30T10:56:54.992Z,2026-01-30T10:56:56.609Z,1617,FG-B,BATCH-1012,DAY,normal,0,0
6176,2026-01-30T10:56:56.609Z,2026-01-30T10:56:58.255Z,1646,FG-B,BATCH-1012,DAY,normal,0,0
6177,2026-01-30T10:56:58.255Z,2026-01-30T10:57:05.011Z,6756,FG-B,BATCH-1012,DAY,long_gap,1,1
6178,2026-01-30T10:57:05.011Z,2026-01-30T10:57:06.672Z,1661,FG-B,BATCH-1012,DAY,normal,0,0
6179,2026-01-30T10:57:06.672Z,2026-01-30T10:57:08.086Z,1414,FG-B,BATCH-1012,DAY,normal,0,0
6180,2026-01-30T10:57:08.086Z,2026-01-30T10:57:09.544Z,1458,FG-B,BATCH-1012,DAY,normal,0,0
6181,2026-01-30T10:57:09.544Z,2026-01-30T10:57:11.000Z,1456,FG-B,BATCH-1012,DAY,normal,0,0
6182,2026-01-30T10:57:11.000Z,2026-01-30T10:57:12.603Z,1603,FG-B,BATCH-1012,DAY,normal,0,0
6183,2026-01-30T10:57:12.603Z,2026-01-30T10:57:14.152Z,1549,FG-B,BATCH-1012,DAY,normal,0,0
6184,2026-01-30T10:57:14.152Z,2026-01-30T10:57:15.794Z,1642,FG-B,BATCH-1012,DAY,normal,0,0
6185,2026-01-30T10:57:15.794Z,2026-01-30T10:57:17.536Z,1742,FG-B,BATCH-1012,DAY,normal,0,0
6186,2026-01-30T10:57:17.536Z,2026-01-30T10:57:19.137Z,1601,FG-B,BATCH-1012,DAY,normal,0,0
6187,2026-01-30T10:57:19.137Z,2026-01-30T10:57:20.727Z,1590,FG-B,BATCH-1012,DAY,normal,0,0
6188,2026-01-30T10:57:20.727Z,2026-01-30T10:57:22.356Z,1629,FG-B,BATCH-1012,DAY,normal,0,0
6189,2026-01-30T10:57:22.356Z,2026-01-30T10:57:23.960Z,1604,FG-B,BATCH-1012,DAY,normal,0,0
6190,2026-01-30T10:57:23.960Z,2026-01-30T10:57:25.490Z,1530,FG-B,BATCH-1012,DAY,normal,0,0
6191,2026-01-30T10:57:25.490Z,2026-01-30T10:57:27.091Z,1601,FG-B,BATCH-1012,DAY,normal,0,0
6192,2026-01-30T10:57:27.091Z,2026-01-30T10:57:28.714Z,1623,FG-B,BATCH-1012,DAY,normal,0,0
6193,2026-01-30T10:57:28.714Z,2026-01-30T10:57:30.378Z,1664,FG-B,BATCH-1012,DAY,normal,0,0
6194,2026-01-30T10:57:30.378Z,2026-01-30T10:57:38.773Z,8395,FG-B,BATCH-1012,DAY,long_gap,1,1
6195,2026-01-30T10:57:38.773Z,2026-01-30T10:57:40.387Z,1614,FG-B,BATCH-1012,DAY,normal,0,0
6196,2026-01-30T10:57:40.387Z,2026-01-30T10:57:42.052Z,1665,FG-B,BATCH-1012,DAY,normal,0,0
6197,2026-01-30T10:57:42.052Z,2026-01-30T10:57:43.737Z,1685,FG-B,BATCH-1012,DAY,normal,0,0
6198,2026-01-30T10:57:43.737Z,2026-01-30T10:57:45.317Z,1580,FG-B,BATCH-1012,DAY,normal,0,0
6199,2026-01-30T10:57:45.317Z,2026-01-30T10:57:46.872Z,1555,FG-B,BATCH-1012,DAY,normal,0,0
6200,2026-01-30T10:57:46.872Z,2026-01-30T10:57:48.519Z,1647,FG-B,BATCH-1012,DAY,normal,0,0
6201,2026-01-30T10:57:48.519Z,2026-01-30T10:57:50.107Z,1588,FG-B,BATCH-1012,DAY,normal,0,0
6202,2026-01-30T10:57:50.107Z,2026-01-30T10:57:51.607Z,1500,FG-B,BATCH-1012,DAY,normal,0,0
6203,2026-01-30T10:57:51.607Z,2026-01-30T10:57:53.130Z,1523,FG-B,BATCH-1012,DAY,normal,0,0
6204,2026-01-30T10:57:53.130Z,2026-01-30T10:57:54.790Z,1660,FG-B,BATCH-1012,DAY,normal,0,0
6205,2026-01-30T10:57:54.790Z,2026-01-30T10:57:56.242Z,1452,FG-B,BATCH-1012,DAY,normal,0,0
6206,2026-01-30T10:57:56.242Z,2026-01-30T10:57:57.903Z,1661,FG-B,BATCH-1012,DAY,normal,0,0
6207,2026-01-30T10:57:57.903Z,2026-01-30T10:57:59.479Z,1576,FG-B,BATCH-1012,DAY,normal,0,0
6208,2026-01-30T10:57:59.479Z,2026-01-30T10:58:01.150Z,1671,FG-B,BATCH-1012,DAY,normal,0,0
6209,2026-01-30T10:58:01.150Z,2026-01-30T10:58:02.773Z,1623,FG-B,BATCH-1012,DAY,normal,0,0
6210,2026-01-30T10:58:02.773Z,2026-01-30T10:58:04.379Z,1606,FG-B,BATCH-1012,DAY,normal,0,0
6211,2026-01-30T10:58:04.379Z,2026-01-30T10:58:05.933Z,1554,FG-B,BATCH-1012,DAY,normal,0,0
6212,2026-01-30T10:58:05.933Z,2026-01-30T10:58:07.679Z,1746,FG-B,BATCH-1012,DAY,normal,0,0
6213,2026-01-30T10:58:07.679Z,2026-01-30T10:58:09.280Z,1601,FG-B,BATCH-1012,DAY,normal,0,0
6214,2026-01-30T10:58:09.280Z,2026-01-30T10:58:10.947Z,1667,FG-B,BATCH-1012,DAY,normal,0,0
6215,2026-01-30T10:58:10.947Z,2026-01-30T10:58:12.491Z,1544,FG-B,BATCH-1012,DAY,normal,0,0
6216,2026-01-30T10:58:12.491Z,2026-01-30T10:58:14.148Z,1657,FG-B,BATCH-1012,DAY,normal,0,0
6217,2026-01-30T10:58:14.148Z,2026-01-30T10:58:15.767Z,1619,FG-B,BATCH-1012,DAY,normal,0,0
6218,2026-01-30T10:58:15.767Z,2026-01-30T10:58:17.350Z,1583,FG-B,BATCH-1012,DAY,normal,0,0
6219,2026-01-30T10:58:17.350Z,2026-01-30T10:58:18.830Z,1480,FG-B,BATCH-1012,DAY,normal,0,0
6220,2026-01-30T10:58:18.830Z,2026-01-30T10:58:20.280Z,1450,FG-B,BATCH-1012,DAY,normal,0,0
6221,2026-01-30T10:58:20.280Z,2026-01-30T10:58:22.196Z,1916,FG-B,BATCH-1012,DAY,normal,0,0
6222,2026-01-30T10:58:22.196Z,2026-01-30T10:58:23.870Z,1674,FG-B,BATCH-1012,DAY,normal,0,0
6223,2026-01-30T10:58:23.870Z,2026-01-30T10:58:25.482Z,1612,FG-B,BATCH-1012,DAY,normal,0,0
6224,2026-01-30T10:58:25.482Z,2026-01-30T10:58:27.233Z,1751,FG-B,BATCH-1012,DAY,normal,0,0
6225,2026-01-30T10:58:27.233Z,2026-01-30T10:58:28.736Z,1503,FG-B,BATCH-1012,DAY,normal,0,0
6226,2026-01-30T10:58:28.736Z,2026-01-30T10:58:30.408Z,1672,FG-B,BATCH-1012,DAY,normal,0,0
6227,2026-01-30T10:58:30.408Z,2026-01-30T10:58:31.934Z,1526,FG-B,BATCH-1012,DAY,normal,0,0
6228,2026-01-30T10:58:31.934Z,2026-01-30T10:58:33.503Z,1569,FG-B,BATCH-1012,DAY,normal,0,0
6229,2026-01-30T10:58:33.503Z,2026-01-30T10:58:35.101Z,1598,FG-B,BATCH-1012,DAY,normal,0,0
6230,2026-01-30T10:58:35.101Z,2026-01-30T10:58:36.822Z,1721,FG-B,BATCH-1012,DAY,normal,0,0
6231,2026-01-30T10:58:36.822Z,2026-01-30T10:58:40.050Z,3228,FG-B,BATCH-1012,DAY,slow_cycle,0,1
6232,2026-01-30T10:58:40.050Z,2026-01-30T10:58:41.606Z,1556,FG-B,BATCH-1012,DAY,normal,0,0
6233,2026-01-30T10:58:41.606Z,2026-01-30T10:58:43.143Z,1537,FG-B,BATCH-1012,DAY,normal,0,0
6234,2026-01-30T10:58:43.143Z,2026-01-30T10:58:44.808Z,1665,FG-B,BATCH-1012,DAY,normal,0,0
6235,2026-01-30T10:58:44.808Z,2026-01-30T10:58:46.448Z,1640,FG-B,BATCH-1012,DAY,normal,0,0
6236,2026-01-30T10:58:46.448Z,2026-01-30T10:58:48.128Z,1680,FG-B,BATCH-1012,DAY,normal,0,0
6237,2026-01-30T10:58:48.128Z,2026-01-30T10:58:49.727Z,1599,FG-B,BATCH-1012,DAY,normal,0,0
6238,2026-01-30T10:58:49.727Z,2026-01-30T10:58:51.248Z,1521,FG-B,BATCH-1012,DAY,normal,0,0
6239,2026-01-30T10:58:51.248Z,2026-01-30T10:58:52.813Z,1565,FG-B,BATCH-1012,DAY,normal,0,0
6240,2026-01-30T10:58:52.813Z,2026-01-30T10:58:54.189Z,1376,FG-B,BATCH-1012,DAY,normal,0,0
6241,2026-01-30T10:58:54.189Z,2026-01-30T10:58:55.869Z,1680,FG-B,BATCH-1012,DAY,normal,0,0
6242,2026-01-30T10:58:55.869Z,2026-01-30T10:58:57.680Z,1811,FG-B,BATCH-1012,DAY,normal,0,0
6243,2026-01-30T10:58:57.680Z,2026-01-30T10:58:59.355Z,1675,FG-B,BATCH-1012,DAY,normal,0,0
6244,2026-01-30T10:58:59.355Z,2026-01-30T10:59:00.863Z,1508,FG-B,BATCH-1012,DAY,normal,0,0
6245,2026-01-30T10:59:00.863Z,2026-01-30T10:59:02.460Z,1597,FG-B,BATCH-1012,DAY,normal,0,0
6246,2026-01-30T10:59:02.460Z,2026-01-30T10:59:05.148Z,2688,FG-B,BATCH-1012,DAY,slow_cycle,0,1
6247,2026-01-30T10:59:05.148Z,2026-01-30T10:59:06.640Z,1492,FG-B,BATCH-1012,DAY,normal,0,0
6248,2026-01-30T10:59:06.640Z,2026-01-30T10:59:08.127Z,1487,FG-B,BATCH-1012,DAY,normal,0,0
6249,2026-01-30T10:59:08.127Z,2026-01-30T10:59:09.607Z,1480,FG-B,BATCH-1012,DAY,normal,0,0
6250,2026-01-30T10:59:09.607Z,2026-01-30T10:59:11.245Z,1638,FG-B,BATCH-1012,DAY,normal,0,0
6251,2026-01-30T10:59:11.245Z,2026-01-30T10:59:12.886Z,1641,FG-B,BATCH-1012,DAY,normal,0,0
6252,2026-01-30T10:59:12.886Z,2026-01-30T10:59:14.531Z,1645,FG-B,BATCH-1012,DAY,normal,0,0
6253,2026-01-30T10:59:14.531Z,2026-01-30T10:59:16.047Z,1516,FG-B,BATCH-1012,DAY,normal,0,0
6254,2026-01-30T10:59:16.047Z,2026-01-30T10:59:17.538Z,1491,FG-B,BATCH-1012,DAY,normal,0,0
6255,2026-01-30T10:59:17.538Z,2026-01-30T10:59:19.154Z,1616,FG-B,BATCH-1012,DAY,normal,0,0
6256,2026-01-30T10:59:19.154Z,2026-01-30T10:59:20.758Z,1604,FG-B,BATCH-1012,DAY,normal,0,0
6257,2026-01-30T10:59:20.758Z,2026-01-30T10:59:22.534Z,1776,FG-B,BATCH-1012,DAY,normal,0,0
6258,2026-01-30T10:59:22.534Z,2026-01-30T10:59:24.282Z,1748,FG-B,BATCH-1012,DAY,normal,0,0
6259,2026-01-30T10:59:24.282Z,2026-01-30T10:59:25.837Z,1555,FG-B,BATCH-1012,DAY,normal,0,0
6260,2026-01-30T10:59:25.837Z,2026-01-30T10:59:27.390Z,1553,FG-B,BATCH-1012,DAY,normal,0,0
6261,2026-01-30T10:59:27.390Z,2026-01-30T10:59:29.028Z,1638,FG-B,BATCH-1012,DAY,normal,0,0
6262,2026-01-30T10:59:29.028Z,2026-01-30T10:59:30.441Z,1413,FG-B,BATCH-1012,DAY,normal,0,0
6263,2026-01-30T10:59:30.441Z,2026-01-30T10:59:31.837Z,1396,FG-B,BATCH-1012,DAY,normal,0,0
6264,2026-01-30T10:59:31.837Z,2026-01-30T10:59:33.434Z,1597,FG-B,BATCH-1012,DAY,normal,0,0
6265,2026-01-30T10:59:33.434Z,2026-01-30T10:59:35.192Z,1758,FG-B,BATCH-1012,DAY,normal,0,0
6266,2026-01-30T10:59:35.192Z,2026-01-30T10:59:36.888Z,1696,FG-B,BATCH-1012,DAY,normal,0,0
6267,2026-01-30T10:59:36.888Z,2026-01-30T10:59:38.485Z,1597,FG-B,BATCH-1012,DAY,normal,0,0
6268,2026-01-30T10:59:38.485Z,2026-01-30T10:59:40.040Z,1555,FG-B,BATCH-1012,DAY,normal,0,0
6269,2026-01-30T10:59:40.040Z,2026-01-30T10:59:41.595Z,1555,FG-B,BATCH-1012,DAY,normal,0,0
6270,2026-01-30T10:59:41.595Z,2026-01-30T10:59:43.363Z,1768,FG-B,BATCH-1012,DAY,normal,0,0
6271,2026-01-30T10:59:43.363Z,2026-01-30T10:59:44.794Z,1431,FG-B,BATCH-1012,DAY,normal,0,0
6272,2026-01-30T10:59:44.794Z,2026-01-30T10:59:46.405Z,1611,FG-B,BATCH-1012,DAY,normal,0,0
6273,2026-01-30T10:59:46.405Z,2026-01-30T10:59:47.821Z,1416,FG-B,BATCH-1012,DAY,normal,0,0
6274,2026-01-30T10:59:47.821Z,2026-01-30T10:59:49.422Z,1601,FG-B,BATCH-1012,DAY,normal,0,0
6275,2026-01-30T10:59:49.422Z,2026-01-30T10:59:50.977Z,1555,FG-B,BATCH-1012,DAY,normal,0,0
6276,2026-01-30T10:59:50.977Z,2026-01-30T10:59:52.476Z,1499,FG-B,BATCH-1012,DAY,normal,0,0
6277,2026-01-30T10:59:52.476Z,2026-01-30T10:59:54.214Z,1738,FG-B,BATCH-1012,DAY,normal,0,0
6278,2026-01-30T10:59:54.214Z,2026-01-30T10:59:55.784Z,1570,FG-B,BATCH-1012,DAY,normal,0,0
6279,2026-01-30T10:59:55.784Z,2026-01-30T10:59:57.448Z,1664,FG-B,BATCH-1012,DAY,normal,0,0
6280,2026-01-30T10:59:57.448Z,2026-01-30T10:59:58.857Z,1409,FG-B,BATCH-1012,DAY,normal,0,0
6281,2026-01-30T10:59:58.857Z,2026-01-30T11:00:00.398Z,1541,FG-B,BATCH-1012,DAY,normal,0,0
6282,2026-01-30T11:00:00.398Z,2026-01-30T11:00:01.940Z,1542,FG-B,BATCH-1012,DAY,normal,0,0
6283,2026-01-30T11:00:01.940Z,2026-01-30T11:00:03.493Z,1553,FG-B,BATCH-1012,DAY,normal,0,0
6284,2026-01-30T11:00:03.493Z,2026-01-30T11:00:05.131Z,1638,FG-B,BATCH-1012,DAY,normal,0,0
6285,2026-01-30T11:00:05.131Z,2026-01-30T11:00:06.872Z,1741,FG-B,BATCH-1012,DAY,normal,0,0
6286,2026-01-30T11:00:06.872Z,2026-01-30T11:00:09.310Z,2438,FG-B,BATCH-1012,DAY,slow_cycle,0,1
6287,2026-01-30T11:00:09.310Z,2026-01-30T11:00:10.972Z,1662,FG-B,BATCH-1012,DAY,normal,0,0
6288,2026-01-30T11:00:10.972Z,2026-01-30T11:00:12.689Z,1717,FG-B,BATCH-1012,DAY,normal,0,0
6289,2026-01-30T11:00:12.689Z,2026-01-30T11:00:14.291Z,1602,FG-B,BATCH-1012,DAY,normal,0,0
6290,2026-01-30T11:00:14.291Z,2026-01-30T11:00:15.668Z,1377,FG-B,BATCH-1012,DAY,normal,0,0
6291,2026-01-30T11:00:15.668Z,2026-01-30T11:00:17.293Z,1625,FG-B,BATCH-1012,DAY,normal,0,0
6292,2026-01-30T11:00:17.293Z,2026-01-30T11:00:18.753Z,1460,FG-B,BATCH-1012,DAY,normal,0,0
6293,2026-01-30T11:00:18.753Z,2026-01-30T11:00:20.289Z,1536,FG-B,BATCH-1012,DAY,normal,0,0
6294,2026-01-30T11:00:20.289Z,2026-01-30T11:00:21.857Z,1568,FG-B,BATCH-1012,DAY,normal,0,0
6295,2026-01-30T11:00:21.857Z,2026-01-30T11:00:23.512Z,1655,FG-B,BATCH-1012,DAY,normal,0,0
6296,2026-01-30T11:00:23.512Z,2026-01-30T11:00:25.117Z,1605,FG-B,BATCH-1012,DAY,normal,0,0
6297,2026-01-30T11:00:25.117Z,2026-01-30T11:00:26.739Z,1622,FG-B,BATCH-1012,DAY,normal,0,0
6298,2026-01-30T11:00:26.739Z,2026-01-30T11:00:28.399Z,1660,FG-B,BATCH-1012,DAY,normal,0,0
6299,2026-01-30T11:00:28.399Z,2026-01-30T11:00:29.889Z,1490,FG-B,BATCH-1012,DAY,normal,0,0
6300,2026-01-30T11:00:29.889Z,2026-01-30T11:00:31.446Z,1557,FG-B,BATCH-1012,DAY,normal,0,0
6301,2026-01-30T11:00:31.446Z,2026-01-30T11:00:32.907Z,1461,FG-B,BATCH-1012,DAY,normal,0,0
6302,2026-01-30T11:00:32.907Z,2026-01-30T11:00:34.419Z,1512,FG-B,BATCH-1012,DAY,normal,0,0
6303,2026-01-30T11:00:34.419Z,2026-01-30T11:00:38.815Z,4396,FG-B,BATCH-1012,DAY,jam_recovery,0,1
6304,2026-01-30T11:00:38.815Z,2026-01-30T11:00:40.281Z,1466,FG-B,BATCH-1012,DAY,normal,0,0
6305,2026-01-30T11:00:40.281Z,2026-01-30T11:00:41.508Z,1227,FG-B,BATCH-1012,DAY,fast_cycle,0,0
6306,2026-01-30T11:00:41.508Z,2026-01-30T11:00:43.109Z,1601,FG-B,BATCH-1012,DAY,normal,0,0
6307,2026-01-30T11:00:43.109Z,2026-01-30T11:00:44.712Z,1603,FG-B,BATCH-1012,DAY,normal,0,0
6308,2026-01-30T11:00:44.712Z,2026-01-30T11:00:46.067Z,1355,FG-B,BATCH-1012,DAY,normal,0,0
6309,2026-01-30T11:00:46.067Z,2026-01-30T11:00:47.613Z,1546,FG-B,BATCH-1012,DAY,normal,0,0
6310,2026-01-30T11:00:47.613Z,2026-01-30T11:00:49.276Z,1663,FG-B,BATCH-1012,DAY,normal,0,0
6311,2026-01-30T11:00:49.276Z,2026-01-30T11:00:50.839Z,1563,FG-B,BATCH-1012,DAY,normal,0,0
6312,2026-01-30T11:00:50.839Z,2026-01-30T11:00:52.297Z,1458,FG-B,BATCH-1012,DAY,normal,0,0
6313,2026-01-30T11:00:52.297Z,2026-01-30T11:00:53.880Z,1583,FG-B,BATCH-1012,DAY,normal,0,0
6314,2026-01-30T11:00:53.880Z,2026-01-30T11:00:55.413Z,1533,FG-B,BATCH-1012,DAY,normal,0,0
6315,2026-01-30T11:00:55.413Z,2026-01-30T11:00:57.024Z,1611,FG-B,BATCH-1012,DAY,normal,0,0
6316,2026-01-30T11:00:57.024Z,2026-01-30T11:00:58.556Z,1532,FG-B,BATCH-1012,DAY,normal,0,0
6317,2026-01-30T11:00:58.556Z,2026-01-30T11:01:00.148Z,1592,FG-B,BATCH-1012,DAY,normal,0,0
6318,2026-01-30T11:01:00.148Z,2026-01-30T11:01:01.734Z,1586,FG-B,BATCH-1012,DAY,normal,0,0
6319,2026-01-30T11:01:01.734Z,2026-01-30T11:01:03.124Z,1390,FG-B,BATCH-1012,DAY,fast_cycle,0,0
6320,2026-01-30T11:01:03.124Z,2026-01-30T11:01:04.705Z,1581,FG-B,BATCH-1012,DAY,normal,0,0
6321,2026-01-30T11:01:04.705Z,2026-01-30T11:01:06.309Z,1604,FG-B,BATCH-1012,DAY,normal,0,0
6322,2026-01-30T11:01:06.309Z,2026-01-30T11:01:07.996Z,1687,FG-B,BATCH-1012,DAY,normal,0,0
6323,2026-01-30T11:01:07.996Z,2026-01-30T11:01:09.729Z,1733,FG-B,BATCH-1012,DAY,normal,0,0
6324,2026-01-30T11:01:09.729Z,2026-01-30T11:01:12.929Z,3200,FG-B,BATCH-1012,DAY,slow_cycle,0,1
6325,2026-01-30T11:01:12.929Z,2026-01-30T11:01:14.363Z,1434,FG-B,BATCH-1012,DAY,normal,0,0
6326,2026-01-30T11:01:14.363Z,2026-01-30T11:01:15.868Z,1505,FG-B,BATCH-1012,DAY,normal,0,0
6327,2026-01-30T11:01:15.868Z,2026-01-30T11:01:20.694Z,4826,FG-B,BATCH-1012,DAY,jam_recovery,0,1
6328,2026-01-30T11:01:20.694Z,2026-01-30T11:01:33.678Z,12984,FG-B,BATCH-1012,DAY,long_gap,1,1
6329,2026-01-30T11:01:33.678Z,2026-01-30T11:01:35.375Z,1697,FG-B,BATCH-1012,DAY,normal,0,0
6330,2026-01-30T11:01:35.375Z,2026-01-30T11:01:36.813Z,1438,FG-B,BATCH-1012,DAY,normal,0,0
6331,2026-01-30T11:01:36.813Z,2026-01-30T11:01:38.538Z,1725,FG-B,BATCH-1012,DAY,normal,0,0
6332,2026-01-30T11:01:38.538Z,2026-01-30T11:01:39.907Z,1369,FG-B,BATCH-1012,DAY,normal,0,0
6333,2026-01-30T11:01:39.907Z,2026-01-30T11:01:41.434Z,1527,FG-B,BATCH-1012,DAY,normal,0,0
6334,2026-01-30T11:01:41.434Z,2026-01-30T11:01:42.902Z,1468,FG-B,BATCH-1012,DAY,normal,0,0
6335,2026-01-30T11:01:42.902Z,2026-01-30T11:01:44.437Z,1535,FG-B,BATCH-1012,DAY,normal,0,0
6336,2026-01-30T11:01:44.437Z,2026-01-30T11:01:45.945Z,1508,FG-B,BATCH-1012,DAY,normal,0,0
6337,2026-01-30T11:01:45.945Z,2026-01-30T11:01:47.466Z,1521,FG-B,BATCH-1012,DAY,normal,0,0
6338,2026-01-30T11:01:47.466Z,2026-01-30T11:01:50.521Z,3055,FG-B,BATCH-1012,DAY,slow_cycle,0,1
6339,2026-01-30T11:01:50.521Z,2026-01-30T11:01:52.148Z,1627,FG-B,BATCH-1012,DAY,normal,0,0
6340,2026-01-30T11:01:52.148Z,2026-01-30T11:01:53.625Z,1477,FG-B,BATCH-1012,DAY,normal,0,0
6341,2026-01-30T11:01:53.625Z,2026-01-30T11:01:59.001Z,5376,FG-B,BATCH-1012,DAY,jam_recovery,1,1
6342,2026-01-30T11:01:59.001Z,2026-01-30T11:02:00.566Z,1565,FG-B,BATCH-1012,DAY,normal,0,0
6343,2026-01-30T11:02:00.566Z,2026-01-30T11:02:01.947Z,1381,FG-B,BATCH-1012,DAY,normal,0,0
6344,2026-01-30T11:02:01.947Z,2026-01-30T11:02:03.518Z,1571,FG-B,BATCH-1012,DAY,normal,0,0
6345,2026-01-30T11:02:03.518Z,2026-01-30T11:02:04.912Z,1394,FG-B,BATCH-1012,DAY,normal,0,0
6346,2026-01-30T11:02:04.912Z,2026-01-30T11:02:06.236Z,1324,FG-B,BATCH-1012,DAY,fast_cycle,0,0
6347,2026-01-30T11:02:06.236Z,2026-01-30T11:02:07.727Z,1491,FG-B,BATCH-1012,DAY,normal,0,0
6348,2026-01-30T11:02:07.727Z,2026-01-30T11:02:09.354Z,1627,FG-B,BATCH-1012,DAY,normal,0,0
6349,2026-01-30T11:02:09.354Z,2026-01-30T11:02:10.879Z,1525,FG-B,BATCH-1012,DAY,normal,0,0
6350,2026-01-30T11:02:10.879Z,2026-01-30T11:02:12.465Z,1586,FG-B,BATCH-1012,DAY,normal,0,0
6351,2026-01-30T11:02:12.465Z,2026-01-30T11:02:14.097Z,1632,FG-B,BATCH-1012,DAY,normal,0,0
6352,2026-01-30T11:02:14.097Z,2026-01-30T11:02:15.641Z,1544,FG-B,BATCH-1012,DAY,normal,0,0
6353,2026-01-30T11:02:15.641Z,2026-01-30T11:02:17.065Z,1424,FG-B,BATCH-1012,DAY,normal,0,0
6354,2026-01-30T11:02:17.065Z,2026-01-30T11:02:18.643Z,1578,FG-B,BATCH-1012,DAY,normal,0,0
6355,2026-01-30T11:02:18.643Z,2026-01-30T11:02:20.002Z,1359,FG-B,BATCH-1012,DAY,normal,0,0
6356,2026-01-30T11:02:20.002Z,2026-01-30T11:02:21.614Z,1612,FG-B,BATCH-1012,DAY,normal,0,0
6357,2026-01-30T11:02:21.614Z,2026-01-30T11:02:23.051Z,1437,FG-B,BATCH-1012,DAY,normal,0,0
6358,2026-01-30T11:02:23.051Z,2026-01-30T11:02:26.925Z,3874,FG-B,BATCH-1012,DAY,jam_recovery,0,1
6359,2026-01-30T11:02:26.925Z,2026-01-30T11:02:29.527Z,2602,FG-B,BATCH-1012,DAY,slow_cycle,0,1
6360,2026-01-30T11:02:29.527Z,2026-01-30T11:02:31.202Z,1675,FG-B,BATCH-1012,DAY,normal,0,0
6361,2026-01-30T11:02:31.202Z,2026-01-30T11:02:32.774Z,1572,FG-B,BATCH-1012,DAY,normal,0,0
6362,2026-01-30T11:02:32.774Z,2026-01-30T11:02:34.420Z,1646,FG-B,BATCH-1012,DAY,normal,0,0
6363,2026-01-30T11:02:34.420Z,2026-01-30T11:02:36.044Z,1624,FG-B,BATCH-1012,DAY,normal,0,0
6364,2026-01-30T11:02:36.044Z,2026-01-30T11:02:37.611Z,1567,FG-B,BATCH-1012,DAY,normal,0,0
6365,2026-01-30T11:02:37.611Z,2026-01-30T11:02:39.091Z,1480,FG-B,BATCH-1012,DAY,normal,0,0
6366,2026-01-30T11:02:39.091Z,2026-01-30T11:02:40.655Z,1564,FG-B,BATCH-1012,DAY,normal,0,0
6367,2026-01-30T11:02:40.655Z,2026-01-30T11:02:42.250Z,1595,FG-B,BATCH-1012,DAY,normal,0,0
6368,2026-01-30T11:02:42.250Z,2026-01-30T11:02:43.609Z,1359,FG-B,BATCH-1012,DAY,normal,0,0
6369,2026-01-30T11:02:43.609Z,2026-01-30T11:02:45.239Z,1630,FG-B,BATCH-1012,DAY,normal,0,0
6370,2026-01-30T11:02:45.239Z,2026-01-30T11:02:46.908Z,1669,FG-B,BATCH-1012,DAY,normal,0,0
6371,2026-01-30T11:02:46.908Z,2026-01-30T11:02:48.571Z,1663,FG-B,BATCH-1012,DAY,normal,0,0
6372,2026-01-30T11:02:48.571Z,2026-01-30T11:02:50.302Z,1731,FG-B,BATCH-1012,DAY,normal,0,0
6373,2026-01-30T11:02:50.302Z,2026-01-30T11:02:51.722Z,1420,FG-B,BATCH-1012,DAY,normal,0,0
6374,2026-01-30T11:02:51.722Z,2026-01-30T11:02:53.276Z,1554,FG-B,BATCH-1012,DAY,normal,0,0
6375,2026-01-30T11:02:53.276Z,2026-01-30T11:02:54.743Z,1467,FG-B,BATCH-1012,DAY,normal,0,0
6376,2026-01-30T11:02:54.743Z,2026-01-30T11:02:56.310Z,1567,FG-B,BATCH-1012,DAY,normal,0,0
6377,2026-01-30T11:02:56.310Z,2026-01-30T11:02:57.900Z,1590,FG-B,BATCH-1012,DAY,normal,0,0
6378,2026-01-30T11:02:57.900Z,2026-01-30T11:02:59.446Z,1546,FG-B,BATCH-1012,DAY,normal,0,0
6379,2026-01-30T11:02:59.446Z,2026-01-30T11:03:00.954Z,1508,FG-B,BATCH-1012,DAY,normal,0,0
6380,2026-01-30T11:03:00.954Z,2026-01-30T11:03:02.622Z,1668,FG-B,BATCH-1012,DAY,normal,0,0
6381,2026-01-30T11:03:02.622Z,2026-01-30T11:03:04.215Z,1593,FG-B,BATCH-1012,DAY,normal,0,0
6382,2026-01-30T11:03:04.215Z,2026-01-30T11:03:05.986Z,1771,FG-B,BATCH-1012,DAY,normal,0,0
6383,2026-01-30T11:03:05.986Z,2026-01-30T11:03:07.572Z,1586,FG-B,BATCH-1012,DAY,normal,0,0
6384,2026-01-30T11:03:07.572Z,2026-01-30T11:03:09.248Z,1676,FG-B,BATCH-1012,DAY,normal,0,0
6385,2026-01-30T11:03:09.248Z,2026-01-30T11:03:10.712Z,1464,FG-B,BATCH-1012,DAY,normal,0,0
6386,2026-01-30T11:03:10.712Z,2026-01-30T11:03:12.265Z,1553,FG-B,BATCH-1012,DAY,normal,0,0
6387,2026-01-30T11:03:12.265Z,2026-01-30T11:03:13.975Z,1710,FG-B,BATCH-1012,DAY,normal,0,0
6388,2026-01-30T11:03:13.975Z,2026-01-30T11:03:15.480Z,1505,FG-B,BATCH-1012,DAY,normal,0,0
6389,2026-01-30T11:03:15.480Z,2026-01-30T11:03:20.214Z,4734,FG-B,BATCH-1012,DAY,jam_recovery,0,1
6390,2026-01-30T11:03:20.214Z,2026-01-30T11:03:21.858Z,1644,FG-B,BATCH-1012,DAY,normal,0,0
6391,2026-01-30T11:03:21.858Z,2026-01-30T11:03:23.331Z,1473,FG-B,BATCH-1012,DAY,normal,0,0
6392,2026-01-30T11:03:23.331Z,2026-01-30T11:03:24.866Z,1535,FG-B,BATCH-1012,DAY,normal,0,0
6393,2026-01-30T11:03:24.866Z,2026-01-30T11:03:26.281Z,1415,FG-B,BATCH-1012,DAY,normal,0,0
6394,2026-01-30T11:03:26.281Z,2026-01-30T11:03:27.731Z,1450,FG-B,BATCH-1012,DAY,normal,0,0
6395,2026-01-30T11:03:27.731Z,2026-01-30T11:03:29.429Z,1698,FG-B,BATCH-1012,DAY,normal,0,0
6396,2026-01-30T11:03:29.429Z,2026-01-30T11:03:31.121Z,1692,FG-B,BATCH-1012,DAY,normal,0,0
6397,2026-01-30T11:03:31.121Z,2026-01-30T11:03:32.600Z,1479,FG-B,BATCH-1012,DAY,normal,0,0
6398,2026-01-30T11:03:32.600Z,2026-01-30T11:03:34.105Z,1505,FG-B,BATCH-1012,DAY,normal,0,0
6399,2026-01-30T11:03:34.105Z,2026-01-30T11:03:35.598Z,1493,FG-B,BATCH-1012,DAY,normal,0,0
6400,2026-01-30T11:03:35.598Z,2026-01-30T11:03:37.327Z,1729,FG-B,BATCH-1012,DAY,normal,0,0
6401,2026-01-30T11:03:37.327Z,2026-01-30T11:03:38.877Z,1550,FG-B,BATCH-1012,DAY,normal,0,0
6402,2026-01-30T11:03:38.877Z,2026-01-30T11:03:40.554Z,1677,FG-B,BATCH-1012,DAY,normal,0,0
6403,2026-01-30T11:03:40.554Z,2026-01-30T11:03:42.030Z,1476,FG-B,BATCH-1012,DAY,normal,0,0
6404,2026-01-30T11:03:42.030Z,2026-01-30T11:03:43.659Z,1629,FG-B,BATCH-1012,DAY,normal,0,0
6405,2026-01-30T11:03:43.659Z,2026-01-30T11:03:45.263Z,1604,FG-B,BATCH-1012,DAY,normal,0,0
6406,2026-01-30T11:03:45.263Z,2026-01-30T11:03:46.766Z,1503,FG-B,BATCH-1012,DAY,normal,0,0
6407,2026-01-30T11:03:46.766Z,2026-01-30T11:03:48.250Z,1484,FG-B,BATCH-1012,DAY,normal,0,0
6408,2026-01-30T11:03:48.250Z,2026-01-30T11:03:49.883Z,1633,FG-B,BATCH-1012,DAY,normal,0,0
6409,2026-01-30T11:03:49.883Z,2026-01-30T11:03:51.394Z,1511,FG-B,BATCH-1012,DAY,normal,0,0
6410,2026-01-30T11:03:51.394Z,2026-01-30T11:03:53.013Z,1619,FG-B,BATCH-1012,DAY,normal,0,0
6411,2026-01-30T11:03:53.013Z,2026-01-30T11:03:54.648Z,1635,FG-B,BATCH-1012,DAY,normal,0,0
6412,2026-01-30T11:03:54.648Z,2026-01-30T11:03:56.288Z,1640,FG-B,BATCH-1012,DAY,normal,0,0
6413,2026-01-30T11:03:56.288Z,2026-01-30T11:03:57.754Z,1466,FG-B,BATCH-1012,DAY,normal,0,0
6414,2026-01-30T11:03:57.754Z,2026-01-30T11:03:59.363Z,1609,FG-B,BATCH-1012,DAY,normal,0,0
6415,2026-01-30T11:03:59.363Z,2026-01-30T11:04:00.843Z,1480,FG-B,BATCH-1012,DAY,normal,0,0
6416,2026-01-30T11:04:00.843Z,2026-01-30T11:04:02.527Z,1684,FG-B,BATCH-1012,DAY,normal,0,0
6417,2026-01-30T11:04:02.527Z,2026-01-30T11:04:04.085Z,1558,FG-B,BATCH-1012,DAY,normal,0,0
6418,2026-01-30T11:04:04.085Z,2026-01-30T11:04:05.647Z,1562,FG-B,BATCH-1012,DAY,normal,0,0
6419,2026-01-30T11:04:05.647Z,2026-01-30T11:04:07.332Z,1685,FG-B,BATCH-1012,DAY,normal,0,0
6420,2026-01-30T11:04:07.332Z,2026-01-30T11:04:08.830Z,1498,FG-B,BATCH-1012,DAY,normal,0,0
6421,2026-01-30T11:04:08.830Z,2026-01-30T11:04:10.242Z,1412,FG-B,BATCH-1012,DAY,normal,0,0
6422,2026-01-30T11:04:10.242Z,2026-01-30T11:04:11.854Z,1612,FG-B,BATCH-1012,DAY,normal,0,0
6423,2026-01-30T11:04:11.854Z,2026-01-30T11:04:13.340Z,1486,FG-B,BATCH-1012,DAY,normal,0,0
6424,2026-01-30T11:04:13.340Z,2026-01-30T11:04:14.933Z,1593,FG-B,BATCH-1012,DAY,normal,0,0
6425,2026-01-30T11:04:14.933Z,2026-01-30T11:04:16.437Z,1504,FG-B,BATCH-1012,DAY,normal,0,0
6426,2026-01-30T11:04:16.437Z,2026-01-30T11:04:18.002Z,1565,FG-B,BATCH-1012,DAY,normal,0,0
6427,2026-01-30T11:04:18.002Z,2026-01-30T11:04:19.521Z,1519,FG-B,BATCH-1012,DAY,normal,0,0
6428,2026-01-30T11:04:19.521Z,2026-01-30T11:04:21.187Z,1666,FG-B,BATCH-1012,DAY,normal,0,0
6429,2026-01-30T11:04:21.187Z,2026-01-30T11:04:34.761Z,13574,FG-B,BATCH-1012,DAY,long_gap,1,1
6430,2026-01-30T11:04:34.761Z,2026-01-30T11:04:36.280Z,1519,FG-B,BATCH-1012,DAY,normal,0,0
6431,2026-01-30T11:04:36.280Z,2026-01-30T11:04:37.843Z,1563,FG-B,BATCH-1012,DAY,normal,0,0
6432,2026-01-30T11:04:37.843Z,2026-01-30T11:04:39.474Z,1631,FG-B,BATCH-1012,DAY,normal,0,0
6433,2026-01-30T11:04:39.474Z,2026-01-30T11:04:41.016Z,1542,FG-B,BATCH-1012,DAY,normal,0,0
6434,2026-01-30T11:04:41.016Z,2026-01-30T11:04:42.538Z,1522,FG-B,BATCH-1012,DAY,normal,0,0
6435,2026-01-30T11:04:42.538Z,2026-01-30T11:04:44.828Z,2290,FG-B,BATCH-1012,DAY,slow_cycle,0,1
6436,2026-01-30T11:04:44.828Z,2026-01-30T11:04:46.435Z,1607,FG-B,BATCH-1012,DAY,normal,0,0
6437,2026-01-30T11:04:46.435Z,2026-01-30T11:04:48.040Z,1605,FG-B,BATCH-1012,DAY,normal,0,0
6438,2026-01-30T11:04:48.040Z,2026-01-30T11:04:49.598Z,1558,FG-B,BATCH-1012,DAY,normal,0,0
6439,2026-01-30T11:04:49.598Z,2026-01-30T11:04:51.394Z,1796,FG-B,BATCH-1012,DAY,normal,0,0
6440,2026-01-30T11:04:51.394Z,2026-01-30T11:04:52.836Z,1442,FG-B,BATCH-1012,DAY,normal,0,0
6441,2026-01-30T11:04:52.836Z,2026-01-30T11:04:54.483Z,1647,FG-B,BATCH-1012,DAY,normal,0,0
6442,2026-01-30T11:04:54.483Z,2026-01-30T11:04:56.072Z,1589,FG-B,BATCH-1012,DAY,normal,0,0
6443,2026-01-30T11:04:56.072Z,2026-01-30T11:04:57.732Z,1660,FG-B,BATCH-1012,DAY,normal,0,0
6444,2026-01-30T11:04:57.732Z,2026-01-30T11:04:59.274Z,1542,FG-B,BATCH-1012,DAY,normal,0,0
6445,2026-01-30T11:04:59.274Z,2026-01-30T11:05:03.657Z,4383,FG-B,BATCH-1012,DAY,jam_recovery,0,1
6446,2026-01-30T11:05:03.657Z,2026-01-30T11:05:05.364Z,1707,FG-B,BATCH-1012,DAY,normal,0,0
6447,2026-01-30T11:05:05.364Z,2026-01-30T11:05:06.955Z,1591,FG-B,BATCH-1012,DAY,normal,0,0
6448,2026-01-30T11:05:06.955Z,2026-01-30T11:05:08.475Z,1520,FG-B,BATCH-1012,DAY,normal,0,0
6449,2026-01-30T11:05:08.475Z,2026-01-30T11:05:10.026Z,1551,FG-B,BATCH-1012,DAY,normal,0,0
6450,2026-01-30T11:05:10.026Z,2026-01-30T11:05:11.438Z,1412,FG-B,BATCH-1012,DAY,normal,0,0
6451,2026-01-30T11:05:11.438Z,2026-01-30T11:05:13.950Z,2512,FG-B,BATCH-1012,DAY,slow_cycle,0,1
6452,2026-01-30T11:05:13.950Z,2026-01-30T11:05:15.306Z,1356,FG-B,BATCH-1012,DAY,normal,0,0
6453,2026-01-30T11:05:15.306Z,2026-01-30T11:05:16.884Z,1578,FG-B,BATCH-1012,DAY,normal,0,0
6454,2026-01-30T11:05:16.884Z,2026-01-30T11:05:18.578Z,1694,FG-B,BATCH-1012,DAY,normal,0,0
6455,2026-01-30T11:05:18.578Z,2026-01-30T11:05:20.215Z,1637,FG-B,BATCH-1012,DAY,normal,0,0
6456,2026-01-30T11:05:20.215Z,2026-01-30T11:05:21.625Z,1410,FG-B,BATCH-1012,DAY,normal,0,0
6457,2026-01-30T11:05:21.625Z,2026-01-30T11:05:23.230Z,1605,FG-B,BATCH-1012,DAY,normal,0,0
6458,2026-01-30T11:05:23.230Z,2026-01-30T11:05:24.871Z,1641,FG-B,BATCH-1012,DAY,normal,0,0
6459,2026-01-30T11:05:24.871Z,2026-01-30T11:05:26.449Z,1578,FG-B,BATCH-1012,DAY,normal,0,0
6460,2026-01-30T11:05:26.449Z,2026-01-30T11:05:28.884Z,2435,FG-B,BATCH-1012,DAY,slow_cycle,0,1
6461,2026-01-30T11:05:28.884Z,2026-01-30T11:05:30.540Z,1656,FG-B,BATCH-1012,DAY,normal,0,0
6462,2026-01-30T11:05:30.540Z,2026-01-30T11:05:32.143Z,1603,FG-B,BATCH-1012,DAY,normal,0,0
6463,2026-01-30T11:05:32.143Z,2026-01-30T11:05:33.485Z,1342,FG-B,BATCH-1012,DAY,normal,0,0
6464,2026-01-30T11:05:33.485Z,2026-01-30T11:05:34.902Z,1417,FG-B,BATCH-1012,DAY,normal,0,0
6465,2026-01-30T11:05:34.902Z,2026-01-30T11:05:36.496Z,1594,FG-B,BATCH-1012,DAY,normal,0,0
6466,2026-01-30T11:05:36.496Z,2026-01-30T11:05:38.039Z,1543,FG-B,BATCH-1012,DAY,normal,0,0
6467,2026-01-30T11:05:38.039Z,2026-01-30T11:05:39.574Z,1535,FG-B,BATCH-1012,DAY,normal,0,0
6468,2026-01-30T11:05:39.574Z,2026-01-30T11:05:40.929Z,1355,FG-B,BATCH-1012,DAY,normal,0,0
6469,2026-01-30T11:05:40.929Z,2026-01-30T11:05:42.500Z,1571,FG-B,BATCH-1012,DAY,normal,0,0
6470,2026-01-30T11:05:42.500Z,2026-01-30T11:05:44.038Z,1538,FG-B,BATCH-1012,DAY,normal,0,0
6471,2026-01-30T11:05:44.038Z,2026-01-30T11:05:45.680Z,1642,FG-B,BATCH-1012,DAY,normal,0,0
6472,2026-01-30T11:05:45.680Z,2026-01-30T11:05:47.272Z,1592,FG-B,BATCH-1012,DAY,normal,0,0
6473,2026-01-30T11:05:47.272Z,2026-01-30T11:06:00.804Z,13532,FG-B,BATCH-1012,DAY,long_gap,1,1
6474,2026-01-30T11:06:00.804Z,2026-01-30T11:06:02.435Z,1631,FG-B,BATCH-1012,DAY,normal,0,0
6475,2026-01-30T11:06:02.435Z,2026-01-30T11:06:06.366Z,3931,FG-B,BATCH-1012,DAY,jam_recovery,0,1
6476,2026-01-30T11:06:06.366Z,2026-01-30T11:06:07.848Z,1482,FG-B,BATCH-1012,DAY,normal,0,0
6477,2026-01-30T11:06:07.848Z,2026-01-30T11:06:09.528Z,1680,FG-B,BATCH-1012,DAY,normal,0,0
6478,2026-01-30T11:06:09.528Z,2026-01-30T11:06:10.948Z,1420,FG-B,BATCH-1012,DAY,normal,0,0
6479,2026-01-30T11:06:10.948Z,2026-01-30T11:06:12.557Z,1609,FG-B,BATCH-1012,DAY,normal,0,0
6480,2026-01-30T11:06:12.557Z,2026-01-30T11:06:14.216Z,1659,FG-B,BATCH-1012,DAY,normal,0,0
6481,2026-01-30T11:06:14.216Z,2026-01-30T11:06:15.894Z,1678,FG-B,BATCH-1012,DAY,normal,0,0
6482,2026-01-30T11:06:15.894Z,2026-01-30T11:06:17.368Z,1474,FG-B,BATCH-1012,DAY,normal,0,0
6483,2026-01-30T11:06:17.368Z,2026-01-30T11:06:20.291Z,2923,FG-B,BATCH-1012,DAY,slow_cycle,0,1
6484,2026-01-30T11:06:20.291Z,2026-01-30T11:06:21.803Z,1512,FG-B,BATCH-1012,DAY,normal,0,0
6485,2026-01-30T11:06:21.803Z,2026-01-30T11:06:23.235Z,1432,FG-B,BATCH-1012,DAY,normal,0,0
6486,2026-01-30T11:06:23.235Z,2026-01-30T11:06:24.771Z,1536,FG-B,BATCH-1012,DAY,normal,0,0
6487,2026-01-30T11:06:24.771Z,2026-01-30T11:06:26.448Z,1677,FG-B,BATCH-1012,DAY,normal,0,0
6488,2026-01-30T11:06:26.448Z,2026-01-30T11:06:27.987Z,1539,FG-B,BATCH-1012,DAY,normal,0,0
6489,2026-01-30T11:06:27.987Z,2026-01-30T11:06:29.775Z,1788,FG-B,BATCH-1012,DAY,normal,0,0
6490,2026-01-30T11:06:29.775Z,2026-01-30T11:06:31.513Z,1738,FG-B,BATCH-1012,DAY,normal,0,0
6491,2026-01-30T11:06:31.513Z,2026-01-30T11:06:32.970Z,1457,FG-B,BATCH-1012,DAY,normal,0,0
6492,2026-01-30T11:06:32.970Z,2026-01-30T11:06:34.592Z,1622,FG-B,BATCH-1012,DAY,normal,0,0
6493,2026-01-30T11:06:34.592Z,2026-01-30T11:06:36.254Z,1662,FG-B,BATCH-1012,DAY,normal,0,0
6494,2026-01-30T11:06:36.254Z,2026-01-30T11:06:37.903Z,1649,FG-B,BATCH-1012,DAY,normal,0,0
6495,2026-01-30T11:06:37.903Z,2026-01-30T11:06:39.458Z,1555,FG-B,BATCH-1012,DAY,normal,0,0
6496,2026-01-30T11:06:39.458Z,2026-01-30T11:06:41.030Z,1572,FG-B,BATCH-1012,DAY,normal,0,0
6497,2026-01-30T11:06:41.030Z,2026-01-30T11:06:42.528Z,1498,FG-B,BATCH-1012,DAY,normal,0,0
6498,2026-01-30T11:06:42.528Z,2026-01-30T11:06:44.091Z,1563,FG-B,BATCH-1012,DAY,normal,0,0
6499,2026-01-30T11:06:44.091Z,2026-01-30T11:06:45.701Z,1610,FG-B,BATCH-1012,DAY,normal,0,0
6500,2026-01-30T11:06:45.701Z,2026-01-30T11:06:47.291Z,1590,FG-B,BATCH-1013,DAY,normal,0,0
6501,2026-01-30T11:06:47.291Z,2026-01-30T11:06:48.850Z,1559,FG-B,BATCH-1013,DAY,normal,0,0
6502,2026-01-30T11:06:48.850Z,2026-01-30T11:07:03.290Z,14440,FG-B,BATCH-1013,DAY,long_gap,1,1
6503,2026-01-30T11:07:03.290Z,2026-01-30T11:07:04.737Z,1447,FG-B,BATCH-1013,DAY,normal,0,0
6504,2026-01-30T11:07:04.737Z,2026-01-30T11:07:06.459Z,1722,FG-B,BATCH-1013,DAY,normal,0,0
6505,2026-01-30T11:07:06.459Z,2026-01-30T11:07:07.925Z,1466,FG-B,BATCH-1013,DAY,normal,0,0
6506,2026-01-30T11:07:07.925Z,2026-01-30T11:07:09.374Z,1449,FG-B,BATCH-1013,DAY,normal,0,0
6507,2026-01-30T11:07:09.374Z,2026-01-30T11:07:10.947Z,1573,FG-B,BATCH-1013,DAY,normal,0,0
6508,2026-01-30T11:07:10.947Z,2026-01-30T11:07:12.423Z,1476,FG-B,BATCH-1013,DAY,normal,0,0
6509,2026-01-30T11:07:12.423Z,2026-01-30T11:07:13.890Z,1467,FG-B,BATCH-1013,DAY,normal,0,0
6510,2026-01-30T11:07:13.890Z,2026-01-30T11:07:15.525Z,1635,FG-B,BATCH-1013,DAY,normal,0,0
6511,2026-01-30T11:07:15.525Z,2026-01-30T11:07:17.162Z,1637,FG-B,BATCH-1013,DAY,normal,0,0
6512,2026-01-30T11:07:17.162Z,2026-01-30T11:07:18.437Z,1275,FG-B,BATCH-1013,DAY,normal,0,0
6513,2026-01-30T11:07:18.437Z,2026-01-30T11:07:19.969Z,1532,FG-B,BATCH-1013,DAY,normal,0,0
6514,2026-01-30T11:07:19.969Z,2026-01-30T11:07:21.528Z,1559,FG-B,BATCH-1013,DAY,normal,0,0
6515,2026-01-30T11:07:21.528Z,2026-01-30T11:07:22.901Z,1373,FG-B,BATCH-1013,DAY,normal,0,0
6516,2026-01-30T11:07:22.901Z,2026-01-30T11:07:24.453Z,1552,FG-B,BATCH-1013,DAY,normal,0,0
6517,2026-01-30T11:07:24.453Z,2026-01-30T11:07:26.041Z,1588,FG-B,BATCH-1013,DAY,normal,0,0
6518,2026-01-30T11:07:26.041Z,2026-01-30T11:07:27.600Z,1559,FG-B,BATCH-1013,DAY,normal,0,0
6519,2026-01-30T11:07:27.600Z,2026-01-30T11:07:29.132Z,1532,FG-B,BATCH-1013,DAY,normal,0,0
6520,2026-01-30T11:07:29.132Z,2026-01-30T11:07:30.586Z,1454,FG-B,BATCH-1013,DAY,normal,0,0
6521,2026-01-30T11:07:30.586Z,2026-01-30T11:07:32.223Z,1637,FG-B,BATCH-1013,DAY,normal,0,0
6522,2026-01-30T11:07:32.223Z,2026-01-30T11:07:33.869Z,1646,FG-B,BATCH-1013,DAY,normal,0,0
6523,2026-01-30T11:07:33.869Z,2026-01-30T11:07:35.517Z,1648,FG-B,BATCH-1013,DAY,normal,0,0
6524,2026-01-30T11:07:35.517Z,2026-01-30T11:07:36.974Z,1457,FG-B,BATCH-1013,DAY,normal,0,0
6525,2026-01-30T11:07:36.974Z,2026-01-30T11:07:38.401Z,1427,FG-B,BATCH-1013,DAY,normal,0,0
6526,2026-01-30T11:07:38.401Z,2026-01-30T11:07:39.917Z,1516,FG-B,BATCH-1013,DAY,normal,0,0
6527,2026-01-30T11:07:39.917Z,2026-01-30T11:07:43.962Z,4045,FG-B,BATCH-1013,DAY,jam_recovery,0,1
6528,2026-01-30T11:07:43.962Z,2026-01-30T11:07:45.688Z,1726,FG-B,BATCH-1013,DAY,normal,0,0
6529,2026-01-30T11:07:45.688Z,2026-01-30T11:07:47.343Z,1655,FG-B,BATCH-1013,DAY,normal,0,0
6530,2026-01-30T11:07:47.343Z,2026-01-30T11:07:48.832Z,1489,FG-B,BATCH-1013,DAY,normal,0,0
6531,2026-01-30T11:07:48.832Z,2026-01-30T11:07:50.455Z,1623,FG-B,BATCH-1013,DAY,normal,0,0
6532,2026-01-30T11:07:50.455Z,2026-01-30T11:07:52.078Z,1623,FG-B,BATCH-1013,DAY,normal,0,0
6533,2026-01-30T11:07:52.078Z,2026-01-30T11:07:53.591Z,1513,FG-B,BATCH-1013,DAY,normal,0,0
6534,2026-01-30T11:07:53.591Z,2026-01-30T11:07:55.061Z,1470,FG-B,BATCH-1013,DAY,normal,0,0
6535,2026-01-30T11:07:55.061Z,2026-01-30T11:07:56.830Z,1769,FG-B,BATCH-1013,DAY,normal,0,0
6536,2026-01-30T11:07:56.830Z,2026-01-30T11:07:58.483Z,1653,FG-B,BATCH-1013,DAY,normal,0,0
6537,2026-01-30T11:07:58.483Z,2026-01-30T11:07:59.931Z,1448,FG-B,BATCH-1013,DAY,normal,0,0
6538,2026-01-30T11:07:59.931Z,2026-01-30T11:08:01.373Z,1442,FG-B,BATCH-1013,DAY,normal,0,0
6539,2026-01-30T11:08:01.373Z,2026-01-30T11:08:02.840Z,1467,FG-B,BATCH-1013,DAY,normal,0,0
6540,2026-01-30T11:08:02.840Z,2026-01-30T11:08:04.485Z,1645,FG-B,BATCH-1013,DAY,normal,0,0
6541,2026-01-30T11:08:04.485Z,2026-01-30T11:08:06.097Z,1612,FG-B,BATCH-1013,DAY,normal,0,0
6542,2026-01-30T11:08:06.097Z,2026-01-30T11:08:07.600Z,1503,FG-B,BATCH-1013,DAY,normal,0,0
6543,2026-01-30T11:08:07.600Z,2026-01-30T11:08:09.099Z,1499,FG-B,BATCH-1013,DAY,normal,0,0
6544,2026-01-30T11:08:09.099Z,2026-01-30T11:08:10.623Z,1524,FG-B,BATCH-1013,DAY,normal,0,0
6545,2026-01-30T11:08:10.623Z,2026-01-30T11:08:12.286Z,1663,FG-B,BATCH-1013,DAY,normal,0,0
6546,2026-01-30T11:08:12.286Z,2026-01-30T11:08:13.940Z,1654,FG-B,BATCH-1013,DAY,normal,0,0
6547,2026-01-30T11:08:13.940Z,2026-01-30T11:08:15.424Z,1484,FG-B,BATCH-1013,DAY,normal,0,0
6548,2026-01-30T11:08:15.424Z,2026-01-30T11:08:17.028Z,1604,FG-B,BATCH-1013,DAY,normal,0,0
6549,2026-01-30T11:08:17.028Z,2026-01-30T11:08:18.478Z,1450,FG-B,BATCH-1013,DAY,normal,0,0
6550,2026-01-30T11:08:18.478Z,2026-01-30T11:08:19.906Z,1428,FG-B,BATCH-1013,DAY,normal,0,0
6551,2026-01-30T11:08:19.906Z,2026-01-30T11:08:21.522Z,1616,FG-B,BATCH-1013,DAY,normal,0,0
6552,2026-01-30T11:08:21.522Z,2026-01-30T11:08:23.178Z,1656,FG-B,BATCH-1013,DAY,normal,0,0
6553,2026-01-30T11:08:23.178Z,2026-01-30T11:08:24.854Z,1676,FG-B,BATCH-1013,DAY,normal,0,0
6554,2026-01-30T11:08:24.854Z,2026-01-30T11:08:26.328Z,1474,FG-B,BATCH-1013,DAY,normal,0,0
6555,2026-01-30T11:08:26.328Z,2026-01-30T11:08:27.970Z,1642,FG-B,BATCH-1013,DAY,normal,0,0
6556,2026-01-30T11:08:27.970Z,2026-01-30T11:08:29.470Z,1500,FG-B,BATCH-1013,DAY,normal,0,0
6557,2026-01-30T11:08:29.470Z,2026-01-30T11:08:30.992Z,1522,FG-B,BATCH-1013,DAY,normal,0,0
6558,2026-01-30T11:08:30.992Z,2026-01-30T11:08:32.501Z,1509,FG-B,BATCH-1013,DAY,normal,0,0
6559,2026-01-30T11:08:32.501Z,2026-01-30T11:08:34.002Z,1501,FG-B,BATCH-1013,DAY,normal,0,0
6560,2026-01-30T11:08:34.002Z,2026-01-30T11:08:35.608Z,1606,FG-B,BATCH-1013,DAY,normal,0,0
6561,2026-01-30T11:08:35.608Z,2026-01-30T11:08:37.284Z,1676,FG-B,BATCH-1013,DAY,normal,0,0
6562,2026-01-30T11:08:37.284Z,2026-01-30T11:08:38.759Z,1475,FG-B,BATCH-1013,DAY,normal,0,0
6563,2026-01-30T11:08:38.759Z,2026-01-30T11:08:40.317Z,1558,FG-B,BATCH-1013,DAY,normal,0,0
6564,2026-01-30T11:08:40.317Z,2026-01-30T11:08:41.946Z,1629,FG-B,BATCH-1013,DAY,normal,0,0
6565,2026-01-30T11:08:41.946Z,2026-01-30T11:08:43.599Z,1653,FG-B,BATCH-1013,DAY,normal,0,0
6566,2026-01-30T11:08:43.599Z,2026-01-30T11:08:52.117Z,8518,FG-B,BATCH-1013,DAY,long_gap,1,1
6567,2026-01-30T11:08:52.117Z,2026-01-30T11:08:53.415Z,1298,FG-B,BATCH-1013,DAY,normal,0,0
6568,2026-01-30T11:08:53.415Z,2026-01-30T11:08:55.059Z,1644,FG-B,BATCH-1013,DAY,normal,0,0
6569,2026-01-30T11:08:55.059Z,2026-01-30T11:08:56.563Z,1504,FG-B,BATCH-1013,DAY,normal,0,0
6570,2026-01-30T11:08:56.563Z,2026-01-30T11:08:58.092Z,1529,FG-B,BATCH-1013,DAY,normal,0,0
6571,2026-01-30T11:08:58.092Z,2026-01-30T11:08:59.510Z,1418,FG-B,BATCH-1013,DAY,fast_cycle,0,0
6572,2026-01-30T11:08:59.510Z,2026-01-30T11:09:01.186Z,1676,FG-B,BATCH-1013,DAY,normal,0,0
6573,2026-01-30T11:09:01.186Z,2026-01-30T11:09:02.721Z,1535,FG-B,BATCH-1013,DAY,normal,0,0
6574,2026-01-30T11:09:02.721Z,2026-01-30T11:09:04.314Z,1593,FG-B,BATCH-1013,DAY,normal,0,0
6575,2026-01-30T11:09:04.314Z,2026-01-30T11:09:05.904Z,1590,FG-B,BATCH-1013,DAY,normal,0,0
6576,2026-01-30T11:09:05.904Z,2026-01-30T11:09:07.626Z,1722,FG-B,BATCH-1013,DAY,normal,0,0
6577,2026-01-30T11:09:07.626Z,2026-01-30T11:09:09.237Z,1611,FG-B,BATCH-1013,DAY,normal,0,0
6578,2026-01-30T11:09:09.237Z,2026-01-30T11:09:10.767Z,1530,FG-B,BATCH-1013,DAY,normal,0,0
6579,2026-01-30T11:09:10.767Z,2026-01-30T11:09:12.481Z,1714,FG-B,BATCH-1013,DAY,normal,0,0
6580,2026-01-30T11:09:12.481Z,2026-01-30T11:09:14.086Z,1605,FG-B,BATCH-1013,DAY,normal,0,0
6581,2026-01-30T11:09:14.086Z,2026-01-30T11:09:23.998Z,9912,FG-B,BATCH-1013,DAY,long_gap,1,1
6582,2026-01-30T11:09:23.998Z,2026-01-30T11:09:25.492Z,1494,FG-B,BATCH-1013,DAY,normal,0,0
6583,2026-01-30T11:09:25.492Z,2026-01-30T11:09:26.986Z,1494,FG-B,BATCH-1013,DAY,normal,0,0
6584,2026-01-30T11:09:26.986Z,2026-01-30T11:09:28.443Z,1457,FG-B,BATCH-1013,DAY,normal,0,0
6585,2026-01-30T11:09:28.443Z,2026-01-30T11:09:29.907Z,1464,FG-B,BATCH-1013,DAY,normal,0,0
6586,2026-01-30T11:09:29.907Z,2026-01-30T11:09:31.484Z,1577,FG-B,BATCH-1013,DAY,normal,0,0
6587,2026-01-30T11:09:31.484Z,2026-01-30T11:09:32.986Z,1502,FG-B,BATCH-1013,DAY,normal,0,0
6588,2026-01-30T11:09:32.986Z,2026-01-30T11:09:34.566Z,1580,FG-B,BATCH-1013,DAY,normal,0,0
6589,2026-01-30T11:09:34.566Z,2026-01-30T11:09:36.283Z,1717,FG-B,BATCH-1013,DAY,normal,0,0
6590,2026-01-30T11:09:36.283Z,2026-01-30T11:09:37.655Z,1372,FG-B,BATCH-1013,DAY,normal,0,0
6591,2026-01-30T11:09:37.655Z,2026-01-30T11:09:39.045Z,1390,FG-B,BATCH-1013,DAY,normal,0,0
6592,2026-01-30T11:09:39.045Z,2026-01-30T11:09:40.667Z,1622,FG-B,BATCH-1013,DAY,normal,0,0
6593,2026-01-30T11:09:40.667Z,2026-01-30T11:09:42.204Z,1537,FG-B,BATCH-1013,DAY,normal,0,0
6594,2026-01-30T11:09:42.204Z,2026-01-30T11:09:43.789Z,1585,FG-B,BATCH-1013,DAY,normal,0,0
6595,2026-01-30T11:09:43.789Z,2026-01-30T11:09:45.281Z,1492,FG-B,BATCH-1013,DAY,normal,0,0
6596,2026-01-30T11:09:45.281Z,2026-01-30T11:09:46.859Z,1578,FG-B,BATCH-1013,DAY,normal,0,0
6597,2026-01-30T11:09:46.859Z,2026-01-30T11:09:48.465Z,1606,FG-B,BATCH-1013,DAY,normal,0,0
6598,2026-01-30T11:09:48.465Z,2026-01-30T11:09:49.967Z,1502,FG-B,BATCH-1013,DAY,normal,0,0
6599,2026-01-30T11:09:49.967Z,2026-01-30T11:09:51.631Z,1664,FG-B,BATCH-1013,DAY,normal,0,0
6600,2026-01-30T11:09:51.631Z,2026-01-30T11:09:53.188Z,1557,FG-B,BATCH-1013,DAY,normal,0,0
6601,2026-01-30T11:09:53.188Z,2026-01-30T11:09:54.777Z,1589,FG-B,BATCH-1013,DAY,normal,0,0
6602,2026-01-30T11:09:54.777Z,2026-01-30T11:09:56.178Z,1401,FG-B,BATCH-1013,DAY,normal,0,0
6603,2026-01-30T11:09:56.178Z,2026-01-30T11:09:57.779Z,1601,FG-B,BATCH-1013,DAY,normal,0,0
6604,2026-01-30T11:09:57.779Z,2026-01-30T11:09:59.239Z,1460,FG-B,BATCH-1013,DAY,normal,0,0
6605,2026-01-30T11:09:59.239Z,2026-01-30T11:10:00.866Z,1627,FG-B,BATCH-1013,DAY,normal,0,0
6606,2026-01-30T11:10:00.866Z,2026-01-30T11:10:02.245Z,1379,FG-B,BATCH-1013,DAY,normal,0,0
6607,2026-01-30T11:10:02.245Z,2026-01-30T11:10:03.800Z,1555,FG-B,BATCH-1013,DAY,normal,0,0
6608,2026-01-30T11:10:03.800Z,2026-01-30T11:10:05.215Z,1415,FG-B,BATCH-1013,DAY,normal,0,0
6609,2026-01-30T11:10:05.215Z,2026-01-30T11:10:06.762Z,1547,FG-B,BATCH-1013,DAY,normal,0,0
6610,2026-01-30T11:10:06.762Z,2026-01-30T11:10:08.204Z,1442,FG-B,BATCH-1013,DAY,normal,0,0
6611,2026-01-30T11:10:08.204Z,2026-01-30T11:10:09.856Z,1652,FG-B,BATCH-1013,DAY,normal,0,0
6612,2026-01-30T11:10:09.856Z,2026-01-30T11:10:11.281Z,1425,FG-B,BATCH-1013,DAY,normal,0,0
6613,2026-01-30T11:10:11.281Z,2026-01-30T11:10:12.943Z,1662,FG-B,BATCH-1013,DAY,normal,0,0
6614,2026-01-30T11:10:12.943Z,2026-01-30T11:10:14.429Z,1486,FG-B,BATCH-1013,DAY,normal,0,0
6615,2026-01-30T11:10:14.429Z,2026-01-30T11:10:16.015Z,1586,FG-B,BATCH-1013,DAY,normal,0,0
6616,2026-01-30T11:10:16.015Z,2026-01-30T11:10:19.296Z,3281,FG-B,BATCH-1013,DAY,slow_cycle,0,1
6617,2026-01-30T11:10:19.296Z,2026-01-30T11:10:20.778Z,1482,FG-B,BATCH-1013,DAY,normal,0,0
6618,2026-01-30T11:10:20.778Z,2026-01-30T11:10:22.289Z,1511,FG-B,BATCH-1013,DAY,normal,0,0
6619,2026-01-30T11:10:22.289Z,2026-01-30T11:10:23.735Z,1446,FG-B,BATCH-1013,DAY,normal,0,0
6620,2026-01-30T11:10:23.735Z,2026-01-30T11:10:25.228Z,1493,FG-B,BATCH-1013,DAY,normal,0,0
6621,2026-01-30T11:10:25.228Z,2026-01-30T11:10:26.850Z,1622,FG-B,BATCH-1013,DAY,normal,0,0
6622,2026-01-30T11:10:26.850Z,2026-01-30T11:10:28.429Z,1579,FG-B,BATCH-1013,DAY,normal,0,0
6623,2026-01-30T11:10:28.429Z,2026-01-30T11:10:29.951Z,1522,FG-B,BATCH-1013,DAY,normal,0,0
6624,2026-01-30T11:10:29.951Z,2026-01-30T11:10:31.278Z,1327,FG-B,BATCH-1013,DAY,normal,0,0
6625,2026-01-30T11:10:31.278Z,2026-01-30T11:10:33.064Z,1786,FG-B,BATCH-1013,DAY,normal,0,0
6626,2026-01-30T11:10:33.064Z,2026-01-30T11:10:34.691Z,1627,FG-B,BATCH-1013,DAY,normal,0,0
6627,2026-01-30T11:10:34.691Z,2026-01-30T11:10:36.127Z,1436,FG-B,BATCH-1013,DAY,normal,0,0
6628,2026-01-30T11:10:36.127Z,2026-01-30T11:10:37.821Z,1694,FG-B,BATCH-1013,DAY,normal,0,0
6629,2026-01-30T11:10:37.821Z,2026-01-30T11:10:39.147Z,1326,FG-B,BATCH-1013,DAY,normal,0,0
6630,2026-01-30T11:10:39.147Z,2026-01-30T11:10:40.869Z,1722,FG-B,BATCH-1013,DAY,normal,0,0
6631,2026-01-30T11:10:40.869Z,2026-01-30T11:10:42.526Z,1657,FG-B,BATCH-1013,DAY,normal,0,0
6632,2026-01-30T11:10:42.526Z,2026-01-30T11:10:44.107Z,1581,FG-B,BATCH-1013,DAY,normal,0,0
6633,2026-01-30T11:10:44.107Z,2026-01-30T11:10:45.663Z,1556,FG-B,BATCH-1013,DAY,normal,0,0
6634,2026-01-30T11:10:45.663Z,2026-01-30T11:10:47.156Z,1493,FG-B,BATCH-1013,DAY,normal,0,0
6635,2026-01-30T11:10:47.156Z,2026-01-30T11:10:48.881Z,1725,FG-B,BATCH-1013,DAY,normal,0,0
6636,2026-01-30T11:10:48.881Z,2026-01-30T11:10:50.435Z,1554,FG-B,BATCH-1013,DAY,normal,0,0
6637,2026-01-30T11:10:50.435Z,2026-01-30T11:10:52.060Z,1625,FG-B,BATCH-1013,DAY,normal,0,0
6638,2026-01-30T11:10:52.060Z,2026-01-30T11:10:53.629Z,1569,FG-B,BATCH-1013,DAY,normal,0,0
6639,2026-01-30T11:10:53.629Z,2026-01-30T11:10:55.189Z,1560,FG-B,BATCH-1013,DAY,normal,0,0
6640,2026-01-30T11:10:55.189Z,2026-01-30T11:10:56.949Z,1760,FG-B,BATCH-1013,DAY,normal,0,0
6641,2026-01-30T11:10:56.949Z,2026-01-30T11:10:58.427Z,1478,FG-B,BATCH-1013,DAY,normal,0,0
6642,2026-01-30T11:10:58.427Z,2026-01-30T11:11:00.158Z,1731,FG-B,BATCH-1013,DAY,normal,0,0
6643,2026-01-30T11:11:00.158Z,2026-01-30T11:11:01.629Z,1471,FG-B,BATCH-1013,DAY,normal,0,0
6644,2026-01-30T11:11:01.629Z,2026-01-30T11:11:03.222Z,1593,FG-B,BATCH-1013,DAY,normal,0,0
6645,2026-01-30T11:11:03.222Z,2026-01-30T11:11:04.906Z,1684,FG-B,BATCH-1013,DAY,normal,0,0
6646,2026-01-30T11:11:04.906Z,2026-01-30T11:11:06.473Z,1567,FG-B,BATCH-1013,DAY,normal,0,0
6647,2026-01-30T11:11:06.473Z,2026-01-30T11:11:07.961Z,1488,FG-B,BATCH-1013,DAY,normal,0,0
6648,2026-01-30T11:11:07.961Z,2026-01-30T11:11:09.514Z,1553,FG-B,BATCH-1013,DAY,normal,0,0
6649,2026-01-30T11:11:09.514Z,2026-01-30T11:11:10.904Z,1390,FG-B,BATCH-1013,DAY,normal,0,0
6650,2026-01-30T11:11:10.904Z,2026-01-30T11:11:12.447Z,1543,FG-B,BATCH-1013,DAY,normal,0,0
6651,2026-01-30T11:11:12.447Z,2026-01-30T11:11:14.002Z,1555,FG-B,BATCH-1013,DAY,normal,0,0
6652,2026-01-30T11:11:14.002Z,2026-01-30T11:11:15.525Z,1523,FG-B,BATCH-1013,DAY,normal,0,0
6653,2026-01-30T11:11:15.525Z,2026-01-30T11:11:16.862Z,1337,FG-B,BATCH-1013,DAY,fast_cycle,0,0
6654,2026-01-30T11:11:16.862Z,2026-01-30T11:11:18.457Z,1595,FG-B,BATCH-1013,DAY,normal,0,0
6655,2026-01-30T11:11:18.457Z,2026-01-30T11:11:20.015Z,1558,FG-B,BATCH-1013,DAY,normal,0,0
6656,2026-01-30T11:11:20.015Z,2026-01-30T11:11:21.619Z,1604,FG-B,BATCH-1013,DAY,normal,0,0
6657,2026-01-30T11:11:21.619Z,2026-01-30T11:11:23.054Z,1435,FG-B,BATCH-1013,DAY,normal,0,0
6658,2026-01-30T11:11:23.054Z,2026-01-30T11:11:24.616Z,1562,FG-B,BATCH-1013,DAY,normal,0,0
6659,2026-01-30T11:11:24.616Z,2026-01-30T11:11:26.198Z,1582,FG-B,BATCH-1013,DAY,normal,0,0
6660,2026-01-30T11:11:26.198Z,2026-01-30T11:11:27.740Z,1542,FG-B,BATCH-1013,DAY,normal,0,0
6661,2026-01-30T11:11:27.740Z,2026-01-30T11:11:38.501Z,10761,FG-B,BATCH-1013,DAY,long_gap,1,1
6662,2026-01-30T11:11:38.501Z,2026-01-30T11:11:40.085Z,1584,FG-B,BATCH-1013,DAY,normal,0,0
6663,2026-01-30T11:11:40.085Z,2026-01-30T11:11:41.490Z,1405,FG-B,BATCH-1013,DAY,normal,0,0
6664,2026-01-30T11:11:41.490Z,2026-01-30T11:11:42.936Z,1446,FG-B,BATCH-1013,DAY,normal,0,0
6665,2026-01-30T11:11:42.936Z,2026-01-30T11:11:44.543Z,1607,FG-B,BATCH-1013,DAY,normal,0,0
6666,2026-01-30T11:11:44.543Z,2026-01-30T11:11:46.005Z,1462,FG-B,BATCH-1013,DAY,normal,0,0
6667,2026-01-30T11:11:46.005Z,2026-01-30T11:11:47.649Z,1644,FG-B,BATCH-1013,DAY,normal,0,0
6668,2026-01-30T11:11:47.649Z,2026-01-30T11:11:49.191Z,1542,FG-B,BATCH-1013,DAY,normal,0,0
6669,2026-01-30T11:11:49.191Z,2026-01-30T11:11:50.616Z,1425,FG-B,BATCH-1013,DAY,normal,0,0
6670,2026-01-30T11:11:50.616Z,2026-01-30T11:11:51.985Z,1369,FG-B,BATCH-1013,DAY,normal,0,0
6671,2026-01-30T11:11:51.985Z,2026-01-30T11:11:53.526Z,1541,FG-B,BATCH-1013,DAY,normal,0,0
6672,2026-01-30T11:11:53.526Z,2026-01-30T11:11:55.013Z,1487,FG-B,BATCH-1013,DAY,normal,0,0
6673,2026-01-30T11:11:55.013Z,2026-01-30T11:11:56.613Z,1600,FG-B,BATCH-1013,DAY,normal,0,0
6674,2026-01-30T11:11:56.613Z,2026-01-30T11:11:58.088Z,1475,FG-B,BATCH-1013,DAY,normal,0,0
6675,2026-01-30T11:11:58.088Z,2026-01-30T11:11:59.693Z,1605,FG-B,BATCH-1013,DAY,normal,0,0
6676,2026-01-30T11:11:59.693Z,2026-01-30T11:12:01.334Z,1641,FG-B,BATCH-1013,DAY,normal,0,0
6677,2026-01-30T11:12:01.334Z,2026-01-30T11:12:02.884Z,1550,FG-B,BATCH-1013,DAY,normal,0,0
6678,2026-01-30T11:12:02.884Z,2026-01-30T11:12:04.535Z,1651,FG-B,BATCH-1013,DAY,normal,0,0
6679,2026-01-30T11:12:04.535Z,2026-01-30T11:12:05.949Z,1414,FG-B,BATCH-1013,DAY,normal,0,0
6680,2026-01-30T11:12:05.949Z,2026-01-30T11:12:08.438Z,2489,FG-B,BATCH-1013,DAY,slow_cycle,0,1
6681,2026-01-30T11:12:08.438Z,2026-01-30T11:12:10.045Z,1607,FG-B,BATCH-1013,DAY,normal,0,0
6682,2026-01-30T11:12:10.045Z,2026-01-30T11:12:11.479Z,1434,FG-B,BATCH-1013,DAY,normal,0,0
6683,2026-01-30T11:12:11.479Z,2026-01-30T11:12:13.027Z,1548,FG-B,BATCH-1013,DAY,normal,0,0
6684,2026-01-30T11:12:13.027Z,2026-01-30T11:12:14.129Z,1102,FG-B,BATCH-1013,DAY,fast_cycle,0,0
6685,2026-01-30T11:12:14.129Z,2026-01-30T11:12:15.691Z,1562,FG-B,BATCH-1013,DAY,normal,0,0
6686,2026-01-30T11:12:15.691Z,2026-01-30T11:12:17.042Z,1351,FG-B,BATCH-1013,DAY,fast_cycle,0,0
6687,2026-01-30T11:12:17.042Z,2026-01-30T11:12:18.544Z,1502,FG-B,BATCH-1013,DAY,normal,0,0
6688,2026-01-30T11:12:18.544Z,2026-01-30T11:12:20.025Z,1481,FG-B,BATCH-1013,DAY,normal,0,0
6689,2026-01-30T11:12:20.025Z,2026-01-30T11:12:21.481Z,1456,FG-B,BATCH-1013,DAY,normal,0,0
6690,2026-01-30T11:12:21.481Z,2026-01-30T11:12:22.912Z,1431,FG-B,BATCH-1013,DAY,normal,0,0
6691,2026-01-30T11:12:22.912Z,2026-01-30T11:12:24.442Z,1530,FG-B,BATCH-1013,DAY,normal,0,0
6692,2026-01-30T11:12:24.442Z,2026-01-30T11:12:25.893Z,1451,FG-B,BATCH-1013,DAY,normal,0,0
6693,2026-01-30T11:12:25.893Z,2026-01-30T11:12:27.443Z,1550,FG-B,BATCH-1013,DAY,normal,0,0
6694,2026-01-30T11:12:27.443Z,2026-01-30T11:12:29.131Z,1688,FG-B,BATCH-1013,DAY,normal,0,0
6695,2026-01-30T11:12:29.131Z,2026-01-30T11:12:30.925Z,1794,FG-B,BATCH-1013,DAY,normal,0,0
6696,2026-01-30T11:12:30.925Z,2026-01-30T11:12:32.461Z,1536,FG-B,BATCH-1013,DAY,normal,0,0
6697,2026-01-30T11:12:32.461Z,2026-01-30T11:12:34.021Z,1560,FG-B,BATCH-1013,DAY,normal,0,0
6698,2026-01-30T11:12:34.021Z,2026-01-30T11:12:35.655Z,1634,FG-B,BATCH-1013,DAY,normal,0,0
6699,2026-01-30T11:12:35.655Z,2026-01-30T11:12:37.208Z,1553,FG-B,BATCH-1013,DAY,normal,0,0
6700,2026-01-30T11:12:37.208Z,2026-01-30T11:12:38.422Z,1214,FG-B,BATCH-1013,DAY,fast_cycle,0,0
6701,2026-01-30T11:12:38.422Z,2026-01-30T11:12:39.906Z,1484,FG-B,BATCH-1013,DAY,normal,0,0
6702,2026-01-30T11:12:39.906Z,2026-01-30T11:12:41.342Z,1436,FG-B,BATCH-1013,DAY,normal,0,0
6703,2026-01-30T11:12:41.342Z,2026-01-30T11:12:46.680Z,5338,FG-B,BATCH-1013,DAY,jam_recovery,1,1
6704,2026-01-30T11:12:46.680Z,2026-01-30T11:12:48.201Z,1521,FG-B,BATCH-1013,DAY,normal,0,0
6705,2026-01-30T11:12:48.201Z,2026-01-30T11:12:49.617Z,1416,FG-B,BATCH-1013,DAY,normal,0,0
6706,2026-01-30T11:12:49.617Z,2026-01-30T11:12:51.239Z,1622,FG-B,BATCH-1013,DAY,normal,0,0
6707,2026-01-30T11:12:51.239Z,2026-01-30T11:12:52.739Z,1500,FG-B,BATCH-1013,DAY,normal,0,0
6708,2026-01-30T11:12:52.739Z,2026-01-30T11:12:54.264Z,1525,FG-B,BATCH-1013,DAY,normal,0,0
6709,2026-01-30T11:12:54.264Z,2026-01-30T11:12:55.728Z,1464,FG-B,BATCH-1013,DAY,normal,0,0
6710,2026-01-30T11:12:55.728Z,2026-01-30T11:12:57.343Z,1615,FG-B,BATCH-1013,DAY,normal,0,0
6711,2026-01-30T11:12:57.343Z,2026-01-30T11:13:01.738Z,4395,FG-B,BATCH-1013,DAY,jam_recovery,0,1
6712,2026-01-30T11:13:01.738Z,2026-01-30T11:13:03.335Z,1597,FG-B,BATCH-1013,DAY,normal,0,0
6713,2026-01-30T11:13:03.335Z,2026-01-30T11:13:04.854Z,1519,FG-B,BATCH-1013,DAY,normal,0,0
6714,2026-01-30T11:13:04.854Z,2026-01-30T11:13:06.416Z,1562,FG-B,BATCH-1013,DAY,normal,0,0
6715,2026-01-30T11:13:06.416Z,2026-01-30T11:13:07.905Z,1489,FG-B,BATCH-1013,DAY,normal,0,0
6716,2026-01-30T11:13:07.905Z,2026-01-30T11:13:09.445Z,1540,FG-B,BATCH-1013,DAY,normal,0,0
6717,2026-01-30T11:13:09.445Z,2026-01-30T11:13:10.980Z,1535,FG-B,BATCH-1013,DAY,normal,0,0
6718,2026-01-30T11:13:10.980Z,2026-01-30T11:13:12.506Z,1526,FG-B,BATCH-1013,DAY,normal,0,0
6719,2026-01-30T11:13:12.506Z,2026-01-30T11:13:14.151Z,1645,FG-B,BATCH-1013,DAY,normal,0,0
6720,2026-01-30T11:13:14.151Z,2026-01-30T11:13:15.902Z,1751,FG-B,BATCH-1013,DAY,normal,0,0
6721,2026-01-30T11:13:15.902Z,2026-01-30T11:13:17.413Z,1511,FG-B,BATCH-1013,DAY,normal,0,0
6722,2026-01-30T11:13:17.413Z,2026-01-30T11:13:18.752Z,1339,FG-B,BATCH-1013,DAY,normal,0,0
6723,2026-01-30T11:13:18.752Z,2026-01-30T11:13:20.340Z,1588,FG-B,BATCH-1013,DAY,normal,0,0
6724,2026-01-30T11:13:20.340Z,2026-01-30T11:13:22.016Z,1676,FG-B,BATCH-1013,DAY,normal,0,0
6725,2026-01-30T11:13:22.016Z,2026-01-30T11:13:23.361Z,1345,FG-B,BATCH-1013,DAY,normal,0,0
6726,2026-01-30T11:13:23.361Z,2026-01-30T11:13:25.031Z,1670,FG-B,BATCH-1013,DAY,normal,0,0
6727,2026-01-30T11:13:25.031Z,2026-01-30T11:13:26.455Z,1424,FG-B,BATCH-1013,DAY,normal,0,0
6728,2026-01-30T11:13:26.455Z,2026-01-30T11:13:27.852Z,1397,FG-B,BATCH-1013,DAY,normal,0,0
6729,2026-01-30T11:13:27.852Z,2026-01-30T11:13:29.364Z,1512,FG-B,BATCH-1013,DAY,normal,0,0
6730,2026-01-30T11:13:29.364Z,2026-01-30T11:13:30.829Z,1465,FG-B,BATCH-1013,DAY,normal,0,0
6731,2026-01-30T11:13:30.829Z,2026-01-30T11:13:32.208Z,1379,FG-B,BATCH-1013,DAY,normal,0,0
6732,2026-01-30T11:13:32.208Z,2026-01-30T11:13:33.784Z,1576,FG-B,BATCH-1013,DAY,normal,0,0
6733,2026-01-30T11:13:33.784Z,2026-01-30T11:13:35.227Z,1443,FG-B,BATCH-1013,DAY,normal,0,0
6734,2026-01-30T11:13:35.227Z,2026-01-30T11:13:36.683Z,1456,FG-B,BATCH-1013,DAY,normal,0,0
6735,2026-01-30T11:13:36.683Z,2026-01-30T11:13:38.180Z,1497,FG-B,BATCH-1013,DAY,fast_cycle,0,0
6736,2026-01-30T11:13:38.180Z,2026-01-30T11:13:39.739Z,1559,FG-B,BATCH-1013,DAY,normal,0,0
6737,2026-01-30T11:13:39.739Z,2026-01-30T11:13:41.205Z,1466,FG-B,BATCH-1013,DAY,normal,0,0
6738,2026-01-30T11:13:41.205Z,2026-01-30T11:13:42.778Z,1573,FG-B,BATCH-1013,DAY,normal,0,0
6739,2026-01-30T11:13:42.778Z,2026-01-30T11:13:44.258Z,1480,FG-B,BATCH-1013,DAY,normal,0,0
6740,2026-01-30T11:13:44.258Z,2026-01-30T11:13:45.818Z,1560,FG-B,BATCH-1013,DAY,normal,0,0
6741,2026-01-30T11:13:45.818Z,2026-01-30T11:13:47.389Z,1571,FG-B,BATCH-1013,DAY,normal,0,0
6742,2026-01-30T11:13:47.389Z,2026-01-30T11:13:48.919Z,1530,FG-B,BATCH-1013,DAY,normal,0,0
6743,2026-01-30T11:13:48.919Z,2026-01-30T11:13:50.355Z,1436,FG-B,BATCH-1013,DAY,normal,0,0
6744,2026-01-30T11:13:50.355Z,2026-01-30T11:13:51.947Z,1592,FG-B,BATCH-1013,DAY,normal,0,0
6745,2026-01-30T11:13:51.947Z,2026-01-30T11:13:53.575Z,1628,FG-B,BATCH-1013,DAY,normal,0,0
6746,2026-01-30T11:13:53.575Z,2026-01-30T11:13:55.032Z,1457,FG-B,BATCH-1013,DAY,normal,0,0
6747,2026-01-30T11:13:55.032Z,2026-01-30T11:13:56.750Z,1718,FG-B,BATCH-1013,DAY,normal,0,0
6748,2026-01-30T11:13:56.750Z,2026-01-30T11:14:02.421Z,5671,FG-B,BATCH-1013,DAY,jam_recovery,1,1
6749,2026-01-30T11:14:02.421Z,2026-01-30T11:14:04.044Z,1623,FG-B,BATCH-1013,DAY,normal,0,0
6750,2026-01-30T11:14:04.044Z,2026-01-30T11:14:05.596Z,1552,FG-B,BATCH-1013,DAY,normal,0,0
6751,2026-01-30T11:14:05.596Z,2026-01-30T11:14:07.325Z,1729,FG-B,BATCH-1013,DAY,normal,0,0
6752,2026-01-30T11:14:07.325Z,2026-01-30T11:14:08.777Z,1452,FG-B,BATCH-1013,DAY,normal,0,0
6753,2026-01-30T11:14:08.777Z,2026-01-30T11:14:10.260Z,1483,FG-B,BATCH-1013,DAY,normal,0,0
6754,2026-01-30T11:14:10.260Z,2026-01-30T11:14:11.750Z,1490,FG-B,BATCH-1013,DAY,normal,0,0
6755,2026-01-30T11:14:11.750Z,2026-01-30T11:14:13.248Z,1498,FG-B,BATCH-1013,DAY,normal,0,0
6756,2026-01-30T11:14:13.248Z,2026-01-30T11:14:14.754Z,1506,FG-B,BATCH-1013,DAY,normal,0,0
6757,2026-01-30T11:14:14.754Z,2026-01-30T11:14:16.316Z,1562,FG-B,BATCH-1013,DAY,normal,0,0
6758,2026-01-30T11:14:16.316Z,2026-01-30T11:14:17.968Z,1652,FG-B,BATCH-1013,DAY,normal,0,0
6759,2026-01-30T11:14:17.968Z,2026-01-30T11:14:19.508Z,1540,FG-B,BATCH-1013,DAY,normal,0,0
6760,2026-01-30T11:14:19.508Z,2026-01-30T11:14:21.211Z,1703,FG-B,BATCH-1013,DAY,normal,0,0
6761,2026-01-30T11:14:21.211Z,2026-01-30T11:14:22.712Z,1501,FG-B,BATCH-1013,DAY,normal,0,0
6762,2026-01-30T11:14:22.712Z,2026-01-30T11:14:24.305Z,1593,FG-B,BATCH-1013,DAY,normal,0,0
6763,2026-01-30T11:14:24.305Z,2026-01-30T11:14:25.839Z,1534,FG-B,BATCH-1013,DAY,normal,0,0
6764,2026-01-30T11:14:25.839Z,2026-01-30T11:14:27.276Z,1437,FG-B,BATCH-1013,DAY,normal,0,0
6765,2026-01-30T11:14:27.276Z,2026-01-30T11:14:28.917Z,1641,FG-B,BATCH-1013,DAY,normal,0,0
6766,2026-01-30T11:14:28.917Z,2026-01-30T11:14:30.426Z,1509,FG-B,BATCH-1013,DAY,normal,0,0
6767,2026-01-30T11:14:30.426Z,2026-01-30T11:14:31.947Z,1521,FG-B,BATCH-1013,DAY,normal,0,0
6768,2026-01-30T11:14:31.947Z,2026-01-30T11:14:33.602Z,1655,FG-B,BATCH-1013,DAY,normal,0,0
6769,2026-01-30T11:14:33.602Z,2026-01-30T11:14:35.166Z,1564,FG-B,BATCH-1013,DAY,normal,0,0
6770,2026-01-30T11:14:35.166Z,2026-01-30T11:14:36.726Z,1560,FG-B,BATCH-1013,DAY,normal,0,0
6771,2026-01-30T11:14:36.726Z,2026-01-30T11:14:38.203Z,1477,FG-B,BATCH-1013,DAY,normal,0,0
6772,2026-01-30T11:14:38.203Z,2026-01-30T11:14:39.781Z,1578,FG-B,BATCH-1013,DAY,normal,0,0
6773,2026-01-30T11:14:39.781Z,2026-01-30T11:14:41.312Z,1531,FG-B,BATCH-1013,DAY,normal,0,0
6774,2026-01-30T11:14:41.312Z,2026-01-30T11:14:42.668Z,1356,FG-B,BATCH-1013,DAY,normal,0,0
6775,2026-01-30T11:14:42.668Z,2026-01-30T11:14:44.171Z,1503,FG-B,BATCH-1013,DAY,normal,0,0
6776,2026-01-30T11:14:44.171Z,2026-01-30T11:14:45.646Z,1475,FG-B,BATCH-1013,DAY,normal,0,0
6777,2026-01-30T11:14:45.646Z,2026-01-30T11:14:47.133Z,1487,FG-B,BATCH-1013,DAY,normal,0,0
6778,2026-01-30T11:14:47.133Z,2026-01-30T11:14:48.772Z,1639,FG-B,BATCH-1013,DAY,normal,0,0
6779,2026-01-30T11:14:48.772Z,2026-01-30T11:14:54.282Z,5510,FG-B,BATCH-1013,DAY,jam_recovery,1,1
6780,2026-01-30T11:14:54.282Z,2026-01-30T11:14:55.740Z,1458,FG-B,BATCH-1013,DAY,normal,0,0
6781,2026-01-30T11:14:55.740Z,2026-01-30T11:14:57.146Z,1406,FG-B,BATCH-1013,DAY,normal,0,0
6782,2026-01-30T11:14:57.146Z,2026-01-30T11:14:58.599Z,1453,FG-B,BATCH-1013,DAY,normal,0,0
6783,2026-01-30T11:14:58.599Z,2026-01-30T11:15:00.127Z,1528,FG-B,BATCH-1013,DAY,normal,0,0
6784,2026-01-30T11:15:00.127Z,2026-01-30T11:15:01.684Z,1557,FG-B,BATCH-1013,DAY,normal,0,0
6785,2026-01-30T11:15:01.684Z,2026-01-30T11:15:03.151Z,1467,FG-B,BATCH-1013,DAY,normal,0,0
6786,2026-01-30T11:15:03.151Z,2026-01-30T11:15:04.650Z,1499,FG-B,BATCH-1013,DAY,normal,0,0
6787,2026-01-30T11:15:04.650Z,2026-01-30T11:15:06.244Z,1594,FG-B,BATCH-1013,DAY,normal,0,0
6788,2026-01-30T11:15:06.244Z,2026-01-30T11:15:07.887Z,1643,FG-B,BATCH-1013,DAY,normal,0,0
6789,2026-01-30T11:15:07.887Z,2026-01-30T11:15:09.479Z,1592,FG-B,BATCH-1013,DAY,normal,0,0
6790,2026-01-30T11:15:09.479Z,2026-01-30T11:15:10.960Z,1481,FG-B,BATCH-1013,DAY,normal,0,0
6791,2026-01-30T11:15:10.960Z,2026-01-30T11:15:12.509Z,1549,FG-B,BATCH-1013,DAY,normal,0,0
6792,2026-01-30T11:15:12.509Z,2026-01-30T11:15:13.993Z,1484,FG-B,BATCH-1013,DAY,normal,0,0
6793,2026-01-30T11:15:13.993Z,2026-01-30T11:15:15.409Z,1416,FG-B,BATCH-1013,DAY,normal,0,0
6794,2026-01-30T11:15:15.409Z,2026-01-30T11:15:17.039Z,1630,FG-B,BATCH-1013,DAY,normal,0,0
6795,2026-01-30T11:15:17.039Z,2026-01-30T11:15:18.666Z,1627,FG-B,BATCH-1013,DAY,normal,0,0
6796,2026-01-30T11:15:18.666Z,2026-01-30T11:15:20.007Z,1341,FG-B,BATCH-1013,DAY,normal,0,0
6797,2026-01-30T11:15:20.007Z,2026-01-30T11:15:21.421Z,1414,FG-B,BATCH-1013,DAY,normal,0,0
6798,2026-01-30T11:15:21.421Z,2026-01-30T11:15:23.006Z,1585,FG-B,BATCH-1013,DAY,normal,0,0
6799,2026-01-30T11:15:23.006Z,2026-01-30T11:15:24.549Z,1543,FG-B,BATCH-1013,DAY,normal,0,0
6800,2026-01-30T11:15:24.549Z,2026-01-30T11:15:26.263Z,1714,FG-B,BATCH-1013,DAY,normal,0,0
6801,2026-01-30T11:15:26.263Z,2026-01-30T11:15:27.831Z,1568,FG-B,BATCH-1013,DAY,normal,0,0
6802,2026-01-30T11:15:27.831Z,2026-01-30T11:15:29.223Z,1392,FG-B,BATCH-1013,DAY,normal,0,0
6803,2026-01-30T11:15:29.223Z,2026-01-30T11:15:30.756Z,1533,FG-B,BATCH-1013,DAY,normal,0,0
6804,2026-01-30T11:15:30.756Z,2026-01-30T11:15:32.264Z,1508,FG-B,BATCH-1013,DAY,normal,0,0
6805,2026-01-30T11:15:32.264Z,2026-01-30T11:15:33.840Z,1576,FG-B,BATCH-1013,DAY,normal,0,0
6806,2026-01-30T11:15:33.840Z,2026-01-30T11:15:35.298Z,1458,FG-B,BATCH-1013,DAY,normal,0,0
6807,2026-01-30T11:15:35.298Z,2026-01-30T11:15:36.867Z,1569,FG-B,BATCH-1013,DAY,normal,0,0
6808,2026-01-30T11:15:36.867Z,2026-01-30T11:15:38.394Z,1527,FG-B,BATCH-1013,DAY,normal,0,0
6809,2026-01-30T11:15:38.394Z,2026-01-30T11:15:39.914Z,1520,FG-B,BATCH-1013,DAY,normal,0,0
6810,2026-01-30T11:15:39.914Z,2026-01-30T11:15:41.350Z,1436,FG-B,BATCH-1013,DAY,normal,0,0
6811,2026-01-30T11:15:41.350Z,2026-01-30T11:15:42.936Z,1586,FG-B,BATCH-1013,DAY,normal,0,0
6812,2026-01-30T11:15:42.936Z,2026-01-30T11:15:44.519Z,1583,FG-B,BATCH-1013,DAY,normal,0,0
6813,2026-01-30T11:15:44.519Z,2026-01-30T11:15:46.003Z,1484,FG-B,BATCH-1013,DAY,normal,0,0
6814,2026-01-30T11:15:46.003Z,2026-01-30T11:15:47.660Z,1657,FG-B,BATCH-1013,DAY,normal,0,0
6815,2026-01-30T11:15:47.660Z,2026-01-30T11:15:49.107Z,1447,FG-B,BATCH-1013,DAY,normal,0,0
6816,2026-01-30T11:15:49.107Z,2026-01-30T11:15:50.536Z,1429,FG-B,BATCH-1013,DAY,normal,0,0
6817,2026-01-30T11:15:50.536Z,2026-01-30T11:15:51.956Z,1420,FG-B,BATCH-1013,DAY,normal,0,0
6818,2026-01-30T11:15:51.956Z,2026-01-30T11:15:53.595Z,1639,FG-B,BATCH-1013,DAY,normal,0,0
6819,2026-01-30T11:15:53.595Z,2026-01-30T11:15:55.127Z,1532,FG-B,BATCH-1013,DAY,normal,0,0
6820,2026-01-30T11:15:55.127Z,2026-01-30T11:15:56.678Z,1551,FG-B,BATCH-1013,DAY,normal,0,0
6821,2026-01-30T11:15:56.678Z,2026-01-30T11:15:58.291Z,1613,FG-B,BATCH-1013,DAY,normal,0,0
6822,2026-01-30T11:15:58.291Z,2026-01-30T11:15:59.704Z,1413,FG-B,BATCH-1013,DAY,normal,0,0
6823,2026-01-30T11:15:59.704Z,2026-01-30T11:16:01.230Z,1526,FG-B,BATCH-1013,DAY,normal,0,0
6824,2026-01-30T11:16:01.230Z,2026-01-30T11:16:02.660Z,1430,FG-B,BATCH-1013,DAY,normal,0,0
6825,2026-01-30T11:16:02.660Z,2026-01-30T11:16:04.105Z,1445,FG-B,BATCH-1013,DAY,normal,0,0
6826,2026-01-30T11:16:04.105Z,2026-01-30T11:16:05.667Z,1562,FG-B,BATCH-1013,DAY,normal,0,0
6827,2026-01-30T11:16:05.667Z,2026-01-30T11:16:07.097Z,1430,FG-B,BATCH-1013,DAY,normal,0,0
6828,2026-01-30T11:16:07.097Z,2026-01-30T11:16:11.337Z,4240,FG-B,BATCH-1013,DAY,jam_recovery,0,1
6829,2026-01-30T11:16:11.337Z,2026-01-30T11:16:12.828Z,1491,FG-B,BATCH-1013,DAY,normal,0,0
6830,2026-01-30T11:16:12.828Z,2026-01-30T11:16:14.240Z,1412,FG-B,BATCH-1013,DAY,normal,0,0
6831,2026-01-30T11:16:14.240Z,2026-01-30T11:16:15.649Z,1409,FG-B,BATCH-1013,DAY,normal,0,0
6832,2026-01-30T11:16:15.649Z,2026-01-30T11:16:17.368Z,1719,FG-B,BATCH-1013,DAY,normal,0,0
6833,2026-01-30T11:16:17.368Z,2026-01-30T11:16:18.806Z,1438,FG-B,BATCH-1013,DAY,normal,0,0
6834,2026-01-30T11:16:18.806Z,2026-01-30T11:16:20.285Z,1479,FG-B,BATCH-1013,DAY,normal,0,0
6835,2026-01-30T11:16:20.285Z,2026-01-30T11:16:21.931Z,1646,FG-B,BATCH-1013,DAY,normal,0,0
6836,2026-01-30T11:16:21.931Z,2026-01-30T11:16:23.445Z,1514,FG-B,BATCH-1013,DAY,normal,0,0
6837,2026-01-30T11:16:23.445Z,2026-01-30T11:16:24.952Z,1507,FG-B,BATCH-1013,DAY,normal,0,0
6838,2026-01-30T11:16:24.952Z,2026-01-30T11:16:26.479Z,1527,FG-B,BATCH-1013,DAY,normal,0,0
6839,2026-01-30T11:16:26.479Z,2026-01-30T11:16:32.186Z,5707,FG-B,BATCH-1013,DAY,jam_recovery,1,1
6840,2026-01-30T11:16:32.186Z,2026-01-30T11:16:33.624Z,1438,FG-B,BATCH-1013,DAY,normal,0,0
6841,2026-01-30T11:16:33.624Z,2026-01-30T11:16:35.183Z,1559,FG-B,BATCH-1013,DAY,normal,0,0
6842,2026-01-30T11:16:35.183Z,2026-01-30T11:16:36.736Z,1553,FG-B,BATCH-1013,DAY,normal,0,0
6843,2026-01-30T11:16:36.736Z,2026-01-30T11:16:38.193Z,1457,FG-B,BATCH-1013,DAY,normal,0,0
6844,2026-01-30T11:16:38.193Z,2026-01-30T11:16:39.624Z,1431,FG-B,BATCH-1013,DAY,normal,0,0
6845,2026-01-30T11:16:39.624Z,2026-01-30T11:16:41.209Z,1585,FG-B,BATCH-1013,DAY,normal,0,0
6846,2026-01-30T11:16:41.209Z,2026-01-30T11:16:42.686Z,1477,FG-B,BATCH-1013,DAY,normal,0,0
6847,2026-01-30T11:16:42.686Z,2026-01-30T11:16:43.804Z,1118,FG-B,BATCH-1013,DAY,fast_cycle,0,0
6848,2026-01-30T11:16:43.804Z,2026-01-30T11:16:45.364Z,1560,FG-B,BATCH-1013,DAY,normal,0,0
6849,2026-01-30T11:16:45.364Z,2026-01-30T11:16:47.028Z,1664,FG-B,BATCH-1013,DAY,normal,0,0
6850,2026-01-30T11:16:47.028Z,2026-01-30T11:16:48.583Z,1555,FG-B,BATCH-1013,DAY,normal,0,0
6851,2026-01-30T11:16:48.583Z,2026-01-30T11:16:50.396Z,1813,FG-B,BATCH-1013,DAY,normal,0,0
6852,2026-01-30T11:16:50.396Z,2026-01-30T11:16:51.863Z,1467,FG-B,BATCH-1013,DAY,normal,0,0
6853,2026-01-30T11:16:51.863Z,2026-01-30T11:16:53.373Z,1510,FG-B,BATCH-1013,DAY,normal,0,0
6854,2026-01-30T11:16:53.373Z,2026-01-30T11:16:55.618Z,2245,FG-B,BATCH-1013,DAY,slow_cycle,0,1
6855,2026-01-30T11:16:55.618Z,2026-01-30T11:16:56.963Z,1345,FG-B,BATCH-1013,DAY,normal,0,0
6856,2026-01-30T11:16:56.963Z,2026-01-30T11:16:58.484Z,1521,FG-B,BATCH-1013,DAY,normal,0,0
6857,2026-01-30T11:16:58.484Z,2026-01-30T11:17:00.151Z,1667,FG-B,BATCH-1013,DAY,normal,0,0
6858,2026-01-30T11:17:00.151Z,2026-01-30T11:17:01.732Z,1581,FG-B,BATCH-1013,DAY,normal,0,0
6859,2026-01-30T11:17:01.732Z,2026-01-30T11:17:03.224Z,1492,FG-B,BATCH-1013,DAY,normal,0,0
6860,2026-01-30T11:17:03.224Z,2026-01-30T11:17:04.826Z,1602,FG-B,BATCH-1013,DAY,normal,0,0
6861,2026-01-30T11:17:04.826Z,2026-01-30T11:17:06.320Z,1494,FG-B,BATCH-1013,DAY,normal,0,0
6862,2026-01-30T11:17:06.320Z,2026-01-30T11:17:08.094Z,1774,FG-B,BATCH-1013,DAY,normal,0,0
6863,2026-01-30T11:17:08.094Z,2026-01-30T11:17:09.735Z,1641,FG-B,BATCH-1013,DAY,normal,0,0
6864,2026-01-30T11:17:09.735Z,2026-01-30T11:17:11.333Z,1598,FG-B,BATCH-1013,DAY,normal,0,0
6865,2026-01-30T11:17:11.333Z,2026-01-30T11:17:12.862Z,1529,FG-B,BATCH-1013,DAY,normal,0,0
6866,2026-01-30T11:17:12.862Z,2026-01-30T11:17:14.621Z,1759,FG-B,BATCH-1013,DAY,normal,0,0
6867,2026-01-30T11:17:14.621Z,2026-01-30T11:17:16.064Z,1443,FG-B,BATCH-1013,DAY,normal,0,0
6868,2026-01-30T11:17:16.064Z,2026-01-30T11:17:17.708Z,1644,FG-B,BATCH-1013,DAY,normal,0,0
6869,2026-01-30T11:17:17.708Z,2026-01-30T11:17:19.347Z,1639,FG-B,BATCH-1013,DAY,normal,0,0
6870,2026-01-30T11:17:19.347Z,2026-01-30T11:17:20.976Z,1629,FG-B,BATCH-1013,DAY,normal,0,0
6871,2026-01-30T11:17:20.976Z,2026-01-30T11:17:22.601Z,1625,FG-B,BATCH-1013,DAY,normal,0,0
6872,2026-01-30T11:17:22.601Z,2026-01-30T11:17:24.150Z,1549,FG-B,BATCH-1013,DAY,normal,0,0
6873,2026-01-30T11:17:24.150Z,2026-01-30T11:17:25.591Z,1441,FG-B,BATCH-1013,DAY,normal,0,0
6874,2026-01-30T11:17:25.591Z,2026-01-30T11:17:27.262Z,1671,FG-B,BATCH-1013,DAY,normal,0,0
6875,2026-01-30T11:17:27.262Z,2026-01-30T11:17:28.737Z,1475,FG-B,BATCH-1013,DAY,normal,0,0
6876,2026-01-30T11:17:28.737Z,2026-01-30T11:17:30.423Z,1686,FG-B,BATCH-1013,DAY,normal,0,0
6877,2026-01-30T11:17:30.423Z,2026-01-30T11:17:31.919Z,1496,FG-B,BATCH-1013,DAY,normal,0,0
6878,2026-01-30T11:17:31.919Z,2026-01-30T11:17:33.383Z,1464,FG-B,BATCH-1013,DAY,normal,0,0
6879,2026-01-30T11:17:33.383Z,2026-01-30T11:17:35.006Z,1623,FG-B,BATCH-1013,DAY,normal,0,0
6880,2026-01-30T11:17:35.006Z,2026-01-30T11:17:36.692Z,1686,FG-B,BATCH-1013,DAY,normal,0,0
6881,2026-01-30T11:17:36.692Z,2026-01-30T11:17:38.210Z,1518,FG-B,BATCH-1013,DAY,normal,0,0
6882,2026-01-30T11:17:38.210Z,2026-01-30T11:17:39.614Z,1404,FG-B,BATCH-1013,DAY,normal,0,0
6883,2026-01-30T11:17:39.614Z,2026-01-30T11:17:41.243Z,1629,FG-B,BATCH-1013,DAY,normal,0,0
6884,2026-01-30T11:17:41.243Z,2026-01-30T11:17:42.794Z,1551,FG-B,BATCH-1013,DAY,normal,0,0
6885,2026-01-30T11:17:42.794Z,2026-01-30T11:17:44.260Z,1466,FG-B,BATCH-1013,DAY,normal,0,0
6886,2026-01-30T11:17:44.260Z,2026-01-30T11:17:45.810Z,1550,FG-B,BATCH-1013,DAY,normal,0,0
6887,2026-01-30T11:17:45.810Z,2026-01-30T11:17:47.180Z,1370,FG-B,BATCH-1013,DAY,normal,0,0
6888,2026-01-30T11:17:47.180Z,2026-01-30T11:17:48.727Z,1547,FG-B,BATCH-1013,DAY,normal,0,0
6889,2026-01-30T11:17:48.727Z,2026-01-30T11:17:50.391Z,1664,FG-B,BATCH-1013,DAY,normal,0,0
6890,2026-01-30T11:17:50.391Z,2026-01-30T11:17:51.929Z,1538,FG-B,BATCH-1013,DAY,normal,0,0
6891,2026-01-30T11:17:51.929Z,2026-01-30T11:17:53.362Z,1433,FG-B,BATCH-1013,DAY,normal,0,0
6892,2026-01-30T11:17:53.362Z,2026-01-30T11:18:03.317Z,9955,FG-B,BATCH-1013,DAY,long_gap,1,1
6893,2026-01-30T11:18:03.317Z,2026-01-30T11:18:04.870Z,1553,FG-B,BATCH-1013,DAY,normal,0,0
6894,2026-01-30T11:18:04.870Z,2026-01-30T11:18:06.522Z,1652,FG-B,BATCH-1013,DAY,normal,0,0
6895,2026-01-30T11:18:06.522Z,2026-01-30T11:18:07.993Z,1471,FG-B,BATCH-1013,DAY,normal,0,0
6896,2026-01-30T11:18:07.993Z,2026-01-30T11:18:09.705Z,1712,FG-B,BATCH-1013,DAY,normal,0,0
6897,2026-01-30T11:18:09.705Z,2026-01-30T11:18:11.195Z,1490,FG-B,BATCH-1013,DAY,normal,0,0
6898,2026-01-30T11:18:11.195Z,2026-01-30T11:18:12.620Z,1425,FG-B,BATCH-1013,DAY,normal,0,0
6899,2026-01-30T11:18:12.620Z,2026-01-30T11:18:14.077Z,1457,FG-B,BATCH-1013,DAY,normal,0,0
6900,2026-01-30T11:18:14.077Z,2026-01-30T11:18:15.286Z,1209,FG-B,BATCH-1013,DAY,normal,0,0
6901,2026-01-30T11:18:15.286Z,2026-01-30T11:18:16.823Z,1537,FG-B,BATCH-1013,DAY,normal,0,0
6902,2026-01-30T11:18:16.823Z,2026-01-30T11:18:18.331Z,1508,FG-B,BATCH-1013,DAY,normal,0,0
6903,2026-01-30T11:18:18.331Z,2026-01-30T11:18:19.839Z,1508,FG-B,BATCH-1013,DAY,normal,0,0
6904,2026-01-30T11:18:19.839Z,2026-01-30T11:18:21.297Z,1458,FG-B,BATCH-1013,DAY,normal,0,0
6905,2026-01-30T11:18:21.297Z,2026-01-30T11:18:22.986Z,1689,FG-B,BATCH-1013,DAY,normal,0,0
6906,2026-01-30T11:18:22.986Z,2026-01-30T11:18:24.587Z,1601,FG-B,BATCH-1013,DAY,normal,0,0
6907,2026-01-30T11:18:24.587Z,2026-01-30T11:18:26.140Z,1553,FG-B,BATCH-1013,DAY,normal,0,0
6908,2026-01-30T11:18:26.140Z,2026-01-30T11:18:27.661Z,1521,FG-B,BATCH-1013,DAY,normal,0,0
6909,2026-01-30T11:18:27.661Z,2026-01-30T11:18:29.279Z,1618,FG-B,BATCH-1013,DAY,normal,0,0
6910,2026-01-30T11:18:29.279Z,2026-01-30T11:18:30.772Z,1493,FG-B,BATCH-1013,DAY,normal,0,0
6911,2026-01-30T11:18:30.772Z,2026-01-30T11:18:32.317Z,1545,FG-B,BATCH-1013,DAY,normal,0,0
6912,2026-01-30T11:18:32.317Z,2026-01-30T11:18:35.691Z,3374,FG-B,BATCH-1013,DAY,slow_cycle,0,1
6913,2026-01-30T11:18:35.691Z,2026-01-30T11:18:37.291Z,1600,FG-B,BATCH-1013,DAY,normal,0,0
6914,2026-01-30T11:18:37.291Z,2026-01-30T11:18:38.771Z,1480,FG-B,BATCH-1013,DAY,normal,0,0
6915,2026-01-30T11:18:38.771Z,2026-01-30T11:18:40.110Z,1339,FG-B,BATCH-1013,DAY,normal,0,0
6916,2026-01-30T11:18:40.110Z,2026-01-30T11:18:41.689Z,1579,FG-B,BATCH-1013,DAY,normal,0,0
6917,2026-01-30T11:18:41.689Z,2026-01-30T11:18:43.142Z,1453,FG-B,BATCH-1013,DAY,normal,0,0
6918,2026-01-30T11:18:43.142Z,2026-01-30T11:18:44.567Z,1425,FG-B,BATCH-1013,DAY,normal,0,0
6919,2026-01-30T11:18:44.567Z,2026-01-30T11:18:46.264Z,1697,FG-B,BATCH-1013,DAY,normal,0,0
6920,2026-01-30T11:18:46.264Z,2026-01-30T11:18:47.810Z,1546,FG-B,BATCH-1013,DAY,normal,0,0
6921,2026-01-30T11:18:47.810Z,2026-01-30T11:18:49.269Z,1459,FG-B,BATCH-1013,DAY,normal,0,0
6922,2026-01-30T11:18:49.269Z,2026-01-30T11:18:50.681Z,1412,FG-B,BATCH-1013,DAY,normal,0,0
6923,2026-01-30T11:18:50.681Z,2026-01-30T11:18:52.169Z,1488,FG-B,BATCH-1013,DAY,normal,0,0
6924,2026-01-30T11:18:52.169Z,2026-01-30T11:18:53.575Z,1406,FG-B,BATCH-1013,DAY,normal,0,0
6925,2026-01-30T11:18:53.575Z,2026-01-30T11:18:55.062Z,1487,FG-B,BATCH-1013,DAY,normal,0,0
6926,2026-01-30T11:18:55.062Z,2026-01-30T11:18:56.511Z,1449,FG-B,BATCH-1013,DAY,normal,0,0
6927,2026-01-30T11:18:56.511Z,2026-01-30T11:18:58.010Z,1499,FG-B,BATCH-1013,DAY,normal,0,0
6928,2026-01-30T11:18:58.010Z,2026-01-30T11:18:59.740Z,1730,FG-B,BATCH-1013,DAY,normal,0,0
6929,2026-01-30T11:18:59.740Z,2026-01-30T11:19:01.318Z,1578,FG-B,BATCH-1013,DAY,normal,0,0
6930,2026-01-30T11:19:01.318Z,2026-01-30T11:19:02.839Z,1521,FG-B,BATCH-1013,DAY,normal,0,0
6931,2026-01-30T11:19:02.839Z,2026-01-30T11:19:04.394Z,1555,FG-B,BATCH-1013,DAY,normal,0,0
6932,2026-01-30T11:19:04.394Z,2026-01-30T11:19:05.880Z,1486,FG-B,BATCH-1013,DAY,normal,0,0
6933,2026-01-30T11:19:05.880Z,2026-01-30T11:19:07.381Z,1501,FG-B,BATCH-1013,DAY,normal,0,0
6934,2026-01-30T11:19:07.381Z,2026-01-30T11:19:08.829Z,1448,FG-B,BATCH-1013,DAY,normal,0,0
6935,2026-01-30T11:19:08.829Z,2026-01-30T11:19:10.444Z,1615,FG-B,BATCH-1013,DAY,normal,0,0
6936,2026-01-30T11:19:10.444Z,2026-01-30T11:19:11.812Z,1368,FG-B,BATCH-1013,DAY,normal,0,0
6937,2026-01-30T11:19:11.812Z,2026-01-30T11:19:13.273Z,1461,FG-B,BATCH-1013,DAY,normal,0,0
6938,2026-01-30T11:19:13.273Z,2026-01-30T11:19:14.724Z,1451,FG-B,BATCH-1013,DAY,normal,0,0
6939,2026-01-30T11:19:14.724Z,2026-01-30T11:19:16.149Z,1425,FG-B,BATCH-1013,DAY,normal,0,0
6940,2026-01-30T11:19:16.149Z,2026-01-30T11:19:17.739Z,1590,FG-B,BATCH-1013,DAY,normal,0,0
6941,2026-01-30T11:19:17.739Z,2026-01-30T11:19:19.270Z,1531,FG-B,BATCH-1013,DAY,normal,0,0
6942,2026-01-30T11:19:19.270Z,2026-01-30T11:19:20.977Z,1707,FG-B,BATCH-1013,DAY,normal,0,0
6943,2026-01-30T11:19:20.977Z,2026-01-30T11:19:22.451Z,1474,FG-B,BATCH-1013,DAY,normal,0,0
6944,2026-01-30T11:19:22.451Z,2026-01-30T11:19:24.090Z,1639,FG-B,BATCH-1013,DAY,normal,0,0
6945,2026-01-30T11:19:24.090Z,2026-01-30T11:19:25.618Z,1528,FG-B,BATCH-1013,DAY,normal,0,0
6946,2026-01-30T11:19:25.618Z,2026-01-30T11:19:27.152Z,1534,FG-B,BATCH-1013,DAY,normal,0,0
6947,2026-01-30T11:19:27.152Z,2026-01-30T11:19:28.399Z,1247,FG-B,BATCH-1013,DAY,fast_cycle,0,0
6948,2026-01-30T11:19:28.399Z,2026-01-30T11:19:29.892Z,1493,FG-B,BATCH-1013,DAY,normal,0,0
6949,2026-01-30T11:19:29.892Z,2026-01-30T11:19:31.362Z,1470,FG-B,BATCH-1013,DAY,normal,0,0
6950,2026-01-30T11:19:31.362Z,2026-01-30T11:19:32.781Z,1419,FG-B,BATCH-1013,DAY,normal,0,0
6951,2026-01-30T11:19:32.781Z,2026-01-30T11:19:34.376Z,1595,FG-B,BATCH-1013,DAY,normal,0,0
6952,2026-01-30T11:19:34.376Z,2026-01-30T11:19:35.901Z,1525,FG-B,BATCH-1013,DAY,normal,0,0
6953,2026-01-30T11:19:35.901Z,2026-01-30T11:19:37.612Z,1711,FG-B,BATCH-1013,DAY,normal,0,0
6954,2026-01-30T11:19:37.612Z,2026-01-30T11:19:39.069Z,1457,FG-B,BATCH-1013,DAY,normal,0,0
6955,2026-01-30T11:19:39.069Z,2026-01-30T11:19:40.503Z,1434,FG-B,BATCH-1013,DAY,normal,0,0
6956,2026-01-30T11:19:40.503Z,2026-01-30T11:19:42.053Z,1550,FG-B,BATCH-1013,DAY,normal,0,0
6957,2026-01-30T11:19:42.053Z,2026-01-30T11:19:43.644Z,1591,FG-B,BATCH-1013,DAY,normal,0,0
6958,2026-01-30T11:19:43.644Z,2026-01-30T11:19:45.137Z,1493,FG-B,BATCH-1013,DAY,normal,0,0
6959,2026-01-30T11:19:45.137Z,2026-01-30T11:19:46.623Z,1486,FG-B,BATCH-1013,DAY,normal,0,0
6960,2026-01-30T11:19:46.623Z,2026-01-30T11:19:48.473Z,1850,FG-B,BATCH-1013,DAY,normal,0,0
6961,2026-01-30T11:19:48.473Z,2026-01-30T11:19:50.080Z,1607,FG-B,BATCH-1013,DAY,normal,0,0
6962,2026-01-30T11:19:50.080Z,2026-01-30T11:19:51.583Z,1503,FG-B,BATCH-1013,DAY,normal,0,0
6963,2026-01-30T11:19:51.583Z,2026-01-30T11:19:53.060Z,1477,FG-B,BATCH-1013,DAY,normal,0,0
6964,2026-01-30T11:19:53.060Z,2026-01-30T11:19:54.460Z,1400,FG-B,BATCH-1013,DAY,normal,0,0
6965,2026-01-30T11:19:54.460Z,2026-01-30T11:19:55.921Z,1461,FG-B,BATCH-1013,DAY,normal,0,0
6966,2026-01-30T11:19:55.921Z,2026-01-30T11:19:57.489Z,1568,FG-B,BATCH-1013,DAY,normal,0,0
6967,2026-01-30T11:19:57.489Z,2026-01-30T11:19:59.016Z,1527,FG-B,BATCH-1013,DAY,normal,0,0
6968,2026-01-30T11:19:59.016Z,2026-01-30T11:20:00.512Z,1496,FG-B,BATCH-1013,DAY,normal,0,0
6969,2026-01-30T11:20:00.512Z,2026-01-30T11:20:01.870Z,1358,FG-B,BATCH-1013,DAY,normal,0,0
6970,2026-01-30T11:20:01.870Z,2026-01-30T11:20:03.275Z,1405,FG-B,BATCH-1013,DAY,normal,0,0
6971,2026-01-30T11:20:03.275Z,2026-01-30T11:20:04.872Z,1597,FG-B,BATCH-1013,DAY,normal,0,0
6972,2026-01-30T11:20:04.872Z,2026-01-30T11:20:06.435Z,1563,FG-B,BATCH-1013,DAY,normal,0,0
6973,2026-01-30T11:20:06.435Z,2026-01-30T11:20:08.087Z,1652,FG-B,BATCH-1013,DAY,normal,0,0
6974,2026-01-30T11:20:08.087Z,2026-01-30T11:20:09.738Z,1651,FG-B,BATCH-1013,DAY,normal,0,0
6975,2026-01-30T11:20:09.738Z,2026-01-30T11:20:11.124Z,1386,FG-B,BATCH-1013,DAY,normal,0,0
6976,2026-01-30T11:20:11.124Z,2026-01-30T11:20:12.743Z,1619,FG-B,BATCH-1013,DAY,normal,0,0
6977,2026-01-30T11:20:12.743Z,2026-01-30T11:20:14.234Z,1491,FG-B,BATCH-1013,DAY,normal,0,0
6978,2026-01-30T11:20:14.234Z,2026-01-30T11:20:15.847Z,1613,FG-B,BATCH-1013,DAY,normal,0,0
6979,2026-01-30T11:20:15.847Z,2026-01-30T11:20:17.509Z,1662,FG-B,BATCH-1013,DAY,normal,0,0
6980,2026-01-30T11:20:17.509Z,2026-01-30T11:20:18.968Z,1459,FG-B,BATCH-1013,DAY,normal,0,0
6981,2026-01-30T11:20:18.968Z,2026-01-30T11:20:20.481Z,1513,FG-B,BATCH-1013,DAY,normal,0,0
6982,2026-01-30T11:20:20.481Z,2026-01-30T11:20:21.991Z,1510,FG-B,BATCH-1013,DAY,normal,0,0
6983,2026-01-30T11:20:21.991Z,2026-01-30T11:20:23.572Z,1581,FG-B,BATCH-1013,DAY,normal,0,0
6984,2026-01-30T11:20:23.572Z,2026-01-30T11:20:25.097Z,1525,FG-B,BATCH-1013,DAY,normal,0,0
6985,2026-01-30T11:20:25.097Z,2026-01-30T11:20:26.585Z,1488,FG-B,BATCH-1013,DAY,normal,0,0
6986,2026-01-30T11:20:26.585Z,2026-01-30T11:20:28.118Z,1533,FG-B,BATCH-1013,DAY,normal,0,0
6987,2026-01-30T11:20:28.118Z,2026-01-30T11:20:29.703Z,1585,FG-B,BATCH-1013,DAY,normal,0,0
6988,2026-01-30T11:20:29.703Z,2026-01-30T11:20:31.299Z,1596,FG-B,BATCH-1013,DAY,normal,0,0
6989,2026-01-30T11:20:31.299Z,2026-01-30T11:20:32.804Z,1505,FG-B,BATCH-1013,DAY,normal,0,0
6990,2026-01-30T11:20:32.804Z,2026-01-30T11:20:34.437Z,1633,FG-B,BATCH-1013,DAY,normal,0,0
6991,2026-01-30T11:20:34.437Z,2026-01-30T11:20:36.082Z,1645,FG-B,BATCH-1013,DAY,normal,0,0
6992,2026-01-30T11:20:36.082Z,2026-01-30T11:20:37.724Z,1642,FG-B,BATCH-1013,DAY,normal,0,0
6993,2026-01-30T11:20:37.724Z,2026-01-30T11:20:39.236Z,1512,FG-B,BATCH-1013,DAY,normal,0,0
6994,2026-01-30T11:20:39.236Z,2026-01-30T11:20:40.748Z,1512,FG-B,BATCH-1013,DAY,normal,0,0
6995,2026-01-30T11:20:40.748Z,2026-01-30T11:20:42.361Z,1613,FG-B,BATCH-1013,DAY,normal,0,0
6996,2026-01-30T11:20:42.361Z,2026-01-30T11:20:43.957Z,1596,FG-B,BATCH-1013,DAY,normal,0,0
6997,2026-01-30T11:20:43.957Z,2026-01-30T11:20:45.392Z,1435,FG-B,BATCH-1013,DAY,normal,0,0
6998,2026-01-30T11:20:45.392Z,2026-01-30T11:20:47.134Z,1742,FG-B,BATCH-1013,DAY,normal,0,0
6999,2026-01-30T11:20:47.134Z,2026-01-30T11:20:48.748Z,1614,FG-B,BATCH-1013,DAY,normal,0,0
7000,2026-01-30T11:20:48.748Z,2026-01-30T11:20:50.269Z,1521,FG-B,BATCH-1014,DAY,normal,0,0
7001,2026-01-30T11:20:50.269Z,2026-01-30T11:20:51.862Z,1593,FG-B,BATCH-1014,DAY,normal,0,0
7002,2026-01-30T11:20:51.862Z,2026-01-30T11:20:53.461Z,1599,FG-B,BATCH-1014,DAY,normal,0,0
7003,2026-01-30T11:20:53.461Z,2026-01-30T11:20:54.885Z,1424,FG-B,BATCH-1014,DAY,normal,0,0
7004,2026-01-30T11:20:54.885Z,2026-01-30T11:21:09.861Z,14976,FG-B,BATCH-1014,DAY,long_gap,1,1
7005,2026-01-30T11:21:09.861Z,2026-01-30T11:21:11.195Z,1334,FG-B,BATCH-1014,DAY,normal,0,0
7006,2026-01-30T11:21:11.195Z,2026-01-30T11:21:12.672Z,1477,FG-B,BATCH-1014,DAY,normal,0,0
7007,2026-01-30T11:21:12.672Z,2026-01-30T11:21:20.984Z,8312,FG-B,BATCH-1014,DAY,long_gap,1,1
7008,2026-01-30T11:21:20.984Z,2026-01-30T11:21:22.569Z,1585,FG-B,BATCH-1014,DAY,normal,0,0
7009,2026-01-30T11:21:22.569Z,2026-01-30T11:21:24.142Z,1573,FG-B,BATCH-1014,DAY,normal,0,0
7010,2026-01-30T11:21:24.142Z,2026-01-30T11:21:25.706Z,1564,FG-B,BATCH-1014,DAY,normal,0,0
7011,2026-01-30T11:21:25.706Z,2026-01-30T11:21:27.109Z,1403,FG-B,BATCH-1014,DAY,normal,0,0
7012,2026-01-30T11:21:27.109Z,2026-01-30T11:21:28.750Z,1641,FG-B,BATCH-1014,DAY,normal,0,0
7013,2026-01-30T11:21:28.750Z,2026-01-30T11:21:30.242Z,1492,FG-B,BATCH-1014,DAY,normal,0,0
7014,2026-01-30T11:21:30.242Z,2026-01-30T11:21:31.622Z,1380,FG-B,BATCH-1014,DAY,normal,0,0
7015,2026-01-30T11:21:31.622Z,2026-01-30T11:21:33.003Z,1381,FG-B,BATCH-1014,DAY,normal,0,0
7016,2026-01-30T11:21:33.003Z,2026-01-30T11:21:34.425Z,1422,FG-B,BATCH-1014,DAY,normal,0,0
7017,2026-01-30T11:21:34.425Z,2026-01-30T11:21:36.072Z,1647,FG-B,BATCH-1014,DAY,normal,0,0
7018,2026-01-30T11:21:36.072Z,2026-01-30T11:21:37.483Z,1411,FG-B,BATCH-1014,DAY,normal,0,0
7019,2026-01-30T11:21:37.483Z,2026-01-30T11:21:39.056Z,1573,FG-B,BATCH-1014,DAY,normal,0,0
7020,2026-01-30T11:21:39.056Z,2026-01-30T11:21:40.632Z,1576,FG-B,BATCH-1014,DAY,normal,0,0
7021,2026-01-30T11:21:40.632Z,2026-01-30T11:21:42.112Z,1480,FG-B,BATCH-1014,DAY,normal,0,0
7022,2026-01-30T11:21:42.112Z,2026-01-30T11:21:43.365Z,1253,FG-B,BATCH-1014,DAY,normal,0,0
7023,2026-01-30T11:21:43.365Z,2026-01-30T11:21:45.051Z,1686,FG-B,BATCH-1014,DAY,normal,0,0
7024,2026-01-30T11:21:45.051Z,2026-01-30T11:21:46.674Z,1623,FG-B,BATCH-1014,DAY,normal,0,0
7025,2026-01-30T11:21:46.674Z,2026-01-30T11:21:48.180Z,1506,FG-B,BATCH-1014,DAY,normal,0,0
7026,2026-01-30T11:21:48.180Z,2026-01-30T11:21:49.710Z,1530,FG-B,BATCH-1014,DAY,normal,0,0
7027,2026-01-30T11:21:49.710Z,2026-01-30T11:21:51.273Z,1563,FG-B,BATCH-1014,DAY,normal,0,0
7028,2026-01-30T11:21:51.273Z,2026-01-30T11:21:52.548Z,1275,FG-B,BATCH-1014,DAY,normal,0,0
7029,2026-01-30T11:21:52.548Z,2026-01-30T11:21:54.227Z,1679,FG-B,BATCH-1014,DAY,normal,0,0
7030,2026-01-30T11:21:54.227Z,2026-01-30T11:21:55.781Z,1554,FG-B,BATCH-1014,DAY,normal,0,0
7031,2026-01-30T11:21:55.781Z,2026-01-30T11:21:57.276Z,1495,FG-B,BATCH-1014,DAY,normal,0,0
7032,2026-01-30T11:21:57.276Z,2026-01-30T11:21:58.857Z,1581,FG-B,BATCH-1014,DAY,normal,0,0
7033,2026-01-30T11:21:58.857Z,2026-01-30T11:22:00.418Z,1561,FG-B,BATCH-1014,DAY,normal,0,0
7034,2026-01-30T11:22:00.418Z,2026-01-30T11:22:02.005Z,1587,FG-B,BATCH-1014,DAY,normal,0,0
7035,2026-01-30T11:22:02.005Z,2026-01-30T11:22:03.499Z,1494,FG-B,BATCH-1014,DAY,normal,0,0
7036,2026-01-30T11:22:03.499Z,2026-01-30T11:22:05.100Z,1601,FG-B,BATCH-1014,DAY,normal,0,0
7037,2026-01-30T11:22:05.100Z,2026-01-30T11:22:06.760Z,1660,FG-B,BATCH-1014,DAY,normal,0,0
7038,2026-01-30T11:22:06.760Z,2026-01-30T11:22:07.986Z,1226,FG-B,BATCH-1014,DAY,normal,0,0
7039,2026-01-30T11:22:07.986Z,2026-01-30T11:22:09.527Z,1541,FG-B,BATCH-1014,DAY,normal,0,0
7040,2026-01-30T11:22:09.527Z,2026-01-30T11:22:11.139Z,1612,FG-B,BATCH-1014,DAY,normal,0,0
7041,2026-01-30T11:22:11.139Z,2026-01-30T11:22:12.726Z,1587,FG-B,BATCH-1014,DAY,normal,0,0
7042,2026-01-30T11:22:12.726Z,2026-01-30T11:22:14.394Z,1668,FG-B,BATCH-1014,DAY,normal,0,0
7043,2026-01-30T11:22:14.394Z,2026-01-30T11:22:15.915Z,1521,FG-B,BATCH-1014,DAY,normal,0,0
7044,2026-01-30T11:22:15.915Z,2026-01-30T11:22:17.383Z,1468,FG-B,BATCH-1014,DAY,normal,0,0
7045,2026-01-30T11:22:17.383Z,2026-01-30T11:22:18.884Z,1501,FG-B,BATCH-1014,DAY,normal,0,0
7046,2026-01-30T11:22:18.884Z,2026-01-30T11:22:20.278Z,1394,FG-B,BATCH-1014,DAY,normal,0,0
7047,2026-01-30T11:22:20.278Z,2026-01-30T11:22:21.738Z,1460,FG-B,BATCH-1014,DAY,normal,0,0
7048,2026-01-30T11:22:21.738Z,2026-01-30T11:22:23.262Z,1524,FG-B,BATCH-1014,DAY,normal,0,0
7049,2026-01-30T11:22:23.262Z,2026-01-30T11:22:24.812Z,1550,FG-B,BATCH-1014,DAY,normal,0,0
7050,2026-01-30T11:22:24.812Z,2026-01-30T11:22:26.359Z,1547,FG-B,BATCH-1014,DAY,normal,0,0
7051,2026-01-30T11:22:26.359Z,2026-01-30T11:22:27.955Z,1596,FG-B,BATCH-1014,DAY,normal,0,0
7052,2026-01-30T11:22:27.955Z,2026-01-30T11:22:29.458Z,1503,FG-B,BATCH-1014,DAY,normal,0,0
7053,2026-01-30T11:22:29.458Z,2026-01-30T11:22:30.963Z,1505,FG-B,BATCH-1014,DAY,normal,0,0
7054,2026-01-30T11:22:30.963Z,2026-01-30T11:22:32.377Z,1414,FG-B,BATCH-1014,DAY,normal,0,0
7055,2026-01-30T11:22:32.377Z,2026-01-30T11:22:34.017Z,1640,FG-B,BATCH-1014,DAY,normal,0,0
7056,2026-01-30T11:22:34.017Z,2026-01-30T11:22:35.406Z,1389,FG-B,BATCH-1014,DAY,normal,0,0
7057,2026-01-30T11:22:35.406Z,2026-01-30T11:22:36.987Z,1581,FG-B,BATCH-1014,DAY,normal,0,0
7058,2026-01-30T11:22:36.987Z,2026-01-30T11:22:41.016Z,4029,FG-B,BATCH-1014,DAY,jam_recovery,0,1
7059,2026-01-30T11:22:41.016Z,2026-01-30T11:22:42.577Z,1561,FG-B,BATCH-1014,DAY,normal,0,0
7060,2026-01-30T11:22:42.577Z,2026-01-30T11:22:44.063Z,1486,FG-B,BATCH-1014,DAY,normal,0,0
7061,2026-01-30T11:22:44.063Z,2026-01-30T11:22:45.603Z,1540,FG-B,BATCH-1014,DAY,normal,0,0
7062,2026-01-30T11:22:45.603Z,2026-01-30T11:22:47.036Z,1433,FG-B,BATCH-1014,DAY,normal,0,0
7063,2026-01-30T11:22:47.036Z,2026-01-30T11:22:48.608Z,1572,FG-B,BATCH-1014,DAY,normal,0,0
7064,2026-01-30T11:22:48.608Z,2026-01-30T11:22:50.095Z,1487,FG-B,BATCH-1014,DAY,normal,0,0
7065,2026-01-30T11:22:50.095Z,2026-01-30T11:22:51.469Z,1374,FG-B,BATCH-1014,DAY,normal,0,0
7066,2026-01-30T11:22:51.469Z,2026-01-30T11:22:53.093Z,1624,FG-B,BATCH-1014,DAY,normal,0,0
7067,2026-01-30T11:22:53.093Z,2026-01-30T11:22:54.539Z,1446,FG-B,BATCH-1014,DAY,normal,0,0
7068,2026-01-30T11:22:54.539Z,2026-01-30T11:22:56.009Z,1470,FG-B,BATCH-1014,DAY,normal,0,0
7069,2026-01-30T11:22:56.009Z,2026-01-30T11:22:57.621Z,1612,FG-B,BATCH-1014,DAY,normal,0,0
7070,2026-01-30T11:22:57.621Z,2026-01-30T11:22:59.106Z,1485,FG-B,BATCH-1014,DAY,normal,0,0
7071,2026-01-30T11:22:59.106Z,2026-01-30T11:23:00.571Z,1465,FG-B,BATCH-1014,DAY,normal,0,0
7072,2026-01-30T11:23:00.571Z,2026-01-30T11:23:02.145Z,1574,FG-B,BATCH-1014,DAY,normal,0,0
7073,2026-01-30T11:23:02.145Z,2026-01-30T11:23:03.577Z,1432,FG-B,BATCH-1014,DAY,normal,0,0
7074,2026-01-30T11:23:03.577Z,2026-01-30T11:23:05.250Z,1673,FG-B,BATCH-1014,DAY,normal,0,0
7075,2026-01-30T11:23:05.250Z,2026-01-30T11:23:06.694Z,1444,FG-B,BATCH-1014,DAY,normal,0,0
7076,2026-01-30T11:23:06.694Z,2026-01-30T11:23:08.168Z,1474,FG-B,BATCH-1014,DAY,normal,0,0
7077,2026-01-30T11:23:08.168Z,2026-01-30T11:23:09.845Z,1677,FG-B,BATCH-1014,DAY,normal,0,0
7078,2026-01-30T11:23:09.845Z,2026-01-30T11:23:11.218Z,1373,FG-B,BATCH-1014,DAY,normal,0,0
7079,2026-01-30T11:23:11.218Z,2026-01-30T11:23:12.350Z,1132,FG-B,BATCH-1014,DAY,fast_cycle,0,0
7080,2026-01-30T11:23:12.350Z,2026-01-30T11:23:13.687Z,1337,FG-B,BATCH-1014,DAY,normal,0,0
7081,2026-01-30T11:23:13.687Z,2026-01-30T11:23:15.168Z,1481,FG-B,BATCH-1014,DAY,normal,0,0
7082,2026-01-30T11:23:15.168Z,2026-01-30T11:23:16.600Z,1432,FG-B,BATCH-1014,DAY,normal,0,0
7083,2026-01-30T11:23:16.600Z,2026-01-30T11:23:17.789Z,1189,FG-B,BATCH-1014,DAY,fast_cycle,0,0
7084,2026-01-30T11:23:17.789Z,2026-01-30T11:23:19.430Z,1641,FG-B,BATCH-1014,DAY,normal,0,0
7085,2026-01-30T11:23:19.430Z,2026-01-30T11:23:20.505Z,1075,FG-B,BATCH-1014,DAY,fast_cycle,0,0
7086,2026-01-30T11:23:20.505Z,2026-01-30T11:23:21.989Z,1484,FG-B,BATCH-1014,DAY,normal,0,0
7087,2026-01-30T11:23:21.989Z,2026-01-30T11:23:23.499Z,1510,FG-B,BATCH-1014,DAY,normal,0,0
7088,2026-01-30T11:23:23.499Z,2026-01-30T11:23:24.978Z,1479,FG-B,BATCH-1014,DAY,normal,0,0
7089,2026-01-30T11:23:24.978Z,2026-01-30T11:23:26.492Z,1514,FG-B,BATCH-1014,DAY,normal,0,0
7090,2026-01-30T11:23:26.492Z,2026-01-30T11:23:28.026Z,1534,FG-B,BATCH-1014,DAY,normal,0,0
7091,2026-01-30T11:23:28.026Z,2026-01-30T11:23:29.521Z,1495,FG-B,BATCH-1014,DAY,normal,0,0
7092,2026-01-30T11:23:29.521Z,2026-01-30T11:23:31.149Z,1628,FG-B,BATCH-1014,DAY,normal,0,0
7093,2026-01-30T11:23:31.149Z,2026-01-30T11:23:32.798Z,1649,FG-B,BATCH-1014,DAY,normal,0,0
7094,2026-01-30T11:23:32.798Z,2026-01-30T11:23:34.380Z,1582,FG-B,BATCH-1014,DAY,normal,0,0
7095,2026-01-30T11:23:34.380Z,2026-01-30T11:23:35.982Z,1602,FG-B,BATCH-1014,DAY,normal,0,0
7096,2026-01-30T11:23:35.982Z,2026-01-30T11:23:37.643Z,1661,FG-B,BATCH-1014,DAY,normal,0,0
7097,2026-01-30T11:23:37.643Z,2026-01-30T11:23:39.241Z,1598,FG-B,BATCH-1014,DAY,normal,0,0
7098,2026-01-30T11:23:39.241Z,2026-01-30T11:23:43.070Z,3829,FG-B,BATCH-1014,DAY,jam_recovery,0,1
7099,2026-01-30T11:23:43.070Z,2026-01-30T11:23:46.084Z,3014,FG-B,BATCH-1014,DAY,slow_cycle,0,1
7100,2026-01-30T11:23:46.084Z,2026-01-30T11:23:50.620Z,4536,FG-B,BATCH-1014,DAY,jam_recovery,0,1
7101,2026-01-30T11:23:50.620Z,2026-01-30T11:23:52.166Z,1546,FG-B,BATCH-1014,DAY,normal,0,0
7102,2026-01-30T11:23:52.166Z,2026-01-30T11:23:53.731Z,1565,FG-B,BATCH-1014,DAY,normal,0,0
7103,2026-01-30T11:23:53.731Z,2026-01-30T11:23:55.133Z,1402,FG-B,BATCH-1014,DAY,normal,0,0
7104,2026-01-30T11:23:55.133Z,2026-01-30T11:23:56.695Z,1562,FG-B,BATCH-1014,DAY,normal,0,0
7105,2026-01-30T11:23:56.695Z,2026-01-30T11:23:58.203Z,1508,FG-B,BATCH-1014,DAY,normal,0,0
7106,2026-01-30T11:23:58.203Z,2026-01-30T11:23:59.608Z,1405,FG-B,BATCH-1014,DAY,normal,0,0
7107,2026-01-30T11:23:59.608Z,2026-01-30T11:24:01.249Z,1641,FG-B,BATCH-1014,DAY,normal,0,0
7108,2026-01-30T11:24:01.249Z,2026-01-30T11:24:02.715Z,1466,FG-B,BATCH-1014,DAY,normal,0,0
7109,2026-01-30T11:24:02.715Z,2026-01-30T11:24:03.957Z,1242,FG-B,BATCH-1014,DAY,normal,0,0
7110,2026-01-30T11:24:03.957Z,2026-01-30T11:24:05.508Z,1551,FG-B,BATCH-1014,DAY,normal,0,0
7111,2026-01-30T11:24:05.508Z,2026-01-30T11:24:06.920Z,1412,FG-B,BATCH-1014,DAY,normal,0,0
7112,2026-01-30T11:24:06.920Z,2026-01-30T11:24:08.505Z,1585,FG-B,BATCH-1014,DAY,normal,0,0
7113,2026-01-30T11:24:08.505Z,2026-01-30T11:24:10.126Z,1621,FG-B,BATCH-1014,DAY,normal,0,0
7114,2026-01-30T11:24:10.126Z,2026-01-30T11:24:11.570Z,1444,FG-B,BATCH-1014,DAY,normal,0,0
7115,2026-01-30T11:24:11.570Z,2026-01-30T11:24:13.071Z,1501,FG-B,BATCH-1014,DAY,normal,0,0
7116,2026-01-30T11:24:13.071Z,2026-01-30T11:24:14.695Z,1624,FG-B,BATCH-1014,DAY,normal,0,0
7117,2026-01-30T11:24:14.695Z,2026-01-30T11:24:16.359Z,1664,FG-B,BATCH-1014,DAY,normal,0,0
7118,2026-01-30T11:24:16.359Z,2026-01-30T11:24:21.038Z,4679,FG-B,BATCH-1014,DAY,jam_recovery,0,1
7119,2026-01-30T11:24:21.038Z,2026-01-30T11:24:24.002Z,2964,FG-B,BATCH-1014,DAY,slow_cycle,0,1
7120,2026-01-30T11:24:24.002Z,2026-01-30T11:24:25.596Z,1594,FG-B,BATCH-1014,DAY,normal,0,0
7121,2026-01-30T11:24:25.596Z,2026-01-30T11:24:27.117Z,1521,FG-B,BATCH-1014,DAY,normal,0,0
7122,2026-01-30T11:24:27.117Z,2026-01-30T11:24:28.588Z,1471,FG-B,BATCH-1014,DAY,normal,0,0
7123,2026-01-30T11:24:28.588Z,2026-01-30T11:24:30.184Z,1596,FG-B,BATCH-1014,DAY,normal,0,0
7124,2026-01-30T11:24:30.184Z,2026-01-30T11:24:31.603Z,1419,FG-B,BATCH-1014,DAY,normal,0,0
7125,2026-01-30T11:24:31.603Z,2026-01-30T11:24:33.192Z,1589,FG-B,BATCH-1014,DAY,normal,0,0
7126,2026-01-30T11:24:33.192Z,2026-01-30T11:24:34.704Z,1512,FG-B,BATCH-1014,DAY,normal,0,0
7127,2026-01-30T11:24:34.704Z,2026-01-30T11:24:36.292Z,1588,FG-B,BATCH-1014,DAY,normal,0,0
7128,2026-01-30T11:24:36.292Z,2026-01-30T11:24:37.694Z,1402,FG-B,BATCH-1014,DAY,normal,0,0
7129,2026-01-30T11:24:37.694Z,2026-01-30T11:24:39.345Z,1651,FG-B,BATCH-1014,DAY,normal,0,0
7130,2026-01-30T11:24:39.345Z,2026-01-30T11:24:41.010Z,1665,FG-B,BATCH-1014,DAY,normal,0,0
7131,2026-01-30T11:24:41.010Z,2026-01-30T11:24:42.354Z,1344,FG-B,BATCH-1014,DAY,fast_cycle,0,0
7132,2026-01-30T11:24:42.354Z,2026-01-30T11:24:43.716Z,1362,FG-B,BATCH-1014,DAY,normal,0,0
7133,2026-01-30T11:24:43.716Z,2026-01-30T11:24:45.336Z,1620,FG-B,BATCH-1014,DAY,normal,0,0
7134,2026-01-30T11:24:45.336Z,2026-01-30T11:24:46.860Z,1524,FG-B,BATCH-1014,DAY,normal,0,0
7135,2026-01-30T11:24:46.860Z,2026-01-30T11:24:48.363Z,1503,FG-B,BATCH-1014,DAY,normal,0,0
7136,2026-01-30T11:24:48.363Z,2026-01-30T11:24:50.083Z,1720,FG-B,BATCH-1014,DAY,normal,0,0
7137,2026-01-30T11:24:50.083Z,2026-01-30T11:24:51.522Z,1439,FG-B,BATCH-1014,DAY,normal,0,0
7138,2026-01-30T11:24:51.522Z,2026-01-30T11:24:53.039Z,1517,FG-B,BATCH-1014,DAY,normal,0,0
7139,2026-01-30T11:24:53.039Z,2026-01-30T11:24:54.588Z,1549,FG-B,BATCH-1014,DAY,normal,0,0
7140,2026-01-30T11:24:54.588Z,2026-01-30T11:24:56.133Z,1545,FG-B,BATCH-1014,DAY,normal,0,0
7141,2026-01-30T11:24:56.133Z,2026-01-30T11:24:57.611Z,1478,FG-B,BATCH-1014,DAY,normal,0,0
7142,2026-01-30T11:24:57.611Z,2026-01-30T11:24:59.264Z,1653,FG-B,BATCH-1014,DAY,normal,0,0
7143,2026-01-30T11:24:59.264Z,2026-01-30T11:25:00.788Z,1524,FG-B,BATCH-1014,DAY,normal,0,0
7144,2026-01-30T11:25:00.788Z,2026-01-30T11:25:02.410Z,1622,FG-B,BATCH-1014,DAY,normal,0,0
7145,2026-01-30T11:25:02.410Z,2026-01-30T11:25:04.138Z,1728,FG-B,BATCH-1014,DAY,normal,0,0
7146,2026-01-30T11:25:04.138Z,2026-01-30T11:25:05.566Z,1428,FG-B,BATCH-1014,DAY,normal,0,0
7147,2026-01-30T11:25:05.566Z,2026-01-30T11:25:07.077Z,1511,FG-B,BATCH-1014,DAY,normal,0,0
7148,2026-01-30T11:25:07.077Z,2026-01-30T11:25:08.666Z,1589,FG-B,BATCH-1014,DAY,normal,0,0
7149,2026-01-30T11:25:08.666Z,2026-01-30T11:25:10.215Z,1549,FG-B,BATCH-1014,DAY,normal,0,0
7150,2026-01-30T11:25:10.215Z,2026-01-30T11:25:11.692Z,1477,FG-B,BATCH-1014,DAY,normal,0,0
7151,2026-01-30T11:25:11.692Z,2026-01-30T11:25:13.087Z,1395,FG-B,BATCH-1014,DAY,normal,0,0
7152,2026-01-30T11:25:13.087Z,2026-01-30T11:25:14.480Z,1393,FG-B,BATCH-1014,DAY,normal,0,0
7153,2026-01-30T11:25:14.480Z,2026-01-30T11:25:15.939Z,1459,FG-B,BATCH-1014,DAY,normal,0,0
7154,2026-01-30T11:25:15.939Z,2026-01-30T11:25:17.497Z,1558,FG-B,BATCH-1014,DAY,normal,0,0
7155,2026-01-30T11:25:17.497Z,2026-01-30T11:25:19.076Z,1579,FG-B,BATCH-1014,DAY,normal,0,0
7156,2026-01-30T11:25:19.076Z,2026-01-30T11:25:20.493Z,1417,FG-B,BATCH-1014,DAY,normal,0,0
7157,2026-01-30T11:25:20.493Z,2026-01-30T11:25:22.125Z,1632,FG-B,BATCH-1014,DAY,normal,0,0
7158,2026-01-30T11:25:22.125Z,2026-01-30T11:25:23.585Z,1460,FG-B,BATCH-1014,DAY,normal,0,0
7159,2026-01-30T11:25:23.585Z,2026-01-30T11:25:25.258Z,1673,FG-B,BATCH-1014,DAY,normal,0,0
7160,2026-01-30T11:25:25.258Z,2026-01-30T11:25:26.813Z,1555,FG-B,BATCH-1014,DAY,normal,0,0
7161,2026-01-30T11:25:26.813Z,2026-01-30T11:25:28.262Z,1449,FG-B,BATCH-1014,DAY,normal,0,0
7162,2026-01-30T11:25:28.262Z,2026-01-30T11:25:29.685Z,1423,FG-B,BATCH-1014,DAY,normal,0,0
7163,2026-01-30T11:25:29.685Z,2026-01-30T11:25:31.330Z,1645,FG-B,BATCH-1014,DAY,normal,0,0
7164,2026-01-30T11:25:31.330Z,2026-01-30T11:25:32.943Z,1613,FG-B,BATCH-1014,DAY,normal,0,0
7165,2026-01-30T11:25:32.943Z,2026-01-30T11:25:34.488Z,1545,FG-B,BATCH-1014,DAY,normal,0,0
7166,2026-01-30T11:25:34.488Z,2026-01-30T11:25:35.931Z,1443,FG-B,BATCH-1014,DAY,normal,0,0
7167,2026-01-30T11:25:35.931Z,2026-01-30T11:25:37.573Z,1642,FG-B,BATCH-1014,DAY,normal,0,0
7168,2026-01-30T11:25:37.573Z,2026-01-30T11:25:39.111Z,1538,FG-B,BATCH-1014,DAY,normal,0,0
7169,2026-01-30T11:25:39.111Z,2026-01-30T11:25:40.620Z,1509,FG-B,BATCH-1014,DAY,normal,0,0
7170,2026-01-30T11:25:40.620Z,2026-01-30T11:25:42.075Z,1455,FG-B,BATCH-1014,DAY,normal,0,0
7171,2026-01-30T11:25:42.075Z,2026-01-30T11:25:43.636Z,1561,FG-B,BATCH-1014,DAY,normal,0,0
7172,2026-01-30T11:25:43.636Z,2026-01-30T11:25:45.201Z,1565,FG-B,BATCH-1014,DAY,normal,0,0
7173,2026-01-30T11:25:45.201Z,2026-01-30T11:25:46.618Z,1417,FG-B,BATCH-1014,DAY,normal,0,0
7174,2026-01-30T11:25:46.618Z,2026-01-30T11:25:48.127Z,1509,FG-B,BATCH-1014,DAY,normal,0,0
7175,2026-01-30T11:25:48.127Z,2026-01-30T11:25:49.557Z,1430,FG-B,BATCH-1014,DAY,normal,0,0
7176,2026-01-30T11:25:49.557Z,2026-01-30T11:25:51.194Z,1637,FG-B,BATCH-1014,DAY,normal,0,0
7177,2026-01-30T11:25:51.194Z,2026-01-30T11:25:52.957Z,1763,FG-B,BATCH-1014,DAY,normal,0,0
7178,2026-01-30T11:25:52.957Z,2026-01-30T11:25:54.302Z,1345,FG-B,BATCH-1014,DAY,normal,0,0
7179,2026-01-30T11:25:54.302Z,2026-01-30T11:25:55.860Z,1558,FG-B,BATCH-1014,DAY,normal,0,0
7180,2026-01-30T11:25:55.860Z,2026-01-30T11:25:57.196Z,1336,FG-B,BATCH-1014,DAY,fast_cycle,0,0
7181,2026-01-30T11:25:57.196Z,2026-01-30T11:25:58.750Z,1554,FG-B,BATCH-1014,DAY,normal,0,0
7182,2026-01-30T11:25:58.750Z,2026-01-30T11:26:00.326Z,1576,FG-B,BATCH-1014,DAY,normal,0,0
7183,2026-01-30T11:26:00.326Z,2026-01-30T11:26:01.814Z,1488,FG-B,BATCH-1014,DAY,normal,0,0
7184,2026-01-30T11:26:01.814Z,2026-01-30T11:26:03.369Z,1555,FG-B,BATCH-1014,DAY,normal,0,0
7185,2026-01-30T11:26:03.369Z,2026-01-30T11:26:04.825Z,1456,FG-B,BATCH-1014,DAY,normal,0,0
7186,2026-01-30T11:26:04.825Z,2026-01-30T11:26:06.292Z,1467,FG-B,BATCH-1014,DAY,normal,0,0
7187,2026-01-30T11:26:06.292Z,2026-01-30T11:26:07.853Z,1561,FG-B,BATCH-1014,DAY,normal,0,0
7188,2026-01-30T11:26:07.853Z,2026-01-30T11:26:09.480Z,1627,FG-B,BATCH-1014,DAY,normal,0,0
7189,2026-01-30T11:26:09.480Z,2026-01-30T11:26:11.072Z,1592,FG-B,BATCH-1014,DAY,normal,0,0
7190,2026-01-30T11:26:11.072Z,2026-01-30T11:26:12.620Z,1548,FG-B,BATCH-1014,DAY,normal,0,0
7191,2026-01-30T11:26:12.620Z,2026-01-30T11:26:14.024Z,1404,FG-B,BATCH-1014,DAY,normal,0,0
7192,2026-01-30T11:26:14.024Z,2026-01-30T11:26:15.432Z,1408,FG-B,BATCH-1014,DAY,normal,0,0
7193,2026-01-30T11:26:15.432Z,2026-01-30T11:26:16.878Z,1446,FG-B,BATCH-1014,DAY,normal,0,0
7194,2026-01-30T11:26:16.878Z,2026-01-30T11:26:18.329Z,1451,FG-B,BATCH-1014,DAY,normal,0,0
7195,2026-01-30T11:26:18.329Z,2026-01-30T11:26:19.896Z,1567,FG-B,BATCH-1014,DAY,normal,0,0
7196,2026-01-30T11:26:19.896Z,2026-01-30T11:26:21.509Z,1613,FG-B,BATCH-1014,DAY,normal,0,0
7197,2026-01-30T11:26:21.509Z,2026-01-30T11:26:22.909Z,1400,FG-B,BATCH-1014,DAY,normal,0,0
7198,2026-01-30T11:26:22.909Z,2026-01-30T11:26:24.343Z,1434,FG-B,BATCH-1014,DAY,normal,0,0
7199,2026-01-30T11:26:24.343Z,2026-01-30T11:26:25.790Z,1447,FG-B,BATCH-1014,DAY,normal,0,0
7200,2026-01-30T11:26:25.790Z,2026-01-30T11:26:27.229Z,1439,FG-B,BATCH-1014,DAY,normal,0,0
7201,2026-01-30T11:26:27.229Z,2026-01-30T11:26:28.817Z,1588,FG-B,BATCH-1014,DAY,normal,0,0
7202,2026-01-30T11:26:28.817Z,2026-01-30T11:26:30.158Z,1341,FG-B,BATCH-1014,DAY,normal,0,0
7203,2026-01-30T11:26:30.158Z,2026-01-30T11:26:32.539Z,2381,FG-B,BATCH-1014,DAY,slow_cycle,0,1
7204,2026-01-30T11:26:32.539Z,2026-01-30T11:26:35.027Z,2488,FG-B,BATCH-1014,DAY,slow_cycle,0,1
7205,2026-01-30T11:26:35.027Z,2026-01-30T11:26:36.252Z,1225,FG-B,BATCH-1014,DAY,normal,0,0
7206,2026-01-30T11:26:36.252Z,2026-01-30T11:26:37.810Z,1558,FG-B,BATCH-1014,DAY,normal,0,0
7207,2026-01-30T11:26:37.810Z,2026-01-30T11:26:39.363Z,1553,FG-B,BATCH-1014,DAY,normal,0,0
7208,2026-01-30T11:26:39.363Z,2026-01-30T11:26:40.887Z,1524,FG-B,BATCH-1014,DAY,normal,0,0
7209,2026-01-30T11:26:40.887Z,2026-01-30T11:26:42.500Z,1613,FG-B,BATCH-1014,DAY,normal,0,0
7210,2026-01-30T11:26:42.500Z,2026-01-30T11:26:44.014Z,1514,FG-B,BATCH-1014,DAY,normal,0,0
7211,2026-01-30T11:26:44.014Z,2026-01-30T11:26:45.612Z,1598,FG-B,BATCH-1014,DAY,normal,0,0
7212,2026-01-30T11:26:45.612Z,2026-01-30T11:26:57.782Z,12170,FG-B,BATCH-1014,DAY,long_gap,1,1
7213,2026-01-30T11:26:57.782Z,2026-01-30T11:26:59.205Z,1423,FG-B,BATCH-1014,DAY,normal,0,0
7214,2026-01-30T11:26:59.205Z,2026-01-30T11:27:00.612Z,1407,FG-B,BATCH-1014,DAY,normal,0,0
7215,2026-01-30T11:27:00.612Z,2026-01-30T11:27:02.024Z,1412,FG-B,BATCH-1014,DAY,fast_cycle,0,0
7216,2026-01-30T11:27:02.024Z,2026-01-30T11:27:03.588Z,1564,FG-B,BATCH-1014,DAY,normal,0,0
7217,2026-01-30T11:27:03.588Z,2026-01-30T11:27:05.129Z,1541,FG-B,BATCH-1014,DAY,normal,0,0
7218,2026-01-30T11:27:05.129Z,2026-01-30T11:27:06.622Z,1493,FG-B,BATCH-1014,DAY,normal,0,0
7219,2026-01-30T11:27:06.622Z,2026-01-30T11:27:08.258Z,1636,FG-B,BATCH-1014,DAY,normal,0,0
7220,2026-01-30T11:27:08.258Z,2026-01-30T11:27:09.599Z,1341,FG-B,BATCH-1014,DAY,normal,0,0
7221,2026-01-30T11:27:09.599Z,2026-01-30T11:27:11.145Z,1546,FG-B,BATCH-1014,DAY,normal,0,0
7222,2026-01-30T11:27:11.145Z,2026-01-30T11:27:12.617Z,1472,FG-B,BATCH-1014,DAY,normal,0,0
7223,2026-01-30T11:27:12.617Z,2026-01-30T11:27:14.170Z,1553,FG-B,BATCH-1014,DAY,normal,0,0
7224,2026-01-30T11:27:14.170Z,2026-01-30T11:27:15.602Z,1432,FG-B,BATCH-1014,DAY,normal,0,0
7225,2026-01-30T11:27:15.602Z,2026-01-30T11:27:17.053Z,1451,FG-B,BATCH-1014,DAY,normal,0,0
7226,2026-01-30T11:27:17.053Z,2026-01-30T11:27:18.523Z,1470,FG-B,BATCH-1014,DAY,normal,0,0
7227,2026-01-30T11:27:18.523Z,2026-01-30T11:27:20.129Z,1606,FG-B,BATCH-1014,DAY,normal,0,0
7228,2026-01-30T11:27:20.129Z,2026-01-30T11:27:21.587Z,1458,FG-B,BATCH-1014,DAY,normal,0,0
7229,2026-01-30T11:27:21.587Z,2026-01-30T11:27:22.931Z,1344,FG-B,BATCH-1014,DAY,normal,0,0
7230,2026-01-30T11:27:22.931Z,2026-01-30T11:27:24.320Z,1389,FG-B,BATCH-1014,DAY,normal,0,0
7231,2026-01-30T11:27:24.320Z,2026-01-30T11:27:25.927Z,1607,FG-B,BATCH-1014,DAY,normal,0,0
7232,2026-01-30T11:27:25.927Z,2026-01-30T11:27:27.463Z,1536,FG-B,BATCH-1014,DAY,normal,0,0
7233,2026-01-30T11:27:27.463Z,2026-01-30T11:27:28.899Z,1436,FG-B,BATCH-1014,DAY,normal,0,0
7234,2026-01-30T11:27:28.899Z,2026-01-30T11:27:29.967Z,1068,FG-B,BATCH-1014,DAY,fast_cycle,0,0
7235,2026-01-30T11:27:29.967Z,2026-01-30T11:27:31.554Z,1587,FG-B,BATCH-1014,DAY,normal,0,0
7236,2026-01-30T11:27:31.554Z,2026-01-30T11:27:33.939Z,2385,FG-B,BATCH-1014,DAY,slow_cycle,0,1
7237,2026-01-30T11:27:33.939Z,2026-01-30T11:27:35.579Z,1640,FG-B,BATCH-1014,DAY,normal,0,0
7238,2026-01-30T11:27:35.579Z,2026-01-30T11:27:37.215Z,1636,FG-B,BATCH-1014,DAY,normal,0,0
7239,2026-01-30T11:27:37.215Z,2026-01-30T11:27:38.729Z,1514,FG-B,BATCH-1014,DAY,normal,0,0
7240,2026-01-30T11:27:38.729Z,2026-01-30T11:27:40.280Z,1551,FG-B,BATCH-1014,DAY,normal,0,0
7241,2026-01-30T11:27:40.280Z,2026-01-30T11:27:42.659Z,2379,FG-B,BATCH-1014,DAY,slow_cycle,0,1
7242,2026-01-30T11:27:42.659Z,2026-01-30T11:27:44.100Z,1441,FG-B,BATCH-1014,DAY,normal,0,0
7243,2026-01-30T11:27:44.100Z,2026-01-30T11:27:45.644Z,1544,FG-B,BATCH-1014,DAY,normal,0,0
7244,2026-01-30T11:27:45.644Z,2026-01-30T11:27:47.195Z,1551,FG-B,BATCH-1014,DAY,normal,0,0
7245,2026-01-30T11:27:47.195Z,2026-01-30T11:27:48.775Z,1580,FG-B,BATCH-1014,DAY,normal,0,0
7246,2026-01-30T11:27:48.775Z,2026-01-30T11:27:50.342Z,1567,FG-B,BATCH-1014,DAY,normal,0,0
7247,2026-01-30T11:27:50.342Z,2026-01-30T11:27:51.760Z,1418,FG-B,BATCH-1014,DAY,normal,0,0
7248,2026-01-30T11:27:51.760Z,2026-01-30T11:27:53.098Z,1338,FG-B,BATCH-1014,DAY,normal,0,0
7249,2026-01-30T11:27:53.098Z,2026-01-30T11:27:54.636Z,1538,FG-B,BATCH-1014,DAY,normal,0,0
7250,2026-01-30T11:27:54.636Z,2026-01-30T11:27:56.265Z,1629,FG-B,BATCH-1014,DAY,normal,0,0
7251,2026-01-30T11:27:56.265Z,2026-01-30T11:27:57.710Z,1445,FG-B,BATCH-1014,DAY,normal,0,0
7252,2026-01-30T11:27:57.710Z,2026-01-30T11:27:59.170Z,1460,FG-B,BATCH-1014,DAY,normal,0,0
7253,2026-01-30T11:27:59.170Z,2026-01-30T11:28:00.927Z,1757,FG-B,BATCH-1014,DAY,normal,0,0
7254,2026-01-30T11:28:00.927Z,2026-01-30T11:28:02.289Z,1362,FG-B,BATCH-1014,DAY,normal,0,0
7255,2026-01-30T11:28:02.289Z,2026-01-30T11:28:03.753Z,1464,FG-B,BATCH-1014,DAY,normal,0,0
7256,2026-01-30T11:28:03.753Z,2026-01-30T11:28:05.236Z,1483,FG-B,BATCH-1014,DAY,normal,0,0
7257,2026-01-30T11:28:05.236Z,2026-01-30T11:28:06.816Z,1580,FG-B,BATCH-1014,DAY,normal,0,0
7258,2026-01-30T11:28:06.816Z,2026-01-30T11:28:08.327Z,1511,FG-B,BATCH-1014,DAY,normal,0,0
7259,2026-01-30T11:28:08.327Z,2026-01-30T11:28:09.732Z,1405,FG-B,BATCH-1014,DAY,normal,0,0
7260,2026-01-30T11:28:09.732Z,2026-01-30T11:28:11.173Z,1441,FG-B,BATCH-1014,DAY,normal,0,0
7261,2026-01-30T11:28:11.173Z,2026-01-30T11:28:12.591Z,1418,FG-B,BATCH-1014,DAY,normal,0,0
7262,2026-01-30T11:28:12.591Z,2026-01-30T11:28:15.699Z,3108,FG-B,BATCH-1014,DAY,slow_cycle,0,1
7263,2026-01-30T11:28:15.699Z,2026-01-30T11:28:17.326Z,1627,FG-B,BATCH-1014,DAY,normal,0,0
7264,2026-01-30T11:28:17.326Z,2026-01-30T11:28:18.972Z,1646,FG-B,BATCH-1014,DAY,normal,0,0
7265,2026-01-30T11:28:18.972Z,2026-01-30T11:28:20.488Z,1516,FG-B,BATCH-1014,DAY,normal,0,0
7266,2026-01-30T11:28:20.488Z,2026-01-30T11:28:21.811Z,1323,FG-B,BATCH-1014,DAY,normal,0,0
7267,2026-01-30T11:28:21.811Z,2026-01-30T11:28:23.233Z,1422,FG-B,BATCH-1014,DAY,normal,0,0
7268,2026-01-30T11:28:23.233Z,2026-01-30T11:28:24.749Z,1516,FG-B,BATCH-1014,DAY,normal,0,0
7269,2026-01-30T11:28:24.749Z,2026-01-30T11:28:26.443Z,1694,FG-B,BATCH-1014,DAY,normal,0,0
7270,2026-01-30T11:28:26.443Z,2026-01-30T11:28:27.761Z,1318,FG-B,BATCH-1014,DAY,normal,0,0
7271,2026-01-30T11:28:27.761Z,2026-01-30T11:28:29.182Z,1421,FG-B,BATCH-1014,DAY,normal,0,0
7272,2026-01-30T11:28:29.182Z,2026-01-30T11:28:30.772Z,1590,FG-B,BATCH-1014,DAY,normal,0,0
7273,2026-01-30T11:28:30.772Z,2026-01-30T11:28:32.114Z,1342,FG-B,BATCH-1014,DAY,normal,0,0
7274,2026-01-30T11:28:32.114Z,2026-01-30T11:28:33.535Z,1421,FG-B,BATCH-1014,DAY,normal,0,0
7275,2026-01-30T11:28:33.535Z,2026-01-30T11:28:34.932Z,1397,FG-B,BATCH-1014,DAY,normal,0,0
7276,2026-01-30T11:28:34.932Z,2026-01-30T11:28:36.467Z,1535,FG-B,BATCH-1014,DAY,normal,0,0
7277,2026-01-30T11:28:36.467Z,2026-01-30T11:28:37.803Z,1336,FG-B,BATCH-1014,DAY,normal,0,0
7278,2026-01-30T11:28:37.803Z,2026-01-30T11:28:39.426Z,1623,FG-B,BATCH-1014,DAY,normal,0,0
7279,2026-01-30T11:28:39.426Z,2026-01-30T11:28:41.079Z,1653,FG-B,BATCH-1014,DAY,normal,0,0
7280,2026-01-30T11:28:41.079Z,2026-01-30T11:28:42.552Z,1473,FG-B,BATCH-1014,DAY,normal,0,0
7281,2026-01-30T11:28:42.552Z,2026-01-30T11:28:44.051Z,1499,FG-B,BATCH-1014,DAY,normal,0,0
7282,2026-01-30T11:28:44.051Z,2026-01-30T11:28:45.600Z,1549,FG-B,BATCH-1014,DAY,normal,0,0
7283,2026-01-30T11:28:45.600Z,2026-01-30T11:28:46.925Z,1325,FG-B,BATCH-1014,DAY,normal,0,0
7284,2026-01-30T11:28:46.925Z,2026-01-30T11:28:48.593Z,1668,FG-B,BATCH-1014,DAY,normal,0,0
7285,2026-01-30T11:28:48.593Z,2026-01-30T11:28:49.931Z,1338,FG-B,BATCH-1014,DAY,normal,0,0
7286,2026-01-30T11:28:49.931Z,2026-01-30T11:28:51.544Z,1613,FG-B,BATCH-1014,DAY,normal,0,0
7287,2026-01-30T11:28:51.544Z,2026-01-30T11:28:52.920Z,1376,FG-B,BATCH-1014,DAY,normal,0,0
7288,2026-01-30T11:28:52.920Z,2026-01-30T11:28:54.458Z,1538,FG-B,BATCH-1014,DAY,normal,0,0
7289,2026-01-30T11:28:54.458Z,2026-01-30T11:28:55.881Z,1423,FG-B,BATCH-1014,DAY,normal,0,0
7290,2026-01-30T11:28:55.881Z,2026-01-30T11:28:58.897Z,3016,FG-B,BATCH-1014,DAY,slow_cycle,0,1
7291,2026-01-30T11:28:58.897Z,2026-01-30T11:29:00.464Z,1567,FG-B,BATCH-1014,DAY,normal,0,0
7292,2026-01-30T11:29:00.464Z,2026-01-30T11:29:01.919Z,1455,FG-B,BATCH-1014,DAY,normal,0,0
7293,2026-01-30T11:29:01.919Z,2026-01-30T11:29:03.360Z,1441,FG-B,BATCH-1014,DAY,normal,0,0
7294,2026-01-30T11:29:03.360Z,2026-01-30T11:29:04.845Z,1485,FG-B,BATCH-1014,DAY,normal,0,0
7295,2026-01-30T11:29:04.845Z,2026-01-30T11:29:06.321Z,1476,FG-B,BATCH-1014,DAY,normal,0,0
7296,2026-01-30T11:29:06.321Z,2026-01-30T11:29:07.911Z,1590,FG-B,BATCH-1014,DAY,normal,0,0
7297,2026-01-30T11:29:07.911Z,2026-01-30T11:29:09.431Z,1520,FG-B,BATCH-1014,DAY,normal,0,0
7298,2026-01-30T11:29:09.431Z,2026-01-30T11:29:10.845Z,1414,FG-B,BATCH-1014,DAY,normal,0,0
7299,2026-01-30T11:29:10.845Z,2026-01-30T11:29:12.190Z,1345,FG-B,BATCH-1014,DAY,normal,0,0
7300,2026-01-30T11:29:12.190Z,2026-01-30T11:29:13.574Z,1384,FG-B,BATCH-1014,DAY,normal,0,0
7301,2026-01-30T11:29:13.574Z,2026-01-30T11:29:16.761Z,3187,FG-B,BATCH-1014,DAY,slow_cycle,0,1
7302,2026-01-30T11:29:16.761Z,2026-01-30T11:29:18.282Z,1521,FG-B,BATCH-1014,DAY,normal,0,0
7303,2026-01-30T11:29:18.282Z,2026-01-30T11:29:19.812Z,1530,FG-B,BATCH-1014,DAY,normal,0,0
7304,2026-01-30T11:29:19.812Z,2026-01-30T11:29:21.196Z,1384,FG-B,BATCH-1014,DAY,normal,0,0
7305,2026-01-30T11:29:21.196Z,2026-01-30T11:29:22.488Z,1292,FG-B,BATCH-1014,DAY,normal,0,0
7306,2026-01-30T11:29:22.488Z,2026-01-30T11:29:23.989Z,1501,FG-B,BATCH-1014,DAY,normal,0,0
7307,2026-01-30T11:29:23.989Z,2026-01-30T11:29:25.521Z,1532,FG-B,BATCH-1014,DAY,normal,0,0
7308,2026-01-30T11:29:25.521Z,2026-01-30T11:29:26.909Z,1388,FG-B,BATCH-1014,DAY,normal,0,0
7309,2026-01-30T11:29:26.909Z,2026-01-30T11:29:28.521Z,1612,FG-B,BATCH-1014,DAY,normal,0,0
7310,2026-01-30T11:29:28.521Z,2026-01-30T11:29:30.021Z,1500,FG-B,BATCH-1014,DAY,normal,0,0
7311,2026-01-30T11:29:30.021Z,2026-01-30T11:29:31.508Z,1487,FG-B,BATCH-1014,DAY,normal,0,0
7312,2026-01-30T11:29:31.508Z,2026-01-30T11:29:32.955Z,1447,FG-B,BATCH-1014,DAY,normal,0,0
7313,2026-01-30T11:29:32.955Z,2026-01-30T11:29:34.589Z,1634,FG-B,BATCH-1014,DAY,normal,0,0
7314,2026-01-30T11:29:34.589Z,2026-01-30T11:29:35.952Z,1363,FG-B,BATCH-1014,DAY,normal,0,0
7315,2026-01-30T11:29:35.952Z,2026-01-30T11:29:37.409Z,1457,FG-B,BATCH-1014,DAY,normal,0,0
7316,2026-01-30T11:29:37.409Z,2026-01-30T11:29:39.051Z,1642,FG-B,BATCH-1014,DAY,normal,0,0
7317,2026-01-30T11:29:39.051Z,2026-01-30T11:29:40.465Z,1414,FG-B,BATCH-1014,DAY,normal,0,0
7318,2026-01-30T11:29:40.465Z,2026-01-30T11:29:41.876Z,1411,FG-B,BATCH-1014,DAY,normal,0,0
7319,2026-01-30T11:29:41.876Z,2026-01-30T11:29:43.583Z,1707,FG-B,BATCH-1014,DAY,normal,0,0
7320,2026-01-30T11:29:43.583Z,2026-01-30T11:29:45.122Z,1539,FG-B,BATCH-1014,DAY,normal,0,0
7321,2026-01-30T11:29:45.122Z,2026-01-30T11:29:46.550Z,1428,FG-B,BATCH-1014,DAY,normal,0,0
7322,2026-01-30T11:29:46.550Z,2026-01-30T11:29:48.100Z,1550,FG-B,BATCH-1014,DAY,normal,0,0
7323,2026-01-30T11:29:48.100Z,2026-01-30T11:29:49.440Z,1340,FG-B,BATCH-1014,DAY,normal,0,0
7324,2026-01-30T11:29:49.440Z,2026-01-30T11:29:51.073Z,1633,FG-B,BATCH-1014,DAY,normal,0,0
7325,2026-01-30T11:29:51.073Z,2026-01-30T11:29:52.454Z,1381,FG-B,BATCH-1014,DAY,normal,0,0
7326,2026-01-30T11:29:52.454Z,2026-01-30T11:29:54.118Z,1664,FG-B,BATCH-1014,DAY,normal,0,0
7327,2026-01-30T11:29:54.118Z,2026-01-30T11:29:55.642Z,1524,FG-B,BATCH-1014,DAY,normal,0,0
7328,2026-01-30T11:29:55.642Z,2026-01-30T11:29:57.244Z,1602,FG-B,BATCH-1014,DAY,normal,0,0
7329,2026-01-30T11:29:57.244Z,2026-01-30T11:29:58.715Z,1471,FG-B,BATCH-1014,DAY,normal,0,0
7330,2026-01-30T11:29:58.715Z,2026-01-30T11:30:00.331Z,1616,FG-B,BATCH-1014,DAY,normal,0,0
7331,2026-01-30T11:30:00.331Z,2026-01-30T11:30:01.842Z,1511,FG-B,BATCH-1014,DAY,normal,0,0
7332,2026-01-30T11:30:01.842Z,2026-01-30T11:30:03.411Z,1569,FG-B,BATCH-1014,DAY,normal,0,0
7333,2026-01-30T11:30:03.411Z,2026-01-30T11:30:05.057Z,1646,FG-B,BATCH-1014,DAY,normal,0,0
7334,2026-01-30T11:30:05.057Z,2026-01-30T11:30:06.806Z,1749,FG-B,BATCH-1014,DAY,normal,0,0
7335,2026-01-30T11:30:06.806Z,2026-01-30T11:30:08.076Z,1270,FG-B,BATCH-1014,DAY,fast_cycle,0,0
7336,2026-01-30T11:30:08.076Z,2026-01-30T11:30:09.717Z,1641,FG-B,BATCH-1014,DAY,normal,0,0
7337,2026-01-30T11:30:09.717Z,2026-01-30T11:30:11.305Z,1588,FG-B,BATCH-1014,DAY,normal,0,0
7338,2026-01-30T11:30:11.305Z,2026-01-30T11:30:12.920Z,1615,FG-B,BATCH-1014,DAY,normal,0,0
7339,2026-01-30T11:30:12.920Z,2026-01-30T11:30:14.476Z,1556,FG-B,BATCH-1014,DAY,normal,0,0
7340,2026-01-30T11:30:14.476Z,2026-01-30T11:30:16.041Z,1565,FG-B,BATCH-1014,DAY,normal,0,0
7341,2026-01-30T11:30:16.041Z,2026-01-30T11:30:17.683Z,1642,FG-B,BATCH-1014,DAY,normal,0,0
7342,2026-01-30T11:30:17.683Z,2026-01-30T11:30:19.302Z,1619,FG-B,BATCH-1014,DAY,normal,0,0
7343,2026-01-30T11:30:19.302Z,2026-01-30T11:30:20.946Z,1644,FG-B,BATCH-1014,DAY,normal,0,0
7344,2026-01-30T11:30:20.946Z,2026-01-30T11:30:22.580Z,1634,FG-B,BATCH-1014,DAY,normal,0,0
7345,2026-01-30T11:30:22.580Z,2026-01-30T11:30:24.115Z,1535,FG-B,BATCH-1014,DAY,normal,0,0
7346,2026-01-30T11:30:24.115Z,2026-01-30T11:30:25.717Z,1602,FG-B,BATCH-1014,DAY,normal,0,0
7347,2026-01-30T11:30:25.717Z,2026-01-30T11:30:27.369Z,1652,FG-B,BATCH-1014,DAY,normal,0,0
7348,2026-01-30T11:30:27.369Z,2026-01-30T11:30:28.737Z,1368,FG-B,BATCH-1014,DAY,normal,0,0
7349,2026-01-30T11:30:28.737Z,2026-01-30T11:30:30.369Z,1632,FG-B,BATCH-1014,DAY,normal,0,0
7350,2026-01-30T11:30:30.369Z,2026-01-30T11:30:31.825Z,1456,FG-B,BATCH-1014,DAY,normal,0,0
7351,2026-01-30T11:30:31.825Z,2026-01-30T11:30:33.449Z,1624,FG-B,BATCH-1014,DAY,normal,0,0
7352,2026-01-30T11:30:33.449Z,2026-01-30T11:30:34.945Z,1496,FG-B,BATCH-1014,DAY,normal,0,0
7353,2026-01-30T11:30:34.945Z,2026-01-30T11:30:36.294Z,1349,FG-B,BATCH-1014,DAY,normal,0,0
7354,2026-01-30T11:30:36.294Z,2026-01-30T11:30:37.940Z,1646,FG-B,BATCH-1014,DAY,normal,0,0
7355,2026-01-30T11:30:37.940Z,2026-01-30T11:30:39.450Z,1510,FG-B,BATCH-1014,DAY,normal,0,0
7356,2026-01-30T11:30:39.450Z,2026-01-30T11:30:40.978Z,1528,FG-B,BATCH-1014,DAY,normal,0,0
7357,2026-01-30T11:30:40.978Z,2026-01-30T11:30:42.482Z,1504,FG-B,BATCH-1014,DAY,normal,0,0
7358,2026-01-30T11:30:42.482Z,2026-01-30T11:30:43.986Z,1504,FG-B,BATCH-1014,DAY,normal,0,0
7359,2026-01-30T11:30:43.986Z,2026-01-30T11:30:45.761Z,1775,FG-B,BATCH-1014,DAY,normal,0,0
7360,2026-01-30T11:30:45.761Z,2026-01-30T11:30:47.328Z,1567,FG-B,BATCH-1014,DAY,normal,0,0
7361,2026-01-30T11:30:47.328Z,2026-01-30T11:30:48.879Z,1551,FG-B,BATCH-1014,DAY,normal,0,0
7362,2026-01-30T11:30:48.879Z,2026-01-30T11:30:50.461Z,1582,FG-B,BATCH-1014,DAY,normal,0,0
7363,2026-01-30T11:30:50.461Z,2026-01-30T11:30:51.958Z,1497,FG-B,BATCH-1014,DAY,normal,0,0
7364,2026-01-30T11:30:51.958Z,2026-01-30T11:30:53.270Z,1312,FG-B,BATCH-1014,DAY,normal,0,0
7365,2026-01-30T11:30:53.270Z,2026-01-30T11:30:54.839Z,1569,FG-B,BATCH-1014,DAY,normal,0,0
7366,2026-01-30T11:30:54.839Z,2026-01-30T11:30:56.571Z,1732,FG-B,BATCH-1014,DAY,normal,0,0
7367,2026-01-30T11:30:56.571Z,2026-01-30T11:30:58.090Z,1519,FG-B,BATCH-1014,DAY,normal,0,0
7368,2026-01-30T11:30:58.090Z,2026-01-30T11:30:59.663Z,1573,FG-B,BATCH-1014,DAY,normal,0,0
7369,2026-01-30T11:30:59.663Z,2026-01-30T11:31:01.267Z,1604,FG-B,BATCH-1014,DAY,normal,0,0
7370,2026-01-30T11:31:01.267Z,2026-01-30T11:31:02.912Z,1645,FG-B,BATCH-1014,DAY,normal,0,0
7371,2026-01-30T11:31:02.912Z,2026-01-30T11:31:04.201Z,1289,FG-B,BATCH-1014,DAY,normal,0,0
7372,2026-01-30T11:31:04.201Z,2026-01-30T11:31:05.476Z,1275,FG-B,BATCH-1014,DAY,normal,0,0
7373,2026-01-30T11:31:05.476Z,2026-01-30T11:31:06.926Z,1450,FG-B,BATCH-1014,DAY,normal,0,0
7374,2026-01-30T11:31:06.926Z,2026-01-30T11:31:08.261Z,1335,FG-B,BATCH-1014,DAY,normal,0,0
7375,2026-01-30T11:31:08.261Z,2026-01-30T11:31:09.851Z,1590,FG-B,BATCH-1014,DAY,normal,0,0
7376,2026-01-30T11:31:09.851Z,2026-01-30T11:31:11.248Z,1397,FG-B,BATCH-1014,DAY,normal,0,0
7377,2026-01-30T11:31:11.248Z,2026-01-30T11:31:12.689Z,1441,FG-B,BATCH-1014,DAY,normal,0,0
7378,2026-01-30T11:31:12.689Z,2026-01-30T11:31:14.395Z,1706,FG-B,BATCH-1014,DAY,normal,0,0
7379,2026-01-30T11:31:14.395Z,2026-01-30T11:31:19.811Z,5416,FG-B,BATCH-1014,DAY,jam_recovery,1,1
7380,2026-01-30T11:31:19.811Z,2026-01-30T11:31:21.009Z,1198,FG-B,BATCH-1014,DAY,fast_cycle,0,0
7381,2026-01-30T11:31:21.009Z,2026-01-30T11:31:22.567Z,1558,FG-B,BATCH-1014,DAY,normal,0,0
7382,2026-01-30T11:31:22.567Z,2026-01-30T11:31:24.139Z,1572,FG-B,BATCH-1014,DAY,normal,0,0
7383,2026-01-30T11:31:24.139Z,2026-01-30T11:31:25.581Z,1442,FG-B,BATCH-1014,DAY,normal,0,0
7384,2026-01-30T11:31:25.581Z,2026-01-30T11:31:27.235Z,1654,FG-B,BATCH-1014,DAY,normal,0,0
7385,2026-01-30T11:31:27.235Z,2026-01-30T11:31:28.673Z,1438,FG-B,BATCH-1014,DAY,normal,0,0
7386,2026-01-30T11:31:28.673Z,2026-01-30T11:31:30.231Z,1558,FG-B,BATCH-1014,DAY,normal,0,0
7387,2026-01-30T11:31:30.231Z,2026-01-30T11:31:31.737Z,1506,FG-B,BATCH-1014,DAY,normal,0,0
7388,2026-01-30T11:31:31.737Z,2026-01-30T11:31:33.408Z,1671,FG-B,BATCH-1014,DAY,normal,0,0
7389,2026-01-30T11:31:33.408Z,2026-01-30T11:31:34.794Z,1386,FG-B,BATCH-1014,DAY,normal,0,0
7390,2026-01-30T11:31:34.794Z,2026-01-30T11:31:36.369Z,1575,FG-B,BATCH-1014,DAY,normal,0,0
7391,2026-01-30T11:31:36.369Z,2026-01-30T11:31:37.932Z,1563,FG-B,BATCH-1014,DAY,normal,0,0
7392,2026-01-30T11:31:37.932Z,2026-01-30T11:31:39.514Z,1582,FG-B,BATCH-1014,DAY,normal,0,0
7393,2026-01-30T11:31:39.514Z,2026-01-30T11:31:41.145Z,1631,FG-B,BATCH-1014,DAY,normal,0,0
7394,2026-01-30T11:31:41.145Z,2026-01-30T11:31:42.655Z,1510,FG-B,BATCH-1014,DAY,normal,0,0
7395,2026-01-30T11:31:42.655Z,2026-01-30T11:31:44.052Z,1397,FG-B,BATCH-1014,DAY,normal,0,0
7396,2026-01-30T11:31:44.052Z,2026-01-30T11:31:45.667Z,1615,FG-B,BATCH-1014,DAY,normal,0,0
7397,2026-01-30T11:31:45.667Z,2026-01-30T11:31:47.021Z,1354,FG-B,BATCH-1014,DAY,normal,0,0
7398,2026-01-30T11:31:47.021Z,2026-01-30T11:31:48.581Z,1560,FG-B,BATCH-1014,DAY,normal,0,0
7399,2026-01-30T11:31:48.581Z,2026-01-30T11:31:50.059Z,1478,FG-B,BATCH-1014,DAY,normal,0,0
7400,2026-01-30T11:31:50.059Z,2026-01-30T11:31:51.652Z,1593,FG-B,BATCH-1014,DAY,normal,0,0
7401,2026-01-30T11:31:51.652Z,2026-01-30T11:31:53.191Z,1539,FG-B,BATCH-1014,DAY,normal,0,0
7402,2026-01-30T11:31:53.191Z,2026-01-30T11:31:54.882Z,1691,FG-B,BATCH-1014,DAY,normal,0,0
7403,2026-01-30T11:31:54.882Z,2026-01-30T11:31:56.432Z,1550,FG-B,BATCH-1014,DAY,normal,0,0
7404,2026-01-30T11:31:56.432Z,2026-01-30T11:31:57.829Z,1397,FG-B,BATCH-1014,DAY,normal,0,0
7405,2026-01-30T11:31:57.829Z,2026-01-30T11:31:59.417Z,1588,FG-B,BATCH-1014,DAY,normal,0,0
7406,2026-01-30T11:31:59.417Z,2026-01-30T11:32:00.914Z,1497,FG-B,BATCH-1014,DAY,normal,0,0
7407,2026-01-30T11:32:00.914Z,2026-01-30T11:32:02.349Z,1435,FG-B,BATCH-1014,DAY,normal,0,0
7408,2026-01-30T11:32:02.349Z,2026-01-30T11:32:03.739Z,1390,FG-B,BATCH-1014,DAY,normal,0,0
7409,2026-01-30T11:32:03.739Z,2026-01-30T11:32:05.358Z,1619,FG-B,BATCH-1014,DAY,normal,0,0
7410,2026-01-30T11:32:05.358Z,2026-01-30T11:32:06.880Z,1522,FG-B,BATCH-1014,DAY,normal,0,0
7411,2026-01-30T11:32:06.880Z,2026-01-30T11:32:08.411Z,1531,FG-B,BATCH-1014,DAY,normal,0,0
7412,2026-01-30T11:32:08.411Z,2026-01-30T11:32:09.970Z,1559,FG-B,BATCH-1014,DAY,normal,0,0
7413,2026-01-30T11:32:09.970Z,2026-01-30T11:32:11.446Z,1476,FG-B,BATCH-1014,DAY,normal,0,0
7414,2026-01-30T11:32:11.446Z,2026-01-30T11:32:13.132Z,1686,FG-B,BATCH-1014,DAY,normal,0,0
7415,2026-01-30T11:32:13.132Z,2026-01-30T11:32:14.908Z,1776,FG-B,BATCH-1014,DAY,normal,0,0
7416,2026-01-30T11:32:14.908Z,2026-01-30T11:32:16.520Z,1612,FG-B,BATCH-1014,DAY,normal,0,0
7417,2026-01-30T11:32:16.520Z,2026-01-30T11:32:18.055Z,1535,FG-B,BATCH-1014,DAY,normal,0,0
7418,2026-01-30T11:32:18.055Z,2026-01-30T11:32:19.544Z,1489,FG-B,BATCH-1014,DAY,normal,0,0
7419,2026-01-30T11:32:19.544Z,2026-01-30T11:32:20.982Z,1438,FG-B,BATCH-1014,DAY,normal,0,0
7420,2026-01-30T11:32:20.982Z,2026-01-30T11:32:22.379Z,1397,FG-B,BATCH-1014,DAY,normal,0,0
7421,2026-01-30T11:32:22.379Z,2026-01-30T11:32:23.724Z,1345,FG-B,BATCH-1014,DAY,normal,0,0
7422,2026-01-30T11:32:23.724Z,2026-01-30T11:32:25.206Z,1482,FG-B,BATCH-1014,DAY,normal,0,0
7423,2026-01-30T11:32:25.206Z,2026-01-30T11:32:26.818Z,1612,FG-B,BATCH-1014,DAY,normal,0,0
7424,2026-01-30T11:32:26.818Z,2026-01-30T11:32:28.468Z,1650,FG-B,BATCH-1014,DAY,normal,0,0
7425,2026-01-30T11:32:28.468Z,2026-01-30T11:32:30.026Z,1558,FG-B,BATCH-1014,DAY,normal,0,0
7426,2026-01-30T11:32:30.026Z,2026-01-30T11:32:31.435Z,1409,FG-B,BATCH-1014,DAY,normal,0,0
7427,2026-01-30T11:32:31.435Z,2026-01-30T11:32:33.018Z,1583,FG-B,BATCH-1014,DAY,normal,0,0
7428,2026-01-30T11:32:33.018Z,2026-01-30T11:32:34.601Z,1583,FG-B,BATCH-1014,DAY,normal,0,0
7429,2026-01-30T11:32:34.601Z,2026-01-30T11:32:38.996Z,4395,FG-B,BATCH-1014,DAY,jam_recovery,0,1
7430,2026-01-30T11:32:38.996Z,2026-01-30T11:32:40.650Z,1654,FG-B,BATCH-1014,DAY,normal,0,0
7431,2026-01-30T11:32:40.650Z,2026-01-30T11:32:42.205Z,1555,FG-B,BATCH-1014,DAY,normal,0,0
7432,2026-01-30T11:32:42.205Z,2026-01-30T11:32:43.484Z,1279,FG-B,BATCH-1014,DAY,normal,0,0
7433,2026-01-30T11:32:43.484Z,2026-01-30T11:32:44.944Z,1460,FG-B,BATCH-1014,DAY,normal,0,0
7434,2026-01-30T11:32:44.944Z,2026-01-30T11:32:46.393Z,1449,FG-B,BATCH-1014,DAY,normal,0,0
7435,2026-01-30T11:32:46.393Z,2026-01-30T11:32:47.917Z,1524,FG-B,BATCH-1014,DAY,normal,0,0
7436,2026-01-30T11:32:47.917Z,2026-01-30T11:32:49.364Z,1447,FG-B,BATCH-1014,DAY,normal,0,0
7437,2026-01-30T11:32:49.364Z,2026-01-30T11:32:51.024Z,1660,FG-B,BATCH-1014,DAY,normal,0,0
7438,2026-01-30T11:32:51.024Z,2026-01-30T11:32:52.505Z,1481,FG-B,BATCH-1014,DAY,normal,0,0
7439,2026-01-30T11:32:52.505Z,2026-01-30T11:32:53.971Z,1466,FG-B,BATCH-1014,DAY,normal,0,0
7440,2026-01-30T11:32:53.971Z,2026-01-30T11:32:55.332Z,1361,FG-B,BATCH-1014,DAY,normal,0,0
7441,2026-01-30T11:32:55.332Z,2026-01-30T11:32:56.905Z,1573,FG-B,BATCH-1014,DAY,normal,0,0
7442,2026-01-30T11:32:56.905Z,2026-01-30T11:32:58.350Z,1445,FG-B,BATCH-1014,DAY,normal,0,0
7443,2026-01-30T11:32:58.350Z,2026-01-30T11:32:59.910Z,1560,FG-B,BATCH-1014,DAY,normal,0,0
7444,2026-01-30T11:32:59.910Z,2026-01-30T11:33:01.361Z,1451,FG-B,BATCH-1014,DAY,normal,0,0
7445,2026-01-30T11:33:01.361Z,2026-01-30T11:33:02.944Z,1583,FG-B,BATCH-1014,DAY,normal,0,0
7446,2026-01-30T11:33:02.944Z,2026-01-30T11:33:04.460Z,1516,FG-B,BATCH-1014,DAY,normal,0,0
7447,2026-01-30T11:33:04.460Z,2026-01-30T11:33:05.970Z,1510,FG-B,BATCH-1014,DAY,normal,0,0
7448,2026-01-30T11:33:05.970Z,2026-01-30T11:33:07.545Z,1575,FG-B,BATCH-1014,DAY,normal,0,0
7449,2026-01-30T11:33:07.545Z,2026-01-30T11:33:08.833Z,1288,FG-B,BATCH-1014,DAY,normal,0,0
7450,2026-01-30T11:33:08.833Z,2026-01-30T11:33:10.471Z,1638,FG-B,BATCH-1014,DAY,normal,0,0
7451,2026-01-30T11:33:10.471Z,2026-01-30T11:33:11.981Z,1510,FG-B,BATCH-1014,DAY,normal,0,0
7452,2026-01-30T11:33:11.981Z,2026-01-30T11:33:13.588Z,1607,FG-B,BATCH-1014,DAY,normal,0,0
7453,2026-01-30T11:33:13.588Z,2026-01-30T11:33:15.224Z,1636,FG-B,BATCH-1014,DAY,normal,0,0
7454,2026-01-30T11:33:15.224Z,2026-01-30T11:33:16.742Z,1518,FG-B,BATCH-1014,DAY,normal,0,0
7455,2026-01-30T11:33:16.742Z,2026-01-30T11:33:18.217Z,1475,FG-B,BATCH-1014,DAY,normal,0,0
7456,2026-01-30T11:33:18.217Z,2026-01-30T11:33:19.648Z,1431,FG-B,BATCH-1014,DAY,normal,0,0
7457,2026-01-30T11:33:19.648Z,2026-01-30T11:33:21.125Z,1477,FG-B,BATCH-1014,DAY,normal,0,0
7458,2026-01-30T11:33:21.125Z,2026-01-30T11:33:33.376Z,12251,FG-B,BATCH-1014,DAY,long_gap,1,1
7459,2026-01-30T11:33:33.376Z,2026-01-30T11:33:34.876Z,1500,FG-B,BATCH-1014,DAY,normal,0,0
7460,2026-01-30T11:33:34.876Z,2026-01-30T11:33:36.429Z,1553,FG-B,BATCH-1014,DAY,normal,0,0
7461,2026-01-30T11:33:36.429Z,2026-01-30T11:33:37.870Z,1441,FG-B,BATCH-1014,DAY,normal,0,0
7462,2026-01-30T11:33:37.870Z,2026-01-30T11:33:39.300Z,1430,FG-B,BATCH-1014,DAY,normal,0,0
7463,2026-01-30T11:33:39.300Z,2026-01-30T11:33:40.666Z,1366,FG-B,BATCH-1014,DAY,normal,0,0
7464,2026-01-30T11:33:40.666Z,2026-01-30T11:33:42.183Z,1517,FG-B,BATCH-1014,DAY,normal,0,0
7465,2026-01-30T11:33:42.183Z,2026-01-30T11:33:47.174Z,4991,FG-B,BATCH-1014,DAY,jam_recovery,0,1
7466,2026-01-30T11:33:47.174Z,2026-01-30T11:33:48.804Z,1630,FG-B,BATCH-1014,DAY,normal,0,0
7467,2026-01-30T11:33:48.804Z,2026-01-30T11:33:50.511Z,1707,FG-B,BATCH-1014,DAY,normal,0,0
7468,2026-01-30T11:33:50.511Z,2026-01-30T11:33:52.086Z,1575,FG-B,BATCH-1014,DAY,normal,0,0
7469,2026-01-30T11:33:52.086Z,2026-01-30T11:33:53.556Z,1470,FG-B,BATCH-1014,DAY,normal,0,0
7470,2026-01-30T11:33:53.556Z,2026-01-30T11:33:54.993Z,1437,FG-B,BATCH-1014,DAY,normal,0,0
7471,2026-01-30T11:33:54.993Z,2026-01-30T11:33:56.546Z,1553,FG-B,BATCH-1014,DAY,normal,0,0
7472,2026-01-30T11:33:56.546Z,2026-01-30T11:33:58.029Z,1483,FG-B,BATCH-1014,DAY,normal,0,0
7473,2026-01-30T11:33:58.029Z,2026-01-30T11:33:59.520Z,1491,FG-B,BATCH-1014,DAY,normal,0,0
7474,2026-01-30T11:33:59.520Z,2026-01-30T11:34:00.987Z,1467,FG-B,BATCH-1014,DAY,normal,0,0
7475,2026-01-30T11:34:00.987Z,2026-01-30T11:34:02.375Z,1388,FG-B,BATCH-1014,DAY,normal,0,0
7476,2026-01-30T11:34:02.375Z,2026-01-30T11:34:03.938Z,1563,FG-B,BATCH-1014,DAY,normal,0,0
7477,2026-01-30T11:34:03.938Z,2026-01-30T11:34:05.409Z,1471,FG-B,BATCH-1014,DAY,normal,0,0
7478,2026-01-30T11:34:05.409Z,2026-01-30T11:34:07.040Z,1631,FG-B,BATCH-1014,DAY,normal,0,0
7479,2026-01-30T11:34:07.040Z,2026-01-30T11:34:08.498Z,1458,FG-B,BATCH-1014,DAY,normal,0,0
7480,2026-01-30T11:34:08.498Z,2026-01-30T11:34:10.019Z,1521,FG-B,BATCH-1014,DAY,normal,0,0
7481,2026-01-30T11:34:10.019Z,2026-01-30T11:34:11.693Z,1674,FG-B,BATCH-1014,DAY,normal,0,0
7482,2026-01-30T11:34:11.693Z,2026-01-30T11:34:13.234Z,1541,FG-B,BATCH-1014,DAY,normal,0,0
7483,2026-01-30T11:34:13.234Z,2026-01-30T11:34:14.613Z,1379,FG-B,BATCH-1014,DAY,normal,0,0
7484,2026-01-30T11:34:14.613Z,2026-01-30T11:34:16.232Z,1619,FG-B,BATCH-1014,DAY,normal,0,0
7485,2026-01-30T11:34:16.232Z,2026-01-30T11:34:17.731Z,1499,FG-B,BATCH-1014,DAY,normal,0,0
7486,2026-01-30T11:34:17.731Z,2026-01-30T11:34:19.325Z,1594,FG-B,BATCH-1014,DAY,normal,0,0
7487,2026-01-30T11:34:19.325Z,2026-01-30T11:34:20.833Z,1508,FG-B,BATCH-1014,DAY,normal,0,0
7488,2026-01-30T11:34:20.833Z,2026-01-30T11:34:22.251Z,1418,FG-B,BATCH-1014,DAY,normal,0,0
7489,2026-01-30T11:34:22.251Z,2026-01-30T11:34:23.691Z,1440,FG-B,BATCH-1014,DAY,normal,0,0
7490,2026-01-30T11:34:23.691Z,2026-01-30T11:34:25.264Z,1573,FG-B,BATCH-1014,DAY,normal,0,0
7491,2026-01-30T11:34:25.264Z,2026-01-30T11:34:26.778Z,1514,FG-B,BATCH-1014,DAY,normal,0,0
7492,2026-01-30T11:34:26.778Z,2026-01-30T11:34:28.444Z,1666,FG-B,BATCH-1014,DAY,normal,0,0
7493,2026-01-30T11:34:28.444Z,2026-01-30T11:34:29.997Z,1553,FG-B,BATCH-1014,DAY,normal,0,0
7494,2026-01-30T11:34:29.997Z,2026-01-30T11:34:32.728Z,2731,FG-B,BATCH-1014,DAY,slow_cycle,0,1
7495,2026-01-30T11:34:32.728Z,2026-01-30T11:34:34.221Z,1493,FG-B,BATCH-1014,DAY,normal,0,0
7496,2026-01-30T11:34:34.221Z,2026-01-30T11:34:35.677Z,1456,FG-B,BATCH-1014,DAY,normal,0,0
7497,2026-01-30T11:34:35.677Z,2026-01-30T11:34:37.048Z,1371,FG-B,BATCH-1014,DAY,normal,0,0
7498,2026-01-30T11:34:37.048Z,2026-01-30T11:34:38.546Z,1498,FG-B,BATCH-1014,DAY,normal,0,0
7499,2026-01-30T11:34:38.546Z,2026-01-30T11:34:40.043Z,1497,FG-B,BATCH-1014,DAY,normal,0,0
7500,2026-01-30T11:34:40.043Z,2026-01-30T11:34:41.267Z,1224,FG-C,BATCH-1015,DAY,normal,0,0
7501,2026-01-30T11:34:41.267Z,2026-01-30T11:34:42.583Z,1316,FG-C,BATCH-1015,DAY,normal,0,0
7502,2026-01-30T11:34:42.583Z,2026-01-30T11:34:43.970Z,1387,FG-C,BATCH-1015,DAY,normal,0,0
7503,2026-01-30T11:34:43.970Z,2026-01-30T11:34:45.390Z,1420,FG-C,BATCH-1015,DAY,normal,0,0
7504,2026-01-30T11:34:45.390Z,2026-01-30T11:34:50.618Z,5228,FG-C,BATCH-1015,DAY,jam_recovery,1,1
7505,2026-01-30T11:34:50.618Z,2026-01-30T11:34:51.998Z,1380,FG-C,BATCH-1015,DAY,normal,0,0
7506,2026-01-30T11:34:51.998Z,2026-01-30T11:34:53.385Z,1387,FG-C,BATCH-1015,DAY,normal,0,0
7507,2026-01-30T11:34:53.385Z,2026-01-30T11:34:54.881Z,1496,FG-C,BATCH-1015,DAY,normal,0,0
7508,2026-01-30T11:34:54.881Z,2026-01-30T11:34:56.277Z,1396,FG-C,BATCH-1015,DAY,normal,0,0
7509,2026-01-30T11:34:56.277Z,2026-01-30T11:34:57.734Z,1457,FG-C,BATCH-1015,DAY,normal,0,0
7510,2026-01-30T11:34:57.734Z,2026-01-30T11:34:59.283Z,1549,FG-C,BATCH-1015,DAY,normal,0,0
7511,2026-01-30T11:34:59.283Z,2026-01-30T11:35:00.585Z,1302,FG-C,BATCH-1015,DAY,normal,0,0
7512,2026-01-30T11:35:00.585Z,2026-01-30T11:35:01.933Z,1348,FG-C,BATCH-1015,DAY,normal,0,0
7513,2026-01-30T11:35:01.933Z,2026-01-30T11:35:03.340Z,1407,FG-C,BATCH-1015,DAY,normal,0,0
7514,2026-01-30T11:35:03.340Z,2026-01-30T11:35:04.988Z,1648,FG-C,BATCH-1015,DAY,normal,0,0
7515,2026-01-30T11:35:04.988Z,2026-01-30T11:35:06.474Z,1486,FG-C,BATCH-1015,DAY,normal,0,0
7516,2026-01-30T11:35:06.474Z,2026-01-30T11:35:07.847Z,1373,FG-C,BATCH-1015,DAY,normal,0,0
7517,2026-01-30T11:35:07.847Z,2026-01-30T11:35:09.136Z,1289,FG-C,BATCH-1015,DAY,normal,0,0
7518,2026-01-30T11:35:09.136Z,2026-01-30T11:35:10.560Z,1424,FG-C,BATCH-1015,DAY,normal,0,0
7519,2026-01-30T11:35:10.560Z,2026-01-30T11:35:11.953Z,1393,FG-C,BATCH-1015,DAY,normal,0,0
7520,2026-01-30T11:35:11.953Z,2026-01-30T11:35:13.198Z,1245,FG-C,BATCH-1015,DAY,normal,0,0
7521,2026-01-30T11:35:13.198Z,2026-01-30T11:35:14.462Z,1264,FG-C,BATCH-1015,DAY,normal,0,0
7522,2026-01-30T11:35:14.462Z,2026-01-30T11:35:15.847Z,1385,FG-C,BATCH-1015,DAY,normal,0,0
7523,2026-01-30T11:35:15.847Z,2026-01-30T11:35:17.271Z,1424,FG-C,BATCH-1015,DAY,normal,0,0
7524,2026-01-30T11:35:17.271Z,2026-01-30T11:35:18.614Z,1343,FG-C,BATCH-1015,DAY,normal,0,0
7525,2026-01-30T11:35:18.614Z,2026-01-30T11:35:20.043Z,1429,FG-C,BATCH-1015,DAY,normal,0,0
7526,2026-01-30T11:35:20.043Z,2026-01-30T11:35:21.277Z,1234,FG-C,BATCH-1015,DAY,normal,0,0
7527,2026-01-30T11:35:21.277Z,2026-01-30T11:35:22.664Z,1387,FG-C,BATCH-1015,DAY,normal,0,0
7528,2026-01-30T11:35:22.664Z,2026-01-30T11:35:24.138Z,1474,FG-C,BATCH-1015,DAY,normal,0,0
7529,2026-01-30T11:35:24.138Z,2026-01-30T11:35:25.621Z,1483,FG-C,BATCH-1015,DAY,normal,0,0
7530,2026-01-30T11:35:25.621Z,2026-01-30T11:35:27.010Z,1389,FG-C,BATCH-1015,DAY,normal,0,0
7531,2026-01-30T11:35:27.010Z,2026-01-30T11:35:28.443Z,1433,FG-C,BATCH-1015,DAY,normal,0,0
7532,2026-01-30T11:35:28.443Z,2026-01-30T11:35:29.693Z,1250,FG-C,BATCH-1015,DAY,normal,0,0
7533,2026-01-30T11:35:29.693Z,2026-01-30T11:35:31.105Z,1412,FG-C,BATCH-1015,DAY,normal,0,0
7534,2026-01-30T11:35:31.105Z,2026-01-30T11:35:32.506Z,1401,FG-C,BATCH-1015,DAY,normal,0,0
7535,2026-01-30T11:35:32.506Z,2026-01-30T11:35:33.980Z,1474,FG-C,BATCH-1015,DAY,normal,0,0
7536,2026-01-30T11:35:33.980Z,2026-01-30T11:35:35.318Z,1338,FG-C,BATCH-1015,DAY,normal,0,0
7537,2026-01-30T11:35:35.318Z,2026-01-30T11:35:36.870Z,1552,FG-C,BATCH-1015,DAY,normal,0,0
7538,2026-01-30T11:35:36.870Z,2026-01-30T11:35:38.222Z,1352,FG-C,BATCH-1015,DAY,normal,0,0
7539,2026-01-30T11:35:38.222Z,2026-01-30T11:35:39.748Z,1526,FG-C,BATCH-1015,DAY,normal,0,0
7540,2026-01-30T11:35:39.748Z,2026-01-30T11:35:41.106Z,1358,FG-C,BATCH-1015,DAY,normal,0,0
7541,2026-01-30T11:35:41.106Z,2026-01-30T11:35:42.662Z,1556,FG-C,BATCH-1015,DAY,normal,0,0
7542,2026-01-30T11:35:42.662Z,2026-01-30T11:35:44.246Z,1584,FG-C,BATCH-1015,DAY,normal,0,0
7543,2026-01-30T11:35:44.246Z,2026-01-30T11:35:45.839Z,1593,FG-C,BATCH-1015,DAY,normal,0,0
7544,2026-01-30T11:35:45.839Z,2026-01-30T11:35:47.297Z,1458,FG-C,BATCH-1015,DAY,normal,0,0
7545,2026-01-30T11:35:47.297Z,2026-01-30T11:35:48.624Z,1327,FG-C,BATCH-1015,DAY,normal,0,0
7546,2026-01-30T11:35:48.624Z,2026-01-30T11:35:53.963Z,5339,FG-C,BATCH-1015,DAY,jam_recovery,1,1
7547,2026-01-30T11:35:53.963Z,2026-01-30T11:35:55.224Z,1261,FG-C,BATCH-1015,DAY,normal,0,0
7548,2026-01-30T11:35:55.224Z,2026-01-30T11:35:56.661Z,1437,FG-C,BATCH-1015,DAY,normal,0,0
7549,2026-01-30T11:35:56.661Z,2026-01-30T11:35:58.217Z,1556,FG-C,BATCH-1015,DAY,normal,0,0
7550,2026-01-30T11:35:58.217Z,2026-01-30T11:35:59.769Z,1552,FG-C,BATCH-1015,DAY,normal,0,0
7551,2026-01-30T11:35:59.769Z,2026-01-30T11:36:01.332Z,1563,FG-C,BATCH-1015,DAY,normal,0,0
7552,2026-01-30T11:36:01.332Z,2026-01-30T11:36:02.810Z,1478,FG-C,BATCH-1015,DAY,normal,0,0
7553,2026-01-30T11:36:02.810Z,2026-01-30T11:36:12.239Z,9429,FG-C,BATCH-1015,DAY,long_gap,1,1
7554,2026-01-30T11:36:12.239Z,2026-01-30T11:36:13.722Z,1483,FG-C,BATCH-1015,DAY,normal,0,0
7555,2026-01-30T11:36:13.722Z,2026-01-30T11:36:15.156Z,1434,FG-C,BATCH-1015,DAY,normal,0,0
7556,2026-01-30T11:36:15.156Z,2026-01-30T11:36:16.594Z,1438,FG-C,BATCH-1015,DAY,normal,0,0
7557,2026-01-30T11:36:16.594Z,2026-01-30T11:36:18.054Z,1460,FG-C,BATCH-1015,DAY,normal,0,0
7558,2026-01-30T11:36:18.054Z,2026-01-30T11:36:19.382Z,1328,FG-C,BATCH-1015,DAY,normal,0,0
7559,2026-01-30T11:36:19.382Z,2026-01-30T11:36:20.788Z,1406,FG-C,BATCH-1015,DAY,normal,0,0
7560,2026-01-30T11:36:20.788Z,2026-01-30T11:36:22.097Z,1309,FG-C,BATCH-1015,DAY,normal,0,0
7561,2026-01-30T11:36:22.097Z,2026-01-30T11:36:23.524Z,1427,FG-C,BATCH-1015,DAY,normal,0,0
7562,2026-01-30T11:36:23.524Z,2026-01-30T11:36:24.963Z,1439,FG-C,BATCH-1015,DAY,normal,0,0
7563,2026-01-30T11:36:24.963Z,2026-01-30T11:36:26.486Z,1523,FG-C,BATCH-1015,DAY,normal,0,0
7564,2026-01-30T11:36:26.486Z,2026-01-30T11:36:28.036Z,1550,FG-C,BATCH-1015,DAY,normal,0,0
7565,2026-01-30T11:36:28.036Z,2026-01-30T11:36:37.838Z,9802,FG-C,BATCH-1015,DAY,long_gap,1,1
7566,2026-01-30T11:36:37.838Z,2026-01-30T11:36:39.104Z,1266,FG-C,BATCH-1015,DAY,normal,0,0
7567,2026-01-30T11:36:39.104Z,2026-01-30T11:36:40.510Z,1406,FG-C,BATCH-1015,DAY,normal,0,0
7568,2026-01-30T11:36:40.510Z,2026-01-30T11:36:41.992Z,1482,FG-C,BATCH-1015,DAY,normal,0,0
7569,2026-01-30T11:36:41.992Z,2026-01-30T11:36:43.645Z,1653,FG-C,BATCH-1015,DAY,normal,0,0
7570,2026-01-30T11:36:43.645Z,2026-01-30T11:36:45.122Z,1477,FG-C,BATCH-1015,DAY,normal,0,0
7571,2026-01-30T11:36:45.122Z,2026-01-30T11:36:46.649Z,1527,FG-C,BATCH-1015,DAY,normal,0,0
7572,2026-01-30T11:36:46.649Z,2026-01-30T11:36:48.083Z,1434,FG-C,BATCH-1015,DAY,normal,0,0
7573,2026-01-30T11:36:48.083Z,2026-01-30T11:36:49.536Z,1453,FG-C,BATCH-1015,DAY,normal,0,0
7574,2026-01-30T11:36:49.536Z,2026-01-30T11:36:50.964Z,1428,FG-C,BATCH-1015,DAY,normal,0,0
7575,2026-01-30T11:36:50.964Z,2026-01-30T11:36:52.376Z,1412,FG-C,BATCH-1015,DAY,normal,0,0
7576,2026-01-30T11:36:52.376Z,2026-01-30T11:36:53.789Z,1413,FG-C,BATCH-1015,DAY,normal,0,0
7577,2026-01-30T11:36:53.789Z,2026-01-30T11:36:55.219Z,1430,FG-C,BATCH-1015,DAY,normal,0,0
7578,2026-01-30T11:36:55.219Z,2026-01-30T11:36:56.637Z,1418,FG-C,BATCH-1015,DAY,normal,0,0
7579,2026-01-30T11:36:56.637Z,2026-01-30T11:36:58.115Z,1478,FG-C,BATCH-1015,DAY,normal,0,0
7580,2026-01-30T11:36:58.115Z,2026-01-30T11:36:59.593Z,1478,FG-C,BATCH-1015,DAY,normal,0,0
7581,2026-01-30T11:36:59.593Z,2026-01-30T11:37:01.024Z,1431,FG-C,BATCH-1015,DAY,normal,0,0
7582,2026-01-30T11:37:01.024Z,2026-01-30T11:37:02.536Z,1512,FG-C,BATCH-1015,DAY,normal,0,0
7583,2026-01-30T11:37:02.536Z,2026-01-30T11:37:04.013Z,1477,FG-C,BATCH-1015,DAY,normal,0,0
7584,2026-01-30T11:37:04.013Z,2026-01-30T11:37:05.352Z,1339,FG-C,BATCH-1015,DAY,normal,0,0
7585,2026-01-30T11:37:05.352Z,2026-01-30T11:37:06.785Z,1433,FG-C,BATCH-1015,DAY,normal,0,0
7586,2026-01-30T11:37:06.785Z,2026-01-30T11:37:08.132Z,1347,FG-C,BATCH-1015,DAY,normal,0,0
7587,2026-01-30T11:37:08.132Z,2026-01-30T11:37:09.476Z,1344,FG-C,BATCH-1015,DAY,normal,0,0
7588,2026-01-30T11:37:09.476Z,2026-01-30T11:37:10.977Z,1501,FG-C,BATCH-1015,DAY,normal,0,0
7589,2026-01-30T11:37:10.977Z,2026-01-30T11:37:12.370Z,1393,FG-C,BATCH-1015,DAY,normal,0,0
7590,2026-01-30T11:37:12.370Z,2026-01-30T11:37:13.815Z,1445,FG-C,BATCH-1015,DAY,normal,0,0
7591,2026-01-30T11:37:13.815Z,2026-01-30T11:37:15.098Z,1283,FG-C,BATCH-1015,DAY,normal,0,0
7592,2026-01-30T11:37:15.098Z,2026-01-30T11:37:16.376Z,1278,FG-C,BATCH-1015,DAY,normal,0,0
7593,2026-01-30T11:37:16.376Z,2026-01-30T11:37:17.748Z,1372,FG-C,BATCH-1015,DAY,normal,0,0
7594,2026-01-30T11:37:17.748Z,2026-01-30T11:37:19.214Z,1466,FG-C,BATCH-1015,DAY,normal,0,0
7595,2026-01-30T11:37:19.214Z,2026-01-30T11:37:20.730Z,1516,FG-C,BATCH-1015,DAY,normal,0,0
7596,2026-01-30T11:37:20.730Z,2026-01-30T11:37:22.287Z,1557,FG-C,BATCH-1015,DAY,normal,0,0
7597,2026-01-30T11:37:22.287Z,2026-01-30T11:37:23.767Z,1480,FG-C,BATCH-1015,DAY,normal,0,0
7598,2026-01-30T11:37:23.767Z,2026-01-30T11:37:25.161Z,1394,FG-C,BATCH-1015,DAY,normal,0,0
7599,2026-01-30T11:37:25.161Z,2026-01-30T11:37:26.370Z,1209,FG-C,BATCH-1015,DAY,normal,0,0
7600,2026-01-30T11:37:26.370Z,2026-01-30T11:37:28.003Z,1633,FG-C,BATCH-1015,DAY,normal,0,0
7601,2026-01-30T11:37:28.003Z,2026-01-30T11:37:29.368Z,1365,FG-C,BATCH-1015,DAY,normal,0,0
7602,2026-01-30T11:37:29.368Z,2026-01-30T11:37:30.683Z,1315,FG-C,BATCH-1015,DAY,normal,0,0
7603,2026-01-30T11:37:30.683Z,2026-01-30T11:37:32.050Z,1367,FG-C,BATCH-1015,DAY,normal,0,0
7604,2026-01-30T11:37:32.050Z,2026-01-30T11:37:33.648Z,1598,FG-C,BATCH-1015,DAY,normal,0,0
7605,2026-01-30T11:37:33.648Z,2026-01-30T11:37:34.912Z,1264,FG-C,BATCH-1015,DAY,normal,0,0
7606,2026-01-30T11:37:34.912Z,2026-01-30T11:37:36.267Z,1355,FG-C,BATCH-1015,DAY,normal,0,0
7607,2026-01-30T11:37:36.267Z,2026-01-30T11:37:37.586Z,1319,FG-C,BATCH-1015,DAY,normal,0,0
7608,2026-01-30T11:37:37.586Z,2026-01-30T11:37:38.944Z,1358,FG-C,BATCH-1015,DAY,normal,0,0
7609,2026-01-30T11:37:38.944Z,2026-01-30T11:37:40.347Z,1403,FG-C,BATCH-1015,DAY,normal,0,0
7610,2026-01-30T11:37:40.347Z,2026-01-30T11:37:41.751Z,1404,FG-C,BATCH-1015,DAY,normal,0,0
7611,2026-01-30T11:37:41.751Z,2026-01-30T11:37:43.108Z,1357,FG-C,BATCH-1015,DAY,normal,0,0
7612,2026-01-30T11:37:43.108Z,2026-01-30T11:37:44.568Z,1460,FG-C,BATCH-1015,DAY,normal,0,0
7613,2026-01-30T11:37:44.568Z,2026-01-30T11:37:46.109Z,1541,FG-C,BATCH-1015,DAY,normal,0,0
7614,2026-01-30T11:37:46.109Z,2026-01-30T11:37:47.397Z,1288,FG-C,BATCH-1015,DAY,normal,0,0
7615,2026-01-30T11:37:47.397Z,2026-01-30T11:37:48.831Z,1434,FG-C,BATCH-1015,DAY,normal,0,0
7616,2026-01-30T11:37:48.831Z,2026-01-30T11:37:50.289Z,1458,FG-C,BATCH-1015,DAY,normal,0,0
7617,2026-01-30T11:37:50.289Z,2026-01-30T11:37:51.883Z,1594,FG-C,BATCH-1015,DAY,normal,0,0
7618,2026-01-30T11:37:51.883Z,2026-01-30T11:37:53.241Z,1358,FG-C,BATCH-1015,DAY,normal,0,0
7619,2026-01-30T11:37:53.241Z,2026-01-30T11:37:54.634Z,1393,FG-C,BATCH-1015,DAY,normal,0,0
7620,2026-01-30T11:37:54.634Z,2026-01-30T11:37:56.080Z,1446,FG-C,BATCH-1015,DAY,normal,0,0
7621,2026-01-30T11:37:56.080Z,2026-01-30T11:37:57.376Z,1296,FG-C,BATCH-1015,DAY,normal,0,0
7622,2026-01-30T11:37:57.376Z,2026-01-30T11:37:58.634Z,1258,FG-C,BATCH-1015,DAY,normal,0,0
7623,2026-01-30T11:37:58.634Z,2026-01-30T11:38:00.118Z,1484,FG-C,BATCH-1015,DAY,normal,0,0
7624,2026-01-30T11:38:00.118Z,2026-01-30T11:38:01.566Z,1448,FG-C,BATCH-1015,DAY,normal,0,0
7625,2026-01-30T11:38:01.566Z,2026-01-30T11:38:02.824Z,1258,FG-C,BATCH-1015,DAY,fast_cycle,0,0
7626,2026-01-30T11:38:02.824Z,2026-01-30T11:38:04.337Z,1513,FG-C,BATCH-1015,DAY,normal,0,0
7627,2026-01-30T11:38:04.337Z,2026-01-30T11:38:05.701Z,1364,FG-C,BATCH-1015,DAY,normal,0,0
7628,2026-01-30T11:38:05.701Z,2026-01-30T11:38:07.211Z,1510,FG-C,BATCH-1015,DAY,normal,0,0
7629,2026-01-30T11:38:07.211Z,2026-01-30T11:38:08.709Z,1498,FG-C,BATCH-1015,DAY,normal,0,0
7630,2026-01-30T11:38:08.709Z,2026-01-30T11:38:10.028Z,1319,FG-C,BATCH-1015,DAY,normal,0,0
7631,2026-01-30T11:38:10.028Z,2026-01-30T11:38:11.396Z,1368,FG-C,BATCH-1015,DAY,normal,0,0
7632,2026-01-30T11:38:11.396Z,2026-01-30T11:38:12.925Z,1529,FG-C,BATCH-1015,DAY,normal,0,0
7633,2026-01-30T11:38:12.925Z,2026-01-30T11:38:14.491Z,1566,FG-C,BATCH-1015,DAY,normal,0,0
7634,2026-01-30T11:38:14.491Z,2026-01-30T11:38:15.943Z,1452,FG-C,BATCH-1015,DAY,normal,0,0
7635,2026-01-30T11:38:15.943Z,2026-01-30T11:38:17.277Z,1334,FG-C,BATCH-1015,DAY,normal,0,0
7636,2026-01-30T11:38:17.277Z,2026-01-30T11:38:18.648Z,1371,FG-C,BATCH-1015,DAY,normal,0,0
7637,2026-01-30T11:38:18.648Z,2026-01-30T11:38:20.057Z,1409,FG-C,BATCH-1015,DAY,normal,0,0
7638,2026-01-30T11:38:20.057Z,2026-01-30T11:38:21.361Z,1304,FG-C,BATCH-1015,DAY,normal,0,0
7639,2026-01-30T11:38:21.361Z,2026-01-30T11:38:22.744Z,1383,FG-C,BATCH-1015,DAY,normal,0,0
7640,2026-01-30T11:38:22.744Z,2026-01-30T11:38:24.059Z,1315,FG-C,BATCH-1015,DAY,normal,0,0
7641,2026-01-30T11:38:24.059Z,2026-01-30T11:38:25.473Z,1414,FG-C,BATCH-1015,DAY,normal,0,0
7642,2026-01-30T11:38:25.473Z,2026-01-30T11:38:26.938Z,1465,FG-C,BATCH-1015,DAY,normal,0,0
7643,2026-01-30T11:38:26.938Z,2026-01-30T11:38:28.516Z,1578,FG-C,BATCH-1015,DAY,normal,0,0
7644,2026-01-30T11:38:28.516Z,2026-01-30T11:38:29.883Z,1367,FG-C,BATCH-1015,DAY,normal,0,0
7645,2026-01-30T11:38:29.883Z,2026-01-30T11:38:31.305Z,1422,FG-C,BATCH-1015,DAY,normal,0,0
7646,2026-01-30T11:38:31.305Z,2026-01-30T11:38:32.901Z,1596,FG-C,BATCH-1015,DAY,normal,0,0
7647,2026-01-30T11:38:32.901Z,2026-01-30T11:38:34.396Z,1495,FG-C,BATCH-1015,DAY,normal,0,0
7648,2026-01-30T11:38:34.396Z,2026-01-30T11:38:35.831Z,1435,FG-C,BATCH-1015,DAY,normal,0,0
7649,2026-01-30T11:38:35.831Z,2026-01-30T11:38:37.195Z,1364,FG-C,BATCH-1015,DAY,normal,0,0
7650,2026-01-30T11:38:37.195Z,2026-01-30T11:38:38.744Z,1549,FG-C,BATCH-1015,DAY,normal,0,0
7651,2026-01-30T11:38:38.744Z,2026-01-30T11:38:40.108Z,1364,FG-C,BATCH-1015,DAY,normal,0,0
7652,2026-01-30T11:38:40.108Z,2026-01-30T11:38:41.495Z,1387,FG-C,BATCH-1015,DAY,normal,0,0
7653,2026-01-30T11:38:41.495Z,2026-01-30T11:38:42.903Z,1408,FG-C,BATCH-1015,DAY,normal,0,0
7654,2026-01-30T11:38:42.903Z,2026-01-30T11:38:44.365Z,1462,FG-C,BATCH-1015,DAY,normal,0,0
7655,2026-01-30T11:38:44.365Z,2026-01-30T11:38:45.849Z,1484,FG-C,BATCH-1015,DAY,normal,0,0
7656,2026-01-30T11:38:45.849Z,2026-01-30T11:38:47.291Z,1442,FG-C,BATCH-1015,DAY,normal,0,0
7657,2026-01-30T11:38:47.291Z,2026-01-30T11:38:48.704Z,1413,FG-C,BATCH-1015,DAY,normal,0,0
7658,2026-01-30T11:38:48.704Z,2026-01-30T11:38:50.161Z,1457,FG-C,BATCH-1015,DAY,normal,0,0
7659,2026-01-30T11:38:50.161Z,2026-01-30T11:38:51.438Z,1277,FG-C,BATCH-1015,DAY,normal,0,0
7660,2026-01-30T11:38:51.438Z,2026-01-30T11:38:52.946Z,1508,FG-C,BATCH-1015,DAY,normal,0,0
7661,2026-01-30T11:38:52.946Z,2026-01-30T11:38:54.387Z,1441,FG-C,BATCH-1015,DAY,normal,0,0
7662,2026-01-30T11:38:54.387Z,2026-01-30T11:38:55.810Z,1423,FG-C,BATCH-1015,DAY,normal,0,0
7663,2026-01-30T11:38:55.810Z,2026-01-30T11:38:57.177Z,1367,FG-C,BATCH-1015,DAY,normal,0,0
7664,2026-01-30T11:38:57.177Z,2026-01-30T11:38:58.704Z,1527,FG-C,BATCH-1015,DAY,normal,0,0
7665,2026-01-30T11:38:58.704Z,2026-01-30T11:39:00.136Z,1432,FG-C,BATCH-1015,DAY,normal,0,0
7666,2026-01-30T11:39:00.136Z,2026-01-30T11:39:01.530Z,1394,FG-C,BATCH-1015,DAY,normal,0,0
7667,2026-01-30T11:39:01.530Z,2026-01-30T11:39:02.936Z,1406,FG-C,BATCH-1015,DAY,normal,0,0
7668,2026-01-30T11:39:02.936Z,2026-01-30T11:39:04.417Z,1481,FG-C,BATCH-1015,DAY,normal,0,0
7669,2026-01-30T11:39:04.417Z,2026-01-30T11:39:05.863Z,1446,FG-C,BATCH-1015,DAY,normal,0,0
7670,2026-01-30T11:39:05.863Z,2026-01-30T11:39:07.399Z,1536,FG-C,BATCH-1015,DAY,normal,0,0
7671,2026-01-30T11:39:07.399Z,2026-01-30T11:39:08.926Z,1527,FG-C,BATCH-1015,DAY,normal,0,0
7672,2026-01-30T11:39:08.926Z,2026-01-30T11:39:09.936Z,1010,FG-C,BATCH-1015,DAY,fast_cycle,0,0
7673,2026-01-30T11:39:09.936Z,2026-01-30T11:39:11.395Z,1459,FG-C,BATCH-1015,DAY,normal,0,0
7674,2026-01-30T11:39:11.395Z,2026-01-30T11:39:12.864Z,1469,FG-C,BATCH-1015,DAY,normal,0,0
7675,2026-01-30T11:39:12.864Z,2026-01-30T11:39:14.319Z,1455,FG-C,BATCH-1015,DAY,normal,0,0
7676,2026-01-30T11:39:14.319Z,2026-01-30T11:39:15.769Z,1450,FG-C,BATCH-1015,DAY,normal,0,0
7677,2026-01-30T11:39:15.769Z,2026-01-30T11:39:17.243Z,1474,FG-C,BATCH-1015,DAY,normal,0,0
7678,2026-01-30T11:39:17.243Z,2026-01-30T11:39:18.650Z,1407,FG-C,BATCH-1015,DAY,normal,0,0
7679,2026-01-30T11:39:18.650Z,2026-01-30T11:39:19.942Z,1292,FG-C,BATCH-1015,DAY,normal,0,0
7680,2026-01-30T11:39:19.942Z,2026-01-30T11:39:21.430Z,1488,FG-C,BATCH-1015,DAY,normal,0,0
7681,2026-01-30T11:39:21.430Z,2026-01-30T11:39:22.834Z,1404,FG-C,BATCH-1015,DAY,normal,0,0
7682,2026-01-30T11:39:22.834Z,2026-01-30T11:39:24.385Z,1551,FG-C,BATCH-1015,DAY,normal,0,0
7683,2026-01-30T11:39:24.385Z,2026-01-30T11:39:25.844Z,1459,FG-C,BATCH-1015,DAY,normal,0,0
7684,2026-01-30T11:39:25.844Z,2026-01-30T11:39:27.139Z,1295,FG-C,BATCH-1015,DAY,normal,0,0
7685,2026-01-30T11:39:27.139Z,2026-01-30T11:39:28.538Z,1399,FG-C,BATCH-1015,DAY,normal,0,0
7686,2026-01-30T11:39:28.538Z,2026-01-30T11:39:30.031Z,1493,FG-C,BATCH-1015,DAY,normal,0,0
7687,2026-01-30T11:39:30.031Z,2026-01-30T11:39:31.310Z,1279,FG-C,BATCH-1015,DAY,normal,0,0
7688,2026-01-30T11:39:31.310Z,2026-01-30T11:39:32.732Z,1422,FG-C,BATCH-1015,DAY,normal,0,0
7689,2026-01-30T11:39:32.732Z,2026-01-30T11:39:34.206Z,1474,FG-C,BATCH-1015,DAY,normal,0,0
7690,2026-01-30T11:39:34.206Z,2026-01-30T11:39:35.583Z,1377,FG-C,BATCH-1015,DAY,normal,0,0
7691,2026-01-30T11:39:35.583Z,2026-01-30T11:39:36.893Z,1310,FG-C,BATCH-1015,DAY,normal,0,0
7692,2026-01-30T11:39:36.893Z,2026-01-30T11:39:38.465Z,1572,FG-C,BATCH-1015,DAY,normal,0,0
7693,2026-01-30T11:39:38.465Z,2026-01-30T11:39:39.904Z,1439,FG-C,BATCH-1015,DAY,normal,0,0
7694,2026-01-30T11:39:39.904Z,2026-01-30T11:39:41.324Z,1420,FG-C,BATCH-1015,DAY,normal,0,0
7695,2026-01-30T11:39:41.324Z,2026-01-30T11:39:42.804Z,1480,FG-C,BATCH-1015,DAY,normal,0,0
7696,2026-01-30T11:39:42.804Z,2026-01-30T11:39:44.208Z,1404,FG-C,BATCH-1015,DAY,normal,0,0
7697,2026-01-30T11:39:44.208Z,2026-01-30T11:39:45.553Z,1345,FG-C,BATCH-1015,DAY,normal,0,0
7698,2026-01-30T11:39:45.553Z,2026-01-30T11:39:47.004Z,1451,FG-C,BATCH-1015,DAY,normal,0,0
7699,2026-01-30T11:39:47.004Z,2026-01-30T11:39:48.406Z,1402,FG-C,BATCH-1015,DAY,normal,0,0
7700,2026-01-30T11:39:48.406Z,2026-01-30T11:39:49.861Z,1455,FG-C,BATCH-1015,DAY,normal,0,0
7701,2026-01-30T11:39:49.861Z,2026-01-30T11:39:51.231Z,1370,FG-C,BATCH-1015,DAY,normal,0,0
7702,2026-01-30T11:39:51.231Z,2026-01-30T11:39:52.765Z,1534,FG-C,BATCH-1015,DAY,normal,0,0
7703,2026-01-30T11:39:52.765Z,2026-01-30T11:39:55.120Z,2355,FG-C,BATCH-1015,DAY,slow_cycle,0,1
7704,2026-01-30T11:39:55.120Z,2026-01-30T11:39:56.599Z,1479,FG-C,BATCH-1015,DAY,normal,0,0
7705,2026-01-30T11:39:56.599Z,2026-01-30T11:39:58.022Z,1423,FG-C,BATCH-1015,DAY,normal,0,0
7706,2026-01-30T11:39:58.022Z,2026-01-30T11:39:59.401Z,1379,FG-C,BATCH-1015,DAY,normal,0,0
7707,2026-01-30T11:39:59.401Z,2026-01-30T11:40:00.899Z,1498,FG-C,BATCH-1015,DAY,normal,0,0
7708,2026-01-30T11:40:00.899Z,2026-01-30T11:40:04.220Z,3321,FG-C,BATCH-1015,DAY,slow_cycle,0,1
7709,2026-01-30T11:40:04.220Z,2026-01-30T11:40:05.623Z,1403,FG-C,BATCH-1015,DAY,normal,0,0
7710,2026-01-30T11:40:05.623Z,2026-01-30T11:40:07.060Z,1437,FG-C,BATCH-1015,DAY,normal,0,0
7711,2026-01-30T11:40:07.060Z,2026-01-30T11:40:08.472Z,1412,FG-C,BATCH-1015,DAY,normal,0,0
7712,2026-01-30T11:40:08.472Z,2026-01-30T11:40:09.826Z,1354,FG-C,BATCH-1015,DAY,normal,0,0
7713,2026-01-30T11:40:09.826Z,2026-01-30T11:40:11.302Z,1476,FG-C,BATCH-1015,DAY,normal,0,0
7714,2026-01-30T11:40:11.302Z,2026-01-30T11:40:12.702Z,1400,FG-C,BATCH-1015,DAY,normal,0,0
7715,2026-01-30T11:40:12.702Z,2026-01-30T11:40:14.137Z,1435,FG-C,BATCH-1015,DAY,normal,0,0
7716,2026-01-30T11:40:14.137Z,2026-01-30T11:40:15.523Z,1386,FG-C,BATCH-1015,DAY,normal,0,0
7717,2026-01-30T11:40:15.523Z,2026-01-30T11:40:16.717Z,1194,FG-C,BATCH-1015,DAY,normal,0,0
7718,2026-01-30T11:40:16.717Z,2026-01-30T11:40:18.219Z,1502,FG-C,BATCH-1015,DAY,normal,0,0
7719,2026-01-30T11:40:18.219Z,2026-01-30T11:40:19.663Z,1444,FG-C,BATCH-1015,DAY,normal,0,0
7720,2026-01-30T11:40:19.663Z,2026-01-30T11:40:20.977Z,1314,FG-C,BATCH-1015,DAY,normal,0,0
7721,2026-01-30T11:40:20.977Z,2026-01-30T11:40:22.246Z,1269,FG-C,BATCH-1015,DAY,normal,0,0
7722,2026-01-30T11:40:22.246Z,2026-01-30T11:40:23.797Z,1551,FG-C,BATCH-1015,DAY,normal,0,0
7723,2026-01-30T11:40:23.797Z,2026-01-30T11:40:25.097Z,1300,FG-C,BATCH-1015,DAY,normal,0,0
7724,2026-01-30T11:40:25.097Z,2026-01-30T11:40:26.558Z,1461,FG-C,BATCH-1015,DAY,normal,0,0
7725,2026-01-30T11:40:26.558Z,2026-01-30T11:40:28.140Z,1582,FG-C,BATCH-1015,DAY,normal,0,0
7726,2026-01-30T11:40:28.140Z,2026-01-30T11:40:29.668Z,1528,FG-C,BATCH-1015,DAY,normal,0,0
7727,2026-01-30T11:40:29.668Z,2026-01-30T11:40:31.196Z,1528,FG-C,BATCH-1015,DAY,normal,0,0
7728,2026-01-30T11:40:31.196Z,2026-01-30T11:40:32.420Z,1224,FG-C,BATCH-1015,DAY,normal,0,0
7729,2026-01-30T11:40:32.420Z,2026-01-30T11:40:33.860Z,1440,FG-C,BATCH-1015,DAY,normal,0,0
7730,2026-01-30T11:40:33.860Z,2026-01-30T11:40:35.359Z,1499,FG-C,BATCH-1015,DAY,normal,0,0
7731,2026-01-30T11:40:35.359Z,2026-01-30T11:40:36.743Z,1384,FG-C,BATCH-1015,DAY,normal,0,0
7732,2026-01-30T11:40:36.743Z,2026-01-30T11:40:38.030Z,1287,FG-C,BATCH-1015,DAY,normal,0,0
7733,2026-01-30T11:40:38.030Z,2026-01-30T11:40:39.165Z,1135,FG-C,BATCH-1015,DAY,normal,0,0
7734,2026-01-30T11:40:39.165Z,2026-01-30T11:40:40.634Z,1469,FG-C,BATCH-1015,DAY,normal,0,0
7735,2026-01-30T11:40:40.634Z,2026-01-30T11:40:42.133Z,1499,FG-C,BATCH-1015,DAY,normal,0,0
7736,2026-01-30T11:40:42.133Z,2026-01-30T11:40:43.606Z,1473,FG-C,BATCH-1015,DAY,normal,0,0
7737,2026-01-30T11:40:43.606Z,2026-01-30T11:40:44.980Z,1374,FG-C,BATCH-1015,DAY,normal,0,0
7738,2026-01-30T11:40:44.980Z,2026-01-30T11:40:46.263Z,1283,FG-C,BATCH-1015,DAY,normal,0,0
7739,2026-01-30T11:40:46.263Z,2026-01-30T11:40:47.644Z,1381,FG-C,BATCH-1015,DAY,normal,0,0
7740,2026-01-30T11:40:47.644Z,2026-01-30T11:40:49.101Z,1457,FG-C,BATCH-1015,DAY,normal,0,0
7741,2026-01-30T11:40:49.101Z,2026-01-30T11:40:50.542Z,1441,FG-C,BATCH-1015,DAY,normal,0,0
7742,2026-01-30T11:40:50.542Z,2026-01-30T11:40:51.937Z,1395,FG-C,BATCH-1015,DAY,normal,0,0
7743,2026-01-30T11:40:51.937Z,2026-01-30T11:40:53.359Z,1422,FG-C,BATCH-1015,DAY,normal,0,0
7744,2026-01-30T11:40:53.359Z,2026-01-30T11:40:54.843Z,1484,FG-C,BATCH-1015,DAY,normal,0,0
7745,2026-01-30T11:40:54.843Z,2026-01-30T11:40:56.310Z,1467,FG-C,BATCH-1015,DAY,normal,0,0
7746,2026-01-30T11:40:56.310Z,2026-01-30T11:40:57.574Z,1264,FG-C,BATCH-1015,DAY,normal,0,0
7747,2026-01-30T11:40:57.574Z,2026-01-30T11:40:58.992Z,1418,FG-C,BATCH-1015,DAY,normal,0,0
7748,2026-01-30T11:40:58.992Z,2026-01-30T11:41:00.443Z,1451,FG-C,BATCH-1015,DAY,normal,0,0
7749,2026-01-30T11:41:00.443Z,2026-01-30T11:41:01.899Z,1456,FG-C,BATCH-1015,DAY,normal,0,0
7750,2026-01-30T11:41:01.899Z,2026-01-30T11:41:03.306Z,1407,FG-C,BATCH-1015,DAY,normal,0,0
7751,2026-01-30T11:41:03.306Z,2026-01-30T11:41:07.747Z,4441,FG-C,BATCH-1015,DAY,jam_recovery,0,1
7752,2026-01-30T11:41:07.747Z,2026-01-30T11:41:09.187Z,1440,FG-C,BATCH-1015,DAY,normal,0,0
7753,2026-01-30T11:41:09.187Z,2026-01-30T11:41:10.730Z,1543,FG-C,BATCH-1015,DAY,normal,0,0
7754,2026-01-30T11:41:10.730Z,2026-01-30T11:41:12.351Z,1621,FG-C,BATCH-1015,DAY,normal,0,0
7755,2026-01-30T11:41:12.351Z,2026-01-30T11:41:13.845Z,1494,FG-C,BATCH-1015,DAY,normal,0,0
7756,2026-01-30T11:41:13.845Z,2026-01-30T11:41:15.270Z,1425,FG-C,BATCH-1015,DAY,normal,0,0
7757,2026-01-30T11:41:15.270Z,2026-01-30T11:41:16.787Z,1517,FG-C,BATCH-1015,DAY,normal,0,0
7758,2026-01-30T11:41:16.787Z,2026-01-30T11:41:18.219Z,1432,FG-C,BATCH-1015,DAY,normal,0,0
7759,2026-01-30T11:41:18.219Z,2026-01-30T11:41:19.636Z,1417,FG-C,BATCH-1015,DAY,normal,0,0
7760,2026-01-30T11:41:19.636Z,2026-01-30T11:41:20.960Z,1324,FG-C,BATCH-1015,DAY,normal,0,0
7761,2026-01-30T11:41:20.960Z,2026-01-30T11:41:22.375Z,1415,FG-C,BATCH-1015,DAY,normal,0,0
7762,2026-01-30T11:41:22.375Z,2026-01-30T11:41:24.592Z,2217,FG-C,BATCH-1015,DAY,slow_cycle,0,1
7763,2026-01-30T11:41:24.592Z,2026-01-30T11:41:33.012Z,8420,FG-C,BATCH-1015,DAY,long_gap,1,1
7764,2026-01-30T11:41:33.012Z,2026-01-30T11:41:34.359Z,1347,FG-C,BATCH-1015,DAY,normal,0,0
7765,2026-01-30T11:41:34.359Z,2026-01-30T11:41:35.628Z,1269,FG-C,BATCH-1015,DAY,normal,0,0
7766,2026-01-30T11:41:35.628Z,2026-01-30T11:41:37.161Z,1533,FG-C,BATCH-1015,DAY,normal,0,0
7767,2026-01-30T11:41:37.161Z,2026-01-30T11:41:38.408Z,1247,FG-C,BATCH-1015,DAY,normal,0,0
7768,2026-01-30T11:41:38.408Z,2026-01-30T11:41:39.759Z,1351,FG-C,BATCH-1015,DAY,normal,0,0
7769,2026-01-30T11:41:39.759Z,2026-01-30T11:41:41.234Z,1475,FG-C,BATCH-1015,DAY,normal,0,0
7770,2026-01-30T11:41:41.234Z,2026-01-30T11:41:42.573Z,1339,FG-C,BATCH-1015,DAY,normal,0,0
7771,2026-01-30T11:41:42.573Z,2026-01-30T11:41:43.953Z,1380,FG-C,BATCH-1015,DAY,normal,0,0
7772,2026-01-30T11:41:43.953Z,2026-01-30T11:41:45.368Z,1415,FG-C,BATCH-1015,DAY,normal,0,0
7773,2026-01-30T11:41:45.368Z,2026-01-30T11:41:46.811Z,1443,FG-C,BATCH-1015,DAY,normal,0,0
7774,2026-01-30T11:41:46.811Z,2026-01-30T11:41:48.177Z,1366,FG-C,BATCH-1015,DAY,normal,0,0
7775,2026-01-30T11:41:48.177Z,2026-01-30T11:41:49.653Z,1476,FG-C,BATCH-1015,DAY,normal,0,0
7776,2026-01-30T11:41:49.653Z,2026-01-30T11:41:50.818Z,1165,FG-C,BATCH-1015,DAY,fast_cycle,0,0
7777,2026-01-30T11:41:50.818Z,2026-01-30T11:41:52.089Z,1271,FG-C,BATCH-1015,DAY,normal,0,0
7778,2026-01-30T11:41:52.089Z,2026-01-30T11:41:55.066Z,2977,FG-C,BATCH-1015,DAY,slow_cycle,0,1
7779,2026-01-30T11:41:55.066Z,2026-01-30T11:41:56.557Z,1491,FG-C,BATCH-1015,DAY,normal,0,0
7780,2026-01-30T11:41:56.557Z,2026-01-30T11:41:57.779Z,1222,FG-C,BATCH-1015,DAY,normal,0,0
7781,2026-01-30T11:41:57.779Z,2026-01-30T11:41:59.158Z,1379,FG-C,BATCH-1015,DAY,normal,0,0
7782,2026-01-30T11:41:59.158Z,2026-01-30T11:42:00.607Z,1449,FG-C,BATCH-1015,DAY,normal,0,0
7783,2026-01-30T11:42:00.607Z,2026-01-30T11:42:01.860Z,1253,FG-C,BATCH-1015,DAY,normal,0,0
7784,2026-01-30T11:42:01.860Z,2026-01-30T11:42:03.372Z,1512,FG-C,BATCH-1015,DAY,normal,0,0
7785,2026-01-30T11:42:03.372Z,2026-01-30T11:42:04.814Z,1442,FG-C,BATCH-1015,DAY,normal,0,0
7786,2026-01-30T11:42:04.814Z,2026-01-30T11:42:06.261Z,1447,FG-C,BATCH-1015,DAY,normal,0,0
7787,2026-01-30T11:42:06.261Z,2026-01-30T11:42:07.674Z,1413,FG-C,BATCH-1015,DAY,normal,0,0
7788,2026-01-30T11:42:07.674Z,2026-01-30T11:42:09.143Z,1469,FG-C,BATCH-1015,DAY,normal,0,0
7789,2026-01-30T11:42:09.143Z,2026-01-30T11:42:10.509Z,1366,FG-C,BATCH-1015,DAY,normal,0,0
7790,2026-01-30T11:42:10.509Z,2026-01-30T11:42:12.036Z,1527,FG-C,BATCH-1015,DAY,normal,0,0
7791,2026-01-30T11:42:12.036Z,2026-01-30T11:42:13.436Z,1400,FG-C,BATCH-1015,DAY,normal,0,0
7792,2026-01-30T11:42:13.436Z,2026-01-30T11:42:14.789Z,1353,FG-C,BATCH-1015,DAY,normal,0,0
7793,2026-01-30T11:42:14.789Z,2026-01-30T11:42:16.125Z,1336,FG-C,BATCH-1015,DAY,normal,0,0
7794,2026-01-30T11:42:16.125Z,2026-01-30T11:42:17.497Z,1372,FG-C,BATCH-1015,DAY,normal,0,0
7795,2026-01-30T11:42:17.497Z,2026-01-30T11:42:18.779Z,1282,FG-C,BATCH-1015,DAY,normal,0,0
7796,2026-01-30T11:42:18.779Z,2026-01-30T11:42:20.195Z,1416,FG-C,BATCH-1015,DAY,normal,0,0
7797,2026-01-30T11:42:20.195Z,2026-01-30T11:42:21.731Z,1536,FG-C,BATCH-1015,DAY,normal,0,0
7798,2026-01-30T11:42:21.731Z,2026-01-30T11:42:22.928Z,1197,FG-C,BATCH-1015,DAY,fast_cycle,0,0
7799,2026-01-30T11:42:22.928Z,2026-01-30T11:42:24.446Z,1518,FG-C,BATCH-1015,DAY,normal,0,0
7800,2026-01-30T11:42:24.446Z,2026-01-30T11:42:25.894Z,1448,FG-C,BATCH-1015,DAY,normal,0,0
7801,2026-01-30T11:42:25.894Z,2026-01-30T11:42:27.395Z,1501,FG-C,BATCH-1015,DAY,normal,0,0
7802,2026-01-30T11:42:27.395Z,2026-01-30T11:42:28.817Z,1422,FG-C,BATCH-1015,DAY,normal,0,0
7803,2026-01-30T11:42:28.817Z,2026-01-30T11:42:30.012Z,1195,FG-C,BATCH-1015,DAY,normal,0,0
7804,2026-01-30T11:42:30.012Z,2026-01-30T11:42:31.273Z,1261,FG-C,BATCH-1015,DAY,normal,0,0
7805,2026-01-30T11:42:31.273Z,2026-01-30T11:42:32.611Z,1338,FG-C,BATCH-1015,DAY,normal,0,0
7806,2026-01-30T11:42:32.611Z,2026-01-30T11:42:34.203Z,1592,FG-C,BATCH-1015,DAY,normal,0,0
7807,2026-01-30T11:42:34.203Z,2026-01-30T11:42:35.660Z,1457,FG-C,BATCH-1015,DAY,normal,0,0
7808,2026-01-30T11:42:35.660Z,2026-01-30T11:42:36.847Z,1187,FG-C,BATCH-1015,DAY,normal,0,0
7809,2026-01-30T11:42:36.847Z,2026-01-30T11:42:39.670Z,2823,FG-C,BATCH-1015,DAY,slow_cycle,0,1
7810,2026-01-30T11:42:39.670Z,2026-01-30T11:42:40.938Z,1268,FG-C,BATCH-1015,DAY,normal,0,0
7811,2026-01-30T11:42:40.938Z,2026-01-30T11:42:42.364Z,1426,FG-C,BATCH-1015,DAY,normal,0,0
7812,2026-01-30T11:42:42.364Z,2026-01-30T11:42:43.834Z,1470,FG-C,BATCH-1015,DAY,normal,0,0
7813,2026-01-30T11:42:43.834Z,2026-01-30T11:42:45.294Z,1460,FG-C,BATCH-1015,DAY,normal,0,0
7814,2026-01-30T11:42:45.294Z,2026-01-30T11:42:46.906Z,1612,FG-C,BATCH-1015,DAY,normal,0,0
7815,2026-01-30T11:42:46.906Z,2026-01-30T11:42:48.379Z,1473,FG-C,BATCH-1015,DAY,normal,0,0
7816,2026-01-30T11:42:48.379Z,2026-01-30T11:42:50.025Z,1646,FG-C,BATCH-1015,DAY,normal,0,0
7817,2026-01-30T11:42:50.025Z,2026-01-30T11:42:51.375Z,1350,FG-C,BATCH-1015,DAY,normal,0,0
7818,2026-01-30T11:42:51.375Z,2026-01-30T11:42:52.832Z,1457,FG-C,BATCH-1015,DAY,normal,0,0
7819,2026-01-30T11:42:52.832Z,2026-01-30T11:42:54.420Z,1588,FG-C,BATCH-1015,DAY,normal,0,0
7820,2026-01-30T11:42:54.420Z,2026-01-30T11:42:55.701Z,1281,FG-C,BATCH-1015,DAY,normal,0,0
7821,2026-01-30T11:42:55.701Z,2026-01-30T11:42:57.034Z,1333,FG-C,BATCH-1015,DAY,normal,0,0
7822,2026-01-30T11:42:57.034Z,2026-01-30T11:42:58.506Z,1472,FG-C,BATCH-1015,DAY,normal,0,0
7823,2026-01-30T11:42:58.506Z,2026-01-30T11:42:59.987Z,1481,FG-C,BATCH-1015,DAY,normal,0,0
7824,2026-01-30T11:42:59.987Z,2026-01-30T11:43:01.418Z,1431,FG-C,BATCH-1015,DAY,normal,0,0
7825,2026-01-30T11:43:01.418Z,2026-01-30T11:43:02.746Z,1328,FG-C,BATCH-1015,DAY,normal,0,0
7826,2026-01-30T11:43:02.746Z,2026-01-30T11:43:04.293Z,1547,FG-C,BATCH-1015,DAY,normal,0,0
7827,2026-01-30T11:43:04.293Z,2026-01-30T11:43:05.688Z,1395,FG-C,BATCH-1015,DAY,normal,0,0
7828,2026-01-30T11:43:05.688Z,2026-01-30T11:43:07.347Z,1659,FG-C,BATCH-1015,DAY,normal,0,0
7829,2026-01-30T11:43:07.347Z,2026-01-30T11:43:08.752Z,1405,FG-C,BATCH-1015,DAY,normal,0,0
7830,2026-01-30T11:43:08.752Z,2026-01-30T11:43:10.301Z,1549,FG-C,BATCH-1015,DAY,normal,0,0
7831,2026-01-30T11:43:10.301Z,2026-01-30T11:43:11.868Z,1567,FG-C,BATCH-1015,DAY,normal,0,0
7832,2026-01-30T11:43:11.868Z,2026-01-30T11:43:13.243Z,1375,FG-C,BATCH-1015,DAY,normal,0,0
7833,2026-01-30T11:43:13.243Z,2026-01-30T11:43:14.778Z,1535,FG-C,BATCH-1015,DAY,normal,0,0
7834,2026-01-30T11:43:14.778Z,2026-01-30T11:43:16.119Z,1341,FG-C,BATCH-1015,DAY,normal,0,0
7835,2026-01-30T11:43:16.119Z,2026-01-30T11:43:18.513Z,2394,FG-C,BATCH-1015,DAY,slow_cycle,0,1
7836,2026-01-30T11:43:18.513Z,2026-01-30T11:43:19.726Z,1213,FG-C,BATCH-1015,DAY,fast_cycle,0,0
7837,2026-01-30T11:43:19.726Z,2026-01-30T11:43:21.104Z,1378,FG-C,BATCH-1015,DAY,normal,0,0
7838,2026-01-30T11:43:21.104Z,2026-01-30T11:43:22.702Z,1598,FG-C,BATCH-1015,DAY,normal,0,0
7839,2026-01-30T11:43:22.702Z,2026-01-30T11:43:24.250Z,1548,FG-C,BATCH-1015,DAY,normal,0,0
7840,2026-01-30T11:43:24.250Z,2026-01-30T11:43:25.806Z,1556,FG-C,BATCH-1015,DAY,normal,0,0
7841,2026-01-30T11:43:25.806Z,2026-01-30T11:43:27.318Z,1512,FG-C,BATCH-1015,DAY,normal,0,0
7842,2026-01-30T11:43:27.318Z,2026-01-30T11:43:28.813Z,1495,FG-C,BATCH-1015,DAY,normal,0,0
7843,2026-01-30T11:43:28.813Z,2026-01-30T11:43:30.288Z,1475,FG-C,BATCH-1015,DAY,normal,0,0
7844,2026-01-30T11:43:30.288Z,2026-01-30T11:43:31.593Z,1305,FG-C,BATCH-1015,DAY,normal,0,0
7845,2026-01-30T11:43:31.593Z,2026-01-30T11:43:32.949Z,1356,FG-C,BATCH-1015,DAY,normal,0,0
7846,2026-01-30T11:43:32.949Z,2026-01-30T11:43:34.441Z,1492,FG-C,BATCH-1015,DAY,normal,0,0
7847,2026-01-30T11:43:34.441Z,2026-01-30T11:43:35.857Z,1416,FG-C,BATCH-1015,DAY,normal,0,0
7848,2026-01-30T11:43:35.857Z,2026-01-30T11:43:37.437Z,1580,FG-C,BATCH-1015,DAY,normal,0,0
7849,2026-01-30T11:43:37.437Z,2026-01-30T11:43:38.835Z,1398,FG-C,BATCH-1015,DAY,normal,0,0
7850,2026-01-30T11:43:38.835Z,2026-01-30T11:43:40.309Z,1474,FG-C,BATCH-1015,DAY,normal,0,0
7851,2026-01-30T11:43:40.309Z,2026-01-30T11:43:41.765Z,1456,FG-C,BATCH-1015,DAY,normal,0,0
7852,2026-01-30T11:43:41.765Z,2026-01-30T11:43:43.203Z,1438,FG-C,BATCH-1015,DAY,normal,0,0
7853,2026-01-30T11:43:43.203Z,2026-01-30T11:43:44.818Z,1615,FG-C,BATCH-1015,DAY,normal,0,0
7854,2026-01-30T11:43:44.818Z,2026-01-30T11:43:46.248Z,1430,FG-C,BATCH-1015,DAY,normal,0,0
7855,2026-01-30T11:43:46.248Z,2026-01-30T11:43:47.719Z,1471,FG-C,BATCH-1015,DAY,normal,0,0
7856,2026-01-30T11:43:47.719Z,2026-01-30T11:43:49.201Z,1482,FG-C,BATCH-1015,DAY,normal,0,0
7857,2026-01-30T11:43:49.201Z,2026-01-30T11:43:50.719Z,1518,FG-C,BATCH-1015,DAY,normal,0,0
7858,2026-01-30T11:43:50.719Z,2026-01-30T11:43:52.087Z,1368,FG-C,BATCH-1015,DAY,normal,0,0
7859,2026-01-30T11:43:52.087Z,2026-01-30T11:43:53.505Z,1418,FG-C,BATCH-1015,DAY,normal,0,0
7860,2026-01-30T11:43:53.505Z,2026-01-30T11:43:55.067Z,1562,FG-C,BATCH-1015,DAY,normal,0,0
7861,2026-01-30T11:43:55.067Z,2026-01-30T11:43:56.463Z,1396,FG-C,BATCH-1015,DAY,normal,0,0
7862,2026-01-30T11:43:56.463Z,2026-01-30T11:43:57.874Z,1411,FG-C,BATCH-1015,DAY,normal,0,0
7863,2026-01-30T11:43:57.874Z,2026-01-30T11:43:59.276Z,1402,FG-C,BATCH-1015,DAY,normal,0,0
7864,2026-01-30T11:43:59.276Z,2026-01-30T11:44:00.857Z,1581,FG-C,BATCH-1015,DAY,normal,0,0
7865,2026-01-30T11:44:00.857Z,2026-01-30T11:44:02.240Z,1383,FG-C,BATCH-1015,DAY,normal,0,0
7866,2026-01-30T11:44:02.240Z,2026-01-30T11:44:03.636Z,1396,FG-C,BATCH-1015,DAY,normal,0,0
7867,2026-01-30T11:44:03.636Z,2026-01-30T11:44:05.133Z,1497,FG-C,BATCH-1015,DAY,normal,0,0
7868,2026-01-30T11:44:05.133Z,2026-01-30T11:44:06.685Z,1552,FG-C,BATCH-1015,DAY,normal,0,0
7869,2026-01-30T11:44:06.685Z,2026-01-30T11:44:08.151Z,1466,FG-C,BATCH-1015,DAY,normal,0,0
7870,2026-01-30T11:44:08.151Z,2026-01-30T11:44:09.722Z,1571,FG-C,BATCH-1015,DAY,normal,0,0
7871,2026-01-30T11:44:09.722Z,2026-01-30T11:44:11.181Z,1459,FG-C,BATCH-1015,DAY,normal,0,0
7872,2026-01-30T11:44:11.181Z,2026-01-30T11:44:12.719Z,1538,FG-C,BATCH-1015,DAY,normal,0,0
7873,2026-01-30T11:44:12.719Z,2026-01-30T11:44:14.158Z,1439,FG-C,BATCH-1015,DAY,normal,0,0
7874,2026-01-30T11:44:14.158Z,2026-01-30T11:44:15.509Z,1351,FG-C,BATCH-1015,DAY,normal,0,0
7875,2026-01-30T11:44:15.509Z,2026-01-30T11:44:17.025Z,1516,FG-C,BATCH-1015,DAY,normal,0,0
7876,2026-01-30T11:44:17.025Z,2026-01-30T11:44:18.325Z,1300,FG-C,BATCH-1015,DAY,normal,0,0
7877,2026-01-30T11:44:18.325Z,2026-01-30T11:44:19.700Z,1375,FG-C,BATCH-1015,DAY,normal,0,0
7878,2026-01-30T11:44:19.700Z,2026-01-30T11:44:21.041Z,1341,FG-C,BATCH-1015,DAY,normal,0,0
7879,2026-01-30T11:44:21.041Z,2026-01-30T11:44:22.469Z,1428,FG-C,BATCH-1015,DAY,normal,0,0
7880,2026-01-30T11:44:22.469Z,2026-01-30T11:44:23.967Z,1498,FG-C,BATCH-1015,DAY,normal,0,0
7881,2026-01-30T11:44:23.967Z,2026-01-30T11:44:25.474Z,1507,FG-C,BATCH-1015,DAY,normal,0,0
7882,2026-01-30T11:44:25.474Z,2026-01-30T11:44:26.927Z,1453,FG-C,BATCH-1015,DAY,normal,0,0
7883,2026-01-30T11:44:26.927Z,2026-01-30T11:44:28.275Z,1348,FG-C,BATCH-1015,DAY,normal,0,0
7884,2026-01-30T11:44:28.275Z,2026-01-30T11:44:29.702Z,1427,FG-C,BATCH-1015,DAY,normal,0,0
7885,2026-01-30T11:44:29.702Z,2026-01-30T11:44:31.129Z,1427,FG-C,BATCH-1015,DAY,normal,0,0
7886,2026-01-30T11:44:31.129Z,2026-01-30T11:44:32.641Z,1512,FG-C,BATCH-1015,DAY,normal,0,0
7887,2026-01-30T11:44:32.641Z,2026-01-30T11:44:33.982Z,1341,FG-C,BATCH-1015,DAY,normal,0,0
7888,2026-01-30T11:44:33.982Z,2026-01-30T11:44:35.334Z,1352,FG-C,BATCH-1015,DAY,normal,0,0
7889,2026-01-30T11:44:35.334Z,2026-01-30T11:44:36.910Z,1576,FG-C,BATCH-1015,DAY,normal,0,0
7890,2026-01-30T11:44:36.910Z,2026-01-30T11:44:38.555Z,1645,FG-C,BATCH-1015,DAY,normal,0,0
7891,2026-01-30T11:44:38.555Z,2026-01-30T11:44:40.005Z,1450,FG-C,BATCH-1015,DAY,normal,0,0
7892,2026-01-30T11:44:40.005Z,2026-01-30T11:44:41.492Z,1487,FG-C,BATCH-1015,DAY,normal,0,0
7893,2026-01-30T11:44:41.492Z,2026-01-30T11:44:43.092Z,1600,FG-C,BATCH-1015,DAY,normal,0,0
7894,2026-01-30T11:44:43.092Z,2026-01-30T11:44:44.572Z,1480,FG-C,BATCH-1015,DAY,normal,0,0
7895,2026-01-30T11:44:44.572Z,2026-01-30T11:44:46.021Z,1449,FG-C,BATCH-1015,DAY,normal,0,0
7896,2026-01-30T11:44:46.021Z,2026-01-30T11:44:47.544Z,1523,FG-C,BATCH-1015,DAY,normal,0,0
7897,2026-01-30T11:44:47.544Z,2026-01-30T11:44:49.943Z,2399,FG-C,BATCH-1015,DAY,slow_cycle,0,1
7898,2026-01-30T11:44:49.943Z,2026-01-30T11:44:51.460Z,1517,FG-C,BATCH-1015,DAY,normal,0,0
7899,2026-01-30T11:44:51.460Z,2026-01-30T11:44:52.870Z,1410,FG-C,BATCH-1015,DAY,normal,0,0
7900,2026-01-30T11:44:52.870Z,2026-01-30T11:44:54.353Z,1483,FG-C,BATCH-1015,DAY,normal,0,0
7901,2026-01-30T11:44:54.353Z,2026-01-30T11:44:58.423Z,4070,FG-C,BATCH-1015,DAY,jam_recovery,0,1
7902,2026-01-30T11:44:58.423Z,2026-01-30T11:44:59.871Z,1448,FG-C,BATCH-1015,DAY,normal,0,0
7903,2026-01-30T11:44:59.871Z,2026-01-30T11:45:01.346Z,1475,FG-C,BATCH-1015,DAY,normal,0,0
7904,2026-01-30T11:45:01.346Z,2026-01-30T11:45:02.946Z,1600,FG-C,BATCH-1015,DAY,normal,0,0
7905,2026-01-30T11:45:02.946Z,2026-01-30T11:45:04.461Z,1515,FG-C,BATCH-1015,DAY,normal,0,0
7906,2026-01-30T11:45:04.461Z,2026-01-30T11:45:05.912Z,1451,FG-C,BATCH-1015,DAY,normal,0,0
7907,2026-01-30T11:45:05.912Z,2026-01-30T11:45:07.202Z,1290,FG-C,BATCH-1015,DAY,normal,0,0
7908,2026-01-30T11:45:07.202Z,2026-01-30T11:45:08.502Z,1300,FG-C,BATCH-1015,DAY,normal,0,0
7909,2026-01-30T11:45:08.502Z,2026-01-30T11:45:09.918Z,1416,FG-C,BATCH-1015,DAY,normal,0,0
7910,2026-01-30T11:45:09.918Z,2026-01-30T11:45:11.520Z,1602,FG-C,BATCH-1015,DAY,normal,0,0
7911,2026-01-30T11:45:11.520Z,2026-01-30T11:45:12.933Z,1413,FG-C,BATCH-1015,DAY,normal,0,0
7912,2026-01-30T11:45:12.933Z,2026-01-30T11:45:14.347Z,1414,FG-C,BATCH-1015,DAY,normal,0,0
7913,2026-01-30T11:45:14.347Z,2026-01-30T11:45:15.788Z,1441,FG-C,BATCH-1015,DAY,normal,0,0
7914,2026-01-30T11:45:15.788Z,2026-01-30T11:45:16.933Z,1145,FG-C,BATCH-1015,DAY,normal,0,0
7915,2026-01-30T11:45:16.933Z,2026-01-30T11:45:18.355Z,1422,FG-C,BATCH-1015,DAY,normal,0,0
7916,2026-01-30T11:45:18.355Z,2026-01-30T11:45:19.657Z,1302,FG-C,BATCH-1015,DAY,normal,0,0
7917,2026-01-30T11:45:19.657Z,2026-01-30T11:45:20.964Z,1307,FG-C,BATCH-1015,DAY,normal,0,0
7918,2026-01-30T11:45:20.964Z,2026-01-30T11:45:22.293Z,1329,FG-C,BATCH-1015,DAY,normal,0,0
7919,2026-01-30T11:45:22.293Z,2026-01-30T11:45:23.711Z,1418,FG-C,BATCH-1015,DAY,normal,0,0
7920,2026-01-30T11:45:23.711Z,2026-01-30T11:45:25.168Z,1457,FG-C,BATCH-1015,DAY,normal,0,0
7921,2026-01-30T11:45:25.168Z,2026-01-30T11:45:26.882Z,1714,FG-C,BATCH-1015,DAY,normal,0,0
7922,2026-01-30T11:45:26.882Z,2026-01-30T11:45:28.133Z,1251,FG-C,BATCH-1015,DAY,normal,0,0
7923,2026-01-30T11:45:28.133Z,2026-01-30T11:45:29.669Z,1536,FG-C,BATCH-1015,DAY,normal,0,0
7924,2026-01-30T11:45:29.669Z,2026-01-30T11:45:31.157Z,1488,FG-C,BATCH-1015,DAY,normal,0,0
7925,2026-01-30T11:45:31.157Z,2026-01-30T11:45:32.587Z,1430,FG-C,BATCH-1015,DAY,normal,0,0
7926,2026-01-30T11:45:32.587Z,2026-01-30T11:45:33.989Z,1402,FG-C,BATCH-1015,DAY,normal,0,0
7927,2026-01-30T11:45:33.989Z,2026-01-30T11:45:35.574Z,1585,FG-C,BATCH-1015,DAY,normal,0,0
7928,2026-01-30T11:45:35.574Z,2026-01-30T11:45:36.708Z,1134,FG-C,BATCH-1015,DAY,fast_cycle,0,0
7929,2026-01-30T11:45:36.708Z,2026-01-30T11:45:38.023Z,1315,FG-C,BATCH-1015,DAY,normal,0,0
7930,2026-01-30T11:45:38.023Z,2026-01-30T11:45:39.385Z,1362,FG-C,BATCH-1015,DAY,normal,0,0
7931,2026-01-30T11:45:39.385Z,2026-01-30T11:45:40.954Z,1569,FG-C,BATCH-1015,DAY,normal,0,0
7932,2026-01-30T11:45:40.954Z,2026-01-30T11:45:42.389Z,1435,FG-C,BATCH-1015,DAY,normal,0,0
7933,2026-01-30T11:45:42.389Z,2026-01-30T11:45:43.875Z,1486,FG-C,BATCH-1015,DAY,normal,0,0
7934,2026-01-30T11:45:43.875Z,2026-01-30T11:45:45.498Z,1623,FG-C,BATCH-1015,DAY,normal,0,0
7935,2026-01-30T11:45:45.498Z,2026-01-30T11:45:47.023Z,1525,FG-C,BATCH-1015,DAY,normal,0,0
7936,2026-01-30T11:45:47.023Z,2026-01-30T11:45:48.503Z,1480,FG-C,BATCH-1015,DAY,normal,0,0
7937,2026-01-30T11:45:48.503Z,2026-01-30T11:45:49.900Z,1397,FG-C,BATCH-1015,DAY,normal,0,0
7938,2026-01-30T11:45:49.900Z,2026-01-30T11:45:51.345Z,1445,FG-C,BATCH-1015,DAY,normal,0,0
7939,2026-01-30T11:45:51.345Z,2026-01-30T11:45:52.755Z,1410,FG-C,BATCH-1015,DAY,normal,0,0
7940,2026-01-30T11:45:52.755Z,2026-01-30T11:45:54.190Z,1435,FG-C,BATCH-1015,DAY,normal,0,0
7941,2026-01-30T11:45:54.190Z,2026-01-30T11:45:55.390Z,1200,FG-C,BATCH-1015,DAY,fast_cycle,0,0
7942,2026-01-30T11:45:55.390Z,2026-01-30T11:45:56.801Z,1411,FG-C,BATCH-1015,DAY,normal,0,0
7943,2026-01-30T11:45:56.801Z,2026-01-30T11:45:58.193Z,1392,FG-C,BATCH-1015,DAY,normal,0,0
7944,2026-01-30T11:45:58.193Z,2026-01-30T11:45:59.599Z,1406,FG-C,BATCH-1015,DAY,normal,0,0
7945,2026-01-30T11:45:59.599Z,2026-01-30T11:46:01.028Z,1429,FG-C,BATCH-1015,DAY,normal,0,0
7946,2026-01-30T11:46:01.028Z,2026-01-30T11:46:02.352Z,1324,FG-C,BATCH-1015,DAY,normal,0,0
7947,2026-01-30T11:46:02.352Z,2026-01-30T11:46:03.945Z,1593,FG-C,BATCH-1015,DAY,normal,0,0
7948,2026-01-30T11:46:03.945Z,2026-01-30T11:46:05.308Z,1363,FG-C,BATCH-1015,DAY,normal,0,0
7949,2026-01-30T11:46:05.308Z,2026-01-30T11:46:06.417Z,1109,FG-C,BATCH-1015,DAY,fast_cycle,0,0
7950,2026-01-30T11:46:06.417Z,2026-01-30T11:46:07.874Z,1457,FG-C,BATCH-1015,DAY,normal,0,0
7951,2026-01-30T11:46:07.874Z,2026-01-30T11:46:09.349Z,1475,FG-C,BATCH-1015,DAY,normal,0,0
7952,2026-01-30T11:46:09.349Z,2026-01-30T11:46:10.728Z,1379,FG-C,BATCH-1015,DAY,normal,0,0
7953,2026-01-30T11:46:10.728Z,2026-01-30T11:46:12.229Z,1501,FG-C,BATCH-1015,DAY,normal,0,0
7954,2026-01-30T11:46:12.229Z,2026-01-30T11:46:13.785Z,1556,FG-C,BATCH-1015,DAY,normal,0,0
7955,2026-01-30T11:46:13.785Z,2026-01-30T11:46:15.167Z,1382,FG-C,BATCH-1015,DAY,normal,0,0
7956,2026-01-30T11:46:15.167Z,2026-01-30T11:46:16.598Z,1431,FG-C,BATCH-1015,DAY,normal,0,0
7957,2026-01-30T11:46:16.598Z,2026-01-30T11:46:18.118Z,1520,FG-C,BATCH-1015,DAY,normal,0,0
7958,2026-01-30T11:46:18.118Z,2026-01-30T11:46:19.627Z,1509,FG-C,BATCH-1015,DAY,normal,0,0
7959,2026-01-30T11:46:19.627Z,2026-01-30T11:46:21.096Z,1469,FG-C,BATCH-1015,DAY,normal,0,0
7960,2026-01-30T11:46:21.096Z,2026-01-30T11:46:22.615Z,1519,FG-C,BATCH-1015,DAY,normal,0,0
7961,2026-01-30T11:46:22.615Z,2026-01-30T11:46:23.890Z,1275,FG-C,BATCH-1015,DAY,normal,0,0
7962,2026-01-30T11:46:23.890Z,2026-01-30T11:46:25.390Z,1500,FG-C,BATCH-1015,DAY,normal,0,0
7963,2026-01-30T11:46:25.390Z,2026-01-30T11:46:26.693Z,1303,FG-C,BATCH-1015,DAY,fast_cycle,0,0
7964,2026-01-30T11:46:26.693Z,2026-01-30T11:46:28.088Z,1395,FG-C,BATCH-1015,DAY,normal,0,0
7965,2026-01-30T11:46:28.088Z,2026-01-30T11:46:29.363Z,1275,FG-C,BATCH-1015,DAY,fast_cycle,0,0
7966,2026-01-30T11:46:29.363Z,2026-01-30T11:46:30.798Z,1435,FG-C,BATCH-1015,DAY,normal,0,0
7967,2026-01-30T11:46:30.798Z,2026-01-30T11:46:32.209Z,1411,FG-C,BATCH-1015,DAY,normal,0,0
7968,2026-01-30T11:46:32.209Z,2026-01-30T11:46:33.603Z,1394,FG-C,BATCH-1015,DAY,normal,0,0
7969,2026-01-30T11:46:33.603Z,2026-01-30T11:46:35.299Z,1696,FG-C,BATCH-1015,DAY,normal,0,0
7970,2026-01-30T11:46:35.299Z,2026-01-30T11:46:36.867Z,1568,FG-C,BATCH-1015,DAY,normal,0,0
7971,2026-01-30T11:46:36.867Z,2026-01-30T11:46:38.229Z,1362,FG-C,BATCH-1015,DAY,normal,0,0
7972,2026-01-30T11:46:38.229Z,2026-01-30T11:46:39.702Z,1473,FG-C,BATCH-1015,DAY,normal,0,0
7973,2026-01-30T11:46:39.702Z,2026-01-30T11:46:41.033Z,1331,FG-C,BATCH-1015,DAY,normal,0,0
7974,2026-01-30T11:46:41.033Z,2026-01-30T11:46:42.561Z,1528,FG-C,BATCH-1015,DAY,normal,0,0
7975,2026-01-30T11:46:42.561Z,2026-01-30T11:46:44.156Z,1595,FG-C,BATCH-1015,DAY,normal,0,0
7976,2026-01-30T11:46:44.156Z,2026-01-30T11:46:45.728Z,1572,FG-C,BATCH-1015,DAY,normal,0,0
7977,2026-01-30T11:46:45.728Z,2026-01-30T11:46:47.170Z,1442,FG-C,BATCH-1015,DAY,normal,0,0
7978,2026-01-30T11:46:47.170Z,2026-01-30T11:46:48.229Z,1059,FG-C,BATCH-1015,DAY,fast_cycle,0,0
7979,2026-01-30T11:46:48.229Z,2026-01-30T11:46:49.681Z,1452,FG-C,BATCH-1015,DAY,normal,0,0
7980,2026-01-30T11:46:49.681Z,2026-01-30T11:46:51.250Z,1569,FG-C,BATCH-1015,DAY,normal,0,0
7981,2026-01-30T11:46:51.250Z,2026-01-30T11:46:52.722Z,1472,FG-C,BATCH-1015,DAY,normal,0,0
7982,2026-01-30T11:46:52.722Z,2026-01-30T11:46:54.113Z,1391,FG-C,BATCH-1015,DAY,normal,0,0
7983,2026-01-30T11:46:54.113Z,2026-01-30T11:46:55.290Z,1177,FG-C,BATCH-1015,DAY,normal,0,0
7984,2026-01-30T11:46:55.290Z,2026-01-30T11:46:56.812Z,1522,FG-C,BATCH-1015,DAY,normal,0,0
7985,2026-01-30T11:46:56.812Z,2026-01-30T11:46:58.388Z,1576,FG-C,BATCH-1015,DAY,normal,0,0
7986,2026-01-30T11:46:58.388Z,2026-01-30T11:46:59.854Z,1466,FG-C,BATCH-1015,DAY,normal,0,0
7987,2026-01-30T11:46:59.854Z,2026-01-30T11:47:01.302Z,1448,FG-C,BATCH-1015,DAY,normal,0,0
7988,2026-01-30T11:47:01.302Z,2026-01-30T11:47:02.862Z,1560,FG-C,BATCH-1015,DAY,normal,0,0
7989,2026-01-30T11:47:02.862Z,2026-01-30T11:47:04.322Z,1460,FG-C,BATCH-1015,DAY,normal,0,0
7990,2026-01-30T11:47:04.322Z,2026-01-30T11:47:05.800Z,1478,FG-C,BATCH-1015,DAY,normal,0,0
7991,2026-01-30T11:47:05.800Z,2026-01-30T11:47:07.228Z,1428,FG-C,BATCH-1015,DAY,normal,0,0
7992,2026-01-30T11:47:07.228Z,2026-01-30T11:47:08.802Z,1574,FG-C,BATCH-1015,DAY,normal,0,0
7993,2026-01-30T11:47:08.802Z,2026-01-30T11:47:10.304Z,1502,FG-C,BATCH-1015,DAY,normal,0,0
7994,2026-01-30T11:47:10.304Z,2026-01-30T11:47:11.700Z,1396,FG-C,BATCH-1015,DAY,normal,0,0
7995,2026-01-30T11:47:11.700Z,2026-01-30T11:47:13.173Z,1473,FG-C,BATCH-1015,DAY,normal,0,0
7996,2026-01-30T11:47:13.173Z,2026-01-30T11:47:14.243Z,1070,FG-C,BATCH-1015,DAY,fast_cycle,0,0
7997,2026-01-30T11:47:14.243Z,2026-01-30T11:47:15.812Z,1569,FG-C,BATCH-1015,DAY,normal,0,0
7998,2026-01-30T11:47:15.812Z,2026-01-30T11:47:17.216Z,1404,FG-C,BATCH-1015,DAY,normal,0,0
7999,2026-01-30T11:47:17.216Z,2026-01-30T11:47:18.612Z,1396,FG-C,BATCH-1015,DAY,normal,0,0
8000,2026-01-30T11:47:18.612Z,2026-01-30T11:47:20.059Z,1447,FG-C,BATCH-1016,DAY,normal,0,0
8001,2026-01-30T11:47:20.059Z,2026-01-30T11:47:21.569Z,1510,FG-C,BATCH-1016,DAY,normal,0,0
8002,2026-01-30T11:47:21.569Z,2026-01-30T11:47:22.839Z,1270,FG-C,BATCH-1016,DAY,normal,0,0
8003,2026-01-30T11:47:22.839Z,2026-01-30T11:47:24.300Z,1461,FG-C,BATCH-1016,DAY,normal,0,0
8004,2026-01-30T11:47:24.300Z,2026-01-30T11:47:25.793Z,1493,FG-C,BATCH-1016,DAY,normal,0,0
8005,2026-01-30T11:47:25.793Z,2026-01-30T11:47:27.249Z,1456,FG-C,BATCH-1016,DAY,normal,0,0
8006,2026-01-30T11:47:27.249Z,2026-01-30T11:47:28.683Z,1434,FG-C,BATCH-1016,DAY,normal,0,0
8007,2026-01-30T11:47:28.683Z,2026-01-30T11:47:30.234Z,1551,FG-C,BATCH-1016,DAY,normal,0,0
8008,2026-01-30T11:47:30.234Z,2026-01-30T11:47:31.738Z,1504,FG-C,BATCH-1016,DAY,normal,0,0
8009,2026-01-30T11:47:31.738Z,2026-01-30T11:47:33.253Z,1515,FG-C,BATCH-1016,DAY,normal,0,0
8010,2026-01-30T11:47:33.253Z,2026-01-30T11:47:34.770Z,1517,FG-C,BATCH-1016,DAY,normal,0,0
8011,2026-01-30T11:47:34.770Z,2026-01-30T11:47:36.217Z,1447,FG-C,BATCH-1016,DAY,normal,0,0
8012,2026-01-30T11:47:36.217Z,2026-01-30T11:47:37.699Z,1482,FG-C,BATCH-1016,DAY,normal,0,0
8013,2026-01-30T11:47:37.699Z,2026-01-30T11:47:39.035Z,1336,FG-C,BATCH-1016,DAY,normal,0,0
8014,2026-01-30T11:47:39.035Z,2026-01-30T11:47:40.447Z,1412,FG-C,BATCH-1016,DAY,normal,0,0
8015,2026-01-30T11:47:40.447Z,2026-01-30T11:47:41.793Z,1346,FG-C,BATCH-1016,DAY,normal,0,0
8016,2026-01-30T11:47:41.793Z,2026-01-30T11:47:43.108Z,1315,FG-C,BATCH-1016,DAY,normal,0,0
8017,2026-01-30T11:47:43.108Z,2026-01-30T11:47:44.636Z,1528,FG-C,BATCH-1016,DAY,normal,0,0
8018,2026-01-30T11:47:44.636Z,2026-01-30T11:47:46.066Z,1430,FG-C,BATCH-1016,DAY,normal,0,0
8019,2026-01-30T11:47:46.066Z,2026-01-30T11:47:47.664Z,1598,FG-C,BATCH-1016,DAY,normal,0,0
8020,2026-01-30T11:47:47.664Z,2026-01-30T11:47:49.318Z,1654,FG-C,BATCH-1016,DAY,normal,0,0
8021,2026-01-30T11:47:49.318Z,2026-01-30T11:47:50.822Z,1504,FG-C,BATCH-1016,DAY,normal,0,0
8022,2026-01-30T11:47:50.822Z,2026-01-30T11:47:52.307Z,1485,FG-C,BATCH-1016,DAY,normal,0,0
8023,2026-01-30T11:47:52.307Z,2026-01-30T11:47:53.807Z,1500,FG-C,BATCH-1016,DAY,normal,0,0
8024,2026-01-30T11:47:53.807Z,2026-01-30T11:47:55.256Z,1449,FG-C,BATCH-1016,DAY,normal,0,0
8025,2026-01-30T11:47:55.256Z,2026-01-30T11:47:56.696Z,1440,FG-C,BATCH-1016,DAY,normal,0,0
8026,2026-01-30T11:47:56.696Z,2026-01-30T11:48:00.967Z,4271,FG-C,BATCH-1016,DAY,jam_recovery,0,1
8027,2026-01-30T11:48:00.967Z,2026-01-30T11:48:02.481Z,1514,FG-C,BATCH-1016,DAY,normal,0,0
8028,2026-01-30T11:48:02.481Z,2026-01-30T11:48:04.076Z,1595,FG-C,BATCH-1016,DAY,normal,0,0
8029,2026-01-30T11:48:04.076Z,2026-01-30T11:48:05.571Z,1495,FG-C,BATCH-1016,DAY,normal,0,0
8030,2026-01-30T11:48:05.571Z,2026-01-30T11:48:07.018Z,1447,FG-C,BATCH-1016,DAY,normal,0,0
8031,2026-01-30T11:48:07.018Z,2026-01-30T11:48:08.376Z,1358,FG-C,BATCH-1016,DAY,normal,0,0
8032,2026-01-30T11:48:08.376Z,2026-01-30T11:48:09.868Z,1492,FG-C,BATCH-1016,DAY,normal,0,0
8033,2026-01-30T11:48:09.868Z,2026-01-30T11:48:13.249Z,3381,FG-C,BATCH-1016,DAY,slow_cycle,0,1
8034,2026-01-30T11:48:13.249Z,2026-01-30T11:48:14.827Z,1578,FG-C,BATCH-1016,DAY,normal,0,0
8035,2026-01-30T11:48:14.827Z,2026-01-30T11:48:16.169Z,1342,FG-C,BATCH-1016,DAY,normal,0,0
8036,2026-01-30T11:48:16.169Z,2026-01-30T11:48:17.617Z,1448,FG-C,BATCH-1016,DAY,normal,0,0
8037,2026-01-30T11:48:17.617Z,2026-01-30T11:48:18.993Z,1376,FG-C,BATCH-1016,DAY,normal,0,0
8038,2026-01-30T11:48:18.993Z,2026-01-30T11:48:20.613Z,1620,FG-C,BATCH-1016,DAY,normal,0,0
8039,2026-01-30T11:48:20.613Z,2026-01-30T11:48:21.980Z,1367,FG-C,BATCH-1016,DAY,normal,0,0
8040,2026-01-30T11:48:21.980Z,2026-01-30T11:48:23.444Z,1464,FG-C,BATCH-1016,DAY,normal,0,0
8041,2026-01-30T11:48:23.444Z,2026-01-30T11:48:25.125Z,1681,FG-C,BATCH-1016,DAY,normal,0,0
8042,2026-01-30T11:48:25.125Z,2026-01-30T11:48:26.435Z,1310,FG-C,BATCH-1016,DAY,normal,0,0
8043,2026-01-30T11:48:26.435Z,2026-01-30T11:48:27.983Z,1548,FG-C,BATCH-1016,DAY,normal,0,0
8044,2026-01-30T11:48:27.983Z,2026-01-30T11:48:29.430Z,1447,FG-C,BATCH-1016,DAY,normal,0,0
8045,2026-01-30T11:48:29.430Z,2026-01-30T11:48:30.927Z,1497,FG-C,BATCH-1016,DAY,normal,0,0
8046,2026-01-30T11:48:30.927Z,2026-01-30T11:48:33.887Z,2960,FG-C,BATCH-1016,DAY,slow_cycle,0,1
8047,2026-01-30T11:48:33.887Z,2026-01-30T11:48:35.242Z,1355,FG-C,BATCH-1016,DAY,normal,0,0
8048,2026-01-30T11:48:35.242Z,2026-01-30T11:48:36.756Z,1514,FG-C,BATCH-1016,DAY,normal,0,0
8049,2026-01-30T11:48:36.756Z,2026-01-30T11:48:38.092Z,1336,FG-C,BATCH-1016,DAY,normal,0,0
8050,2026-01-30T11:48:38.092Z,2026-01-30T11:48:39.626Z,1534,FG-C,BATCH-1016,DAY,normal,0,0
8051,2026-01-30T11:48:39.626Z,2026-01-30T11:48:41.180Z,1554,FG-C,BATCH-1016,DAY,normal,0,0
8052,2026-01-30T11:48:41.180Z,2026-01-30T11:48:42.760Z,1580,FG-C,BATCH-1016,DAY,normal,0,0
8053,2026-01-30T11:48:42.760Z,2026-01-30T11:48:44.121Z,1361,FG-C,BATCH-1016,DAY,normal,0,0
8054,2026-01-30T11:48:44.121Z,2026-01-30T11:48:45.479Z,1358,FG-C,BATCH-1016,DAY,normal,0,0
8055,2026-01-30T11:48:45.479Z,2026-01-30T11:48:47.007Z,1528,FG-C,BATCH-1016,DAY,normal,0,0
8056,2026-01-30T11:48:47.007Z,2026-01-30T11:48:48.588Z,1581,FG-C,BATCH-1016,DAY,normal,0,0
8057,2026-01-30T11:48:48.588Z,2026-01-30T11:48:49.964Z,1376,FG-C,BATCH-1016,DAY,normal,0,0
8058,2026-01-30T11:48:49.964Z,2026-01-30T11:48:51.386Z,1422,FG-C,BATCH-1016,DAY,normal,0,0
8059,2026-01-30T11:48:51.386Z,2026-01-30T11:48:52.972Z,1586,FG-C,BATCH-1016,DAY,normal,0,0
8060,2026-01-30T11:48:52.972Z,2026-01-30T11:48:54.428Z,1456,FG-C,BATCH-1016,DAY,normal,0,0
8061,2026-01-30T11:48:54.428Z,2026-01-30T11:48:56.002Z,1574,FG-C,BATCH-1016,DAY,normal,0,0
8062,2026-01-30T11:48:56.002Z,2026-01-30T11:48:57.514Z,1512,FG-C,BATCH-1016,DAY,normal,0,0
8063,2026-01-30T11:48:57.514Z,2026-01-30T11:48:58.995Z,1481,FG-C,BATCH-1016,DAY,normal,0,0
8064,2026-01-30T11:48:58.995Z,2026-01-30T11:49:00.466Z,1471,FG-C,BATCH-1016,DAY,normal,0,0
8065,2026-01-30T11:49:00.466Z,2026-01-30T11:49:01.845Z,1379,FG-C,BATCH-1016,DAY,normal,0,0
8066,2026-01-30T11:49:01.845Z,2026-01-30T11:49:03.466Z,1621,FG-C,BATCH-1016,DAY,normal,0,0
8067,2026-01-30T11:49:03.466Z,2026-01-30T11:49:04.837Z,1371,FG-C,BATCH-1016,DAY,normal,0,0
8068,2026-01-30T11:49:04.837Z,2026-01-30T11:49:06.346Z,1509,FG-C,BATCH-1016,DAY,normal,0,0
8069,2026-01-30T11:49:06.346Z,2026-01-30T11:49:07.878Z,1532,FG-C,BATCH-1016,DAY,normal,0,0
8070,2026-01-30T11:49:07.878Z,2026-01-30T11:49:09.624Z,1746,FG-C,BATCH-1016,DAY,normal,0,0
8071,2026-01-30T11:49:09.624Z,2026-01-30T11:49:11.055Z,1431,FG-C,BATCH-1016,DAY,normal,0,0
8072,2026-01-30T11:49:11.055Z,2026-01-30T11:49:12.392Z,1337,FG-C,BATCH-1016,DAY,normal,0,0
8073,2026-01-30T11:49:12.392Z,2026-01-30T11:49:13.975Z,1583,FG-C,BATCH-1016,DAY,normal,0,0
8074,2026-01-30T11:49:13.975Z,2026-01-30T11:49:15.562Z,1587,FG-C,BATCH-1016,DAY,normal,0,0
8075,2026-01-30T11:49:15.562Z,2026-01-30T11:49:16.745Z,1183,FG-C,BATCH-1016,DAY,fast_cycle,0,0
8076,2026-01-30T11:49:16.745Z,2026-01-30T11:49:18.270Z,1525,FG-C,BATCH-1016,DAY,normal,0,0
8077,2026-01-30T11:49:18.270Z,2026-01-30T11:49:19.717Z,1447,FG-C,BATCH-1016,DAY,normal,0,0
8078,2026-01-30T11:49:19.717Z,2026-01-30T11:49:21.259Z,1542,FG-C,BATCH-1016,DAY,normal,0,0
8079,2026-01-30T11:49:21.259Z,2026-01-30T11:49:24.269Z,3010,FG-C,BATCH-1016,DAY,slow_cycle,0,1
8080,2026-01-30T11:49:24.269Z,2026-01-30T11:49:25.667Z,1398,FG-C,BATCH-1016,DAY,normal,0,0
8081,2026-01-30T11:49:25.667Z,2026-01-30T11:49:27.208Z,1541,FG-C,BATCH-1016,DAY,normal,0,0
8082,2026-01-30T11:49:27.208Z,2026-01-30T11:49:28.548Z,1340,FG-C,BATCH-1016,DAY,normal,0,0
8083,2026-01-30T11:49:28.548Z,2026-01-30T11:49:30.016Z,1468,FG-C,BATCH-1016,DAY,normal,0,0
8084,2026-01-30T11:49:30.016Z,2026-01-30T11:49:31.526Z,1510,FG-C,BATCH-1016,DAY,normal,0,0
8085,2026-01-30T11:49:31.526Z,2026-01-30T11:49:33.698Z,2172,FG-C,BATCH-1016,DAY,slow_cycle,0,0
8086,2026-01-30T11:49:33.698Z,2026-01-30T11:49:35.147Z,1449,FG-C,BATCH-1016,DAY,normal,0,0
8087,2026-01-30T11:49:35.147Z,2026-01-30T11:49:36.710Z,1563,FG-C,BATCH-1016,DAY,normal,0,0
8088,2026-01-30T11:49:36.710Z,2026-01-30T11:49:38.246Z,1536,FG-C,BATCH-1016,DAY,normal,0,0
8089,2026-01-30T11:49:38.246Z,2026-01-30T11:49:39.687Z,1441,FG-C,BATCH-1016,DAY,normal,0,0
8090,2026-01-30T11:49:39.687Z,2026-01-30T11:49:41.082Z,1395,FG-C,BATCH-1016,DAY,normal,0,0
8091,2026-01-30T11:49:41.082Z,2026-01-30T11:49:42.448Z,1366,FG-C,BATCH-1016,DAY,normal,0,0
8092,2026-01-30T11:49:42.448Z,2026-01-30T11:49:44.028Z,1580,FG-C,BATCH-1016,DAY,normal,0,0
8093,2026-01-30T11:49:44.028Z,2026-01-30T11:49:45.536Z,1508,FG-C,BATCH-1016,DAY,normal,0,0
8094,2026-01-30T11:49:45.536Z,2026-01-30T11:49:47.096Z,1560,FG-C,BATCH-1016,DAY,normal,0,0
8095,2026-01-30T11:49:47.096Z,2026-01-30T11:49:48.465Z,1369,FG-C,BATCH-1016,DAY,normal,0,0
8096,2026-01-30T11:49:48.465Z,2026-01-30T11:49:50.026Z,1561,FG-C,BATCH-1016,DAY,normal,0,0
8097,2026-01-30T11:49:50.026Z,2026-01-30T11:49:51.408Z,1382,FG-C,BATCH-1016,DAY,normal,0,0
8098,2026-01-30T11:49:51.408Z,2026-01-30T11:49:52.946Z,1538,FG-C,BATCH-1016,DAY,normal,0,0
8099,2026-01-30T11:49:52.946Z,2026-01-30T11:49:56.139Z,3193,FG-C,BATCH-1016,DAY,slow_cycle,0,1
8100,2026-01-30T11:49:56.139Z,2026-01-30T11:49:57.566Z,1427,FG-C,BATCH-1016,DAY,normal,0,0
8101,2026-01-30T11:49:57.566Z,2026-01-30T11:49:59.077Z,1511,FG-C,BATCH-1016,DAY,normal,0,0
8102,2026-01-30T11:49:59.077Z,2026-01-30T11:50:00.774Z,1697,FG-C,BATCH-1016,DAY,normal,0,0
8103,2026-01-30T11:50:00.774Z,2026-01-30T11:50:02.169Z,1395,FG-C,BATCH-1016,DAY,normal,0,0
8104,2026-01-30T11:50:02.169Z,2026-01-30T11:50:03.663Z,1494,FG-C,BATCH-1016,DAY,normal,0,0
8105,2026-01-30T11:50:03.663Z,2026-01-30T11:50:05.149Z,1486,FG-C,BATCH-1016,DAY,normal,0,0
8106,2026-01-30T11:50:05.149Z,2026-01-30T11:50:06.765Z,1616,FG-C,BATCH-1016,DAY,normal,0,0
8107,2026-01-30T11:50:06.765Z,2026-01-30T11:50:08.218Z,1453,FG-C,BATCH-1016,DAY,normal,0,0
8108,2026-01-30T11:50:08.218Z,2026-01-30T11:50:09.832Z,1614,FG-C,BATCH-1016,DAY,normal,0,0
8109,2026-01-30T11:50:09.832Z,2026-01-30T11:50:11.321Z,1489,FG-C,BATCH-1016,DAY,normal,0,0
8110,2026-01-30T11:50:11.321Z,2026-01-30T11:50:12.834Z,1513,FG-C,BATCH-1016,DAY,normal,0,0
8111,2026-01-30T11:50:12.834Z,2026-01-30T11:50:14.333Z,1499,FG-C,BATCH-1016,DAY,normal,0,0
8112,2026-01-30T11:50:14.333Z,2026-01-30T11:50:15.823Z,1490,FG-C,BATCH-1016,DAY,normal,0,0
8113,2026-01-30T11:50:15.823Z,2026-01-30T11:50:17.378Z,1555,FG-C,BATCH-1016,DAY,normal,0,0
8114,2026-01-30T11:50:17.378Z,2026-01-30T11:50:18.962Z,1584,FG-C,BATCH-1016,DAY,normal,0,0
8115,2026-01-30T11:50:18.962Z,2026-01-30T11:50:20.518Z,1556,FG-C,BATCH-1016,DAY,normal,0,0
8116,2026-01-30T11:50:20.518Z,2026-01-30T11:50:22.012Z,1494,FG-C,BATCH-1016,DAY,normal,0,0
8117,2026-01-30T11:50:22.012Z,2026-01-30T11:50:25.012Z,3000,FG-C,BATCH-1016,DAY,slow_cycle,0,1
8118,2026-01-30T11:50:25.012Z,2026-01-30T11:50:26.497Z,1485,FG-C,BATCH-1016,DAY,normal,0,0
8119,2026-01-30T11:50:26.497Z,2026-01-30T11:50:27.875Z,1378,FG-C,BATCH-1016,DAY,normal,0,0
8120,2026-01-30T11:50:27.875Z,2026-01-30T11:50:29.428Z,1553,FG-C,BATCH-1016,DAY,normal,0,0
8121,2026-01-30T11:50:29.428Z,2026-01-30T11:50:30.998Z,1570,FG-C,BATCH-1016,DAY,normal,0,0
8122,2026-01-30T11:50:30.998Z,2026-01-30T11:50:32.547Z,1549,FG-C,BATCH-1016,DAY,normal,0,0
8123,2026-01-30T11:50:32.547Z,2026-01-30T11:50:34.136Z,1589,FG-C,BATCH-1016,DAY,normal,0,0
8124,2026-01-30T11:50:34.136Z,2026-01-30T11:50:35.498Z,1362,FG-C,BATCH-1016,DAY,normal,0,0
8125,2026-01-30T11:50:35.498Z,2026-01-30T11:50:36.948Z,1450,FG-C,BATCH-1016,DAY,normal,0,0
8126,2026-01-30T11:50:36.948Z,2026-01-30T11:50:38.514Z,1566,FG-C,BATCH-1016,DAY,normal,0,0
8127,2026-01-30T11:50:38.514Z,2026-01-30T11:50:40.073Z,1559,FG-C,BATCH-1016,DAY,normal,0,0
8128,2026-01-30T11:50:40.073Z,2026-01-30T11:50:45.366Z,5293,FG-C,BATCH-1016,DAY,jam_recovery,1,1
8129,2026-01-30T11:50:45.366Z,2026-01-30T11:50:46.810Z,1444,FG-C,BATCH-1016,DAY,normal,0,0
8130,2026-01-30T11:50:46.810Z,2026-01-30T11:50:48.171Z,1361,FG-C,BATCH-1016,DAY,normal,0,0
8131,2026-01-30T11:50:48.171Z,2026-01-30T11:50:49.790Z,1619,FG-C,BATCH-1016,DAY,normal,0,0
8132,2026-01-30T11:50:49.790Z,2026-01-30T11:50:51.397Z,1607,FG-C,BATCH-1016,DAY,normal,0,0
8133,2026-01-30T11:50:51.397Z,2026-01-30T11:50:52.896Z,1499,FG-C,BATCH-1016,DAY,normal,0,0
8134,2026-01-30T11:50:52.896Z,2026-01-30T11:50:54.509Z,1613,FG-C,BATCH-1016,DAY,normal,0,0
8135,2026-01-30T11:50:54.509Z,2026-01-30T11:50:56.135Z,1626,FG-C,BATCH-1016,DAY,normal,0,0
8136,2026-01-30T11:50:56.135Z,2026-01-30T11:50:57.694Z,1559,FG-C,BATCH-1016,DAY,normal,0,0
8137,2026-01-30T11:50:57.694Z,2026-01-30T11:50:59.066Z,1372,FG-C,BATCH-1016,DAY,normal,0,0
8138,2026-01-30T11:50:59.066Z,2026-01-30T11:51:00.554Z,1488,FG-C,BATCH-1016,DAY,normal,0,0
8139,2026-01-30T11:51:00.554Z,2026-01-30T11:51:02.050Z,1496,FG-C,BATCH-1016,DAY,normal,0,0
8140,2026-01-30T11:51:02.050Z,2026-01-30T11:51:03.759Z,1709,FG-C,BATCH-1016,DAY,normal,0,0
8141,2026-01-30T11:51:03.759Z,2026-01-30T11:51:05.249Z,1490,FG-C,BATCH-1016,DAY,normal,0,0
8142,2026-01-30T11:51:05.249Z,2026-01-30T11:51:06.754Z,1505,FG-C,BATCH-1016,DAY,normal,0,0
8143,2026-01-30T11:51:06.754Z,2026-01-30T11:51:08.264Z,1510,FG-C,BATCH-1016,DAY,normal,0,0
8144,2026-01-30T11:51:08.264Z,2026-01-30T11:51:09.652Z,1388,FG-C,BATCH-1016,DAY,normal,0,0
8145,2026-01-30T11:51:09.652Z,2026-01-30T11:51:11.354Z,1702,FG-C,BATCH-1016,DAY,normal,0,0
8146,2026-01-30T11:51:11.354Z,2026-01-30T11:51:12.798Z,1444,FG-C,BATCH-1016,DAY,normal,0,0
8147,2026-01-30T11:51:12.798Z,2026-01-30T11:51:14.144Z,1346,FG-C,BATCH-1016,DAY,normal,0,0
8148,2026-01-30T11:51:14.144Z,2026-01-30T11:51:15.493Z,1349,FG-C,BATCH-1016,DAY,normal,0,0
8149,2026-01-30T11:51:15.493Z,2026-01-30T11:51:16.876Z,1383,FG-C,BATCH-1016,DAY,normal,0,0
8150,2026-01-30T11:51:16.876Z,2026-01-30T11:51:18.420Z,1544,FG-C,BATCH-1016,DAY,normal,0,0
8151,2026-01-30T11:51:18.420Z,2026-01-30T11:51:19.799Z,1379,FG-C,BATCH-1016,DAY,normal,0,0
8152,2026-01-30T11:51:19.799Z,2026-01-30T11:51:21.093Z,1294,FG-C,BATCH-1016,DAY,normal,0,0
8153,2026-01-30T11:51:21.093Z,2026-01-30T11:51:22.453Z,1360,FG-C,BATCH-1016,DAY,normal,0,0
8154,2026-01-30T11:51:22.453Z,2026-01-30T11:51:24.080Z,1627,FG-C,BATCH-1016,DAY,normal,0,0
8155,2026-01-30T11:51:24.080Z,2026-01-30T11:51:25.739Z,1659,FG-C,BATCH-1016,DAY,normal,0,0
8156,2026-01-30T11:51:25.739Z,2026-01-30T11:51:27.058Z,1319,FG-C,BATCH-1016,DAY,normal,0,0
8157,2026-01-30T11:51:27.058Z,2026-01-30T11:51:28.596Z,1538,FG-C,BATCH-1016,DAY,normal,0,0
8158,2026-01-30T11:51:28.596Z,2026-01-30T11:51:30.066Z,1470,FG-C,BATCH-1016,DAY,normal,0,0
8159,2026-01-30T11:51:30.066Z,2026-01-30T11:51:31.703Z,1637,FG-C,BATCH-1016,DAY,normal,0,0
8160,2026-01-30T11:51:31.703Z,2026-01-30T11:51:33.226Z,1523,FG-C,BATCH-1016,DAY,normal,0,0
8161,2026-01-30T11:51:33.226Z,2026-01-30T11:51:34.632Z,1406,FG-C,BATCH-1016,DAY,normal,0,0
8162,2026-01-30T11:51:34.632Z,2026-01-30T11:51:36.159Z,1527,FG-C,BATCH-1016,DAY,normal,0,0
8163,2026-01-30T11:51:36.159Z,2026-01-30T11:51:37.572Z,1413,FG-C,BATCH-1016,DAY,normal,0,0
8164,2026-01-30T11:51:37.572Z,2026-01-30T11:51:39.086Z,1514,FG-C,BATCH-1016,DAY,normal,0,0
8165,2026-01-30T11:51:39.086Z,2026-01-30T11:51:40.527Z,1441,FG-C,BATCH-1016,DAY,normal,0,0
8166,2026-01-30T11:51:40.527Z,2026-01-30T11:51:43.665Z,3138,FG-C,BATCH-1016,DAY,slow_cycle,0,1
8167,2026-01-30T11:51:43.665Z,2026-01-30T11:51:45.019Z,1354,FG-C,BATCH-1016,DAY,normal,0,0
8168,2026-01-30T11:51:45.019Z,2026-01-30T11:51:46.329Z,1310,FG-C,BATCH-1016,DAY,normal,0,0
8169,2026-01-30T11:51:46.329Z,2026-01-30T11:51:47.942Z,1613,FG-C,BATCH-1016,DAY,normal,0,0
8170,2026-01-30T11:51:47.942Z,2026-01-30T11:51:49.528Z,1586,FG-C,BATCH-1016,DAY,normal,0,0
8171,2026-01-30T11:51:49.528Z,2026-01-30T11:51:50.981Z,1453,FG-C,BATCH-1016,DAY,normal,0,0
8172,2026-01-30T11:51:50.981Z,2026-01-30T11:51:52.528Z,1547,FG-C,BATCH-1016,DAY,normal,0,0
8173,2026-01-30T11:51:52.528Z,2026-01-30T11:51:53.926Z,1398,FG-C,BATCH-1016,DAY,normal,0,0
8174,2026-01-30T11:51:53.926Z,2026-01-30T11:51:55.333Z,1407,FG-C,BATCH-1016,DAY,normal,0,0
8175,2026-01-30T11:51:55.333Z,2026-01-30T11:51:56.788Z,1455,FG-C,BATCH-1016,DAY,normal,0,0
8176,2026-01-30T11:51:56.788Z,2026-01-30T11:51:58.315Z,1527,FG-C,BATCH-1016,DAY,normal,0,0
8177,2026-01-30T11:51:58.315Z,2026-01-30T11:51:59.802Z,1487,FG-C,BATCH-1016,DAY,normal,0,0
8178,2026-01-30T11:51:59.802Z,2026-01-30T11:52:01.313Z,1511,FG-C,BATCH-1016,DAY,normal,0,0
8179,2026-01-30T11:52:01.313Z,2026-01-30T11:52:02.744Z,1431,FG-C,BATCH-1016,DAY,normal,0,0
8180,2026-01-30T11:52:02.744Z,2026-01-30T11:52:04.234Z,1490,FG-C,BATCH-1016,DAY,normal,0,0
8181,2026-01-30T11:52:04.234Z,2026-01-30T11:52:05.772Z,1538,FG-C,BATCH-1016,DAY,normal,0,0
8182,2026-01-30T11:52:05.772Z,2026-01-30T11:52:07.456Z,1684,FG-C,BATCH-1016,DAY,normal,0,0
8183,2026-01-30T11:52:07.456Z,2026-01-30T11:52:08.856Z,1400,FG-C,BATCH-1016,DAY,normal,0,0
8184,2026-01-30T11:52:08.856Z,2026-01-30T11:52:10.310Z,1454,FG-C,BATCH-1016,DAY,normal,0,0
8185,2026-01-30T11:52:10.310Z,2026-01-30T11:52:11.801Z,1491,FG-C,BATCH-1016,DAY,normal,0,0
8186,2026-01-30T11:52:11.801Z,2026-01-30T11:52:13.214Z,1413,FG-C,BATCH-1016,DAY,normal,0,0
8187,2026-01-30T11:52:13.214Z,2026-01-30T11:52:14.482Z,1268,FG-C,BATCH-1016,DAY,normal,0,0
8188,2026-01-30T11:52:14.482Z,2026-01-30T11:52:16.098Z,1616,FG-C,BATCH-1016,DAY,normal,0,0
8189,2026-01-30T11:52:16.098Z,2026-01-30T11:52:17.565Z,1467,FG-C,BATCH-1016,DAY,normal,0,0
8190,2026-01-30T11:52:17.565Z,2026-01-30T11:52:19.188Z,1623,FG-C,BATCH-1016,DAY,normal,0,0
8191,2026-01-30T11:52:19.188Z,2026-01-30T11:52:20.787Z,1599,FG-C,BATCH-1016,DAY,normal,0,0
8192,2026-01-30T11:52:20.787Z,2026-01-30T11:52:22.446Z,1659,FG-C,BATCH-1016,DAY,normal,0,0
8193,2026-01-30T11:52:22.446Z,2026-01-30T11:52:24.029Z,1583,FG-C,BATCH-1016,DAY,normal,0,0
8194,2026-01-30T11:52:24.029Z,2026-01-30T11:52:25.309Z,1280,FG-C,BATCH-1016,DAY,fast_cycle,0,0
8195,2026-01-30T11:52:25.309Z,2026-01-30T11:52:26.643Z,1334,FG-C,BATCH-1016,DAY,normal,0,0
8196,2026-01-30T11:52:26.643Z,2026-01-30T11:52:28.167Z,1524,FG-C,BATCH-1016,DAY,normal,0,0
8197,2026-01-30T11:52:28.167Z,2026-01-30T11:52:29.663Z,1496,FG-C,BATCH-1016,DAY,normal,0,0
8198,2026-01-30T11:52:29.663Z,2026-01-30T11:52:31.389Z,1726,FG-C,BATCH-1016,DAY,normal,0,0
8199,2026-01-30T11:52:31.389Z,2026-01-30T11:52:32.900Z,1511,FG-C,BATCH-1016,DAY,normal,0,0
8200,2026-01-30T11:52:32.900Z,2026-01-30T11:52:34.429Z,1529,FG-C,BATCH-1016,DAY,normal,0,0
8201,2026-01-30T11:52:34.429Z,2026-01-30T11:52:35.915Z,1486,FG-C,BATCH-1016,DAY,normal,0,0
8202,2026-01-30T11:52:35.915Z,2026-01-30T11:52:37.326Z,1411,FG-C,BATCH-1016,DAY,normal,0,0
8203,2026-01-30T11:52:37.326Z,2026-01-30T11:52:38.783Z,1457,FG-C,BATCH-1016,DAY,normal,0,0
8204,2026-01-30T11:52:38.783Z,2026-01-30T11:52:40.350Z,1567,FG-C,BATCH-1016,DAY,normal,0,0
8205,2026-01-30T11:52:40.350Z,2026-01-30T11:52:41.935Z,1585,FG-C,BATCH-1016,DAY,normal,0,0
8206,2026-01-30T11:52:41.935Z,2026-01-30T11:52:43.254Z,1319,FG-C,BATCH-1016,DAY,normal,0,0
8207,2026-01-30T11:52:43.254Z,2026-01-30T11:52:44.659Z,1405,FG-C,BATCH-1016,DAY,normal,0,0
8208,2026-01-30T11:52:44.659Z,2026-01-30T11:52:46.138Z,1479,FG-C,BATCH-1016,DAY,normal,0,0
8209,2026-01-30T11:52:46.138Z,2026-01-30T11:52:47.866Z,1728,FG-C,BATCH-1016,DAY,normal,0,0
8210,2026-01-30T11:52:47.866Z,2026-01-30T11:52:49.330Z,1464,FG-C,BATCH-1016,DAY,normal,0,0
8211,2026-01-30T11:52:49.330Z,2026-01-30T11:52:50.581Z,1251,FG-C,BATCH-1016,DAY,normal,0,0
8212,2026-01-30T11:52:50.581Z,2026-01-30T11:52:52.139Z,1558,FG-C,BATCH-1016,DAY,normal,0,0
8213,2026-01-30T11:52:52.139Z,2026-01-30T11:52:53.713Z,1574,FG-C,BATCH-1016,DAY,normal,0,0
8214,2026-01-30T11:52:53.713Z,2026-01-30T11:52:55.381Z,1668,FG-C,BATCH-1016,DAY,normal,0,0
8215,2026-01-30T11:52:55.381Z,2026-01-30T11:52:56.973Z,1592,FG-C,BATCH-1016,DAY,normal,0,0
8216,2026-01-30T11:52:56.973Z,2026-01-30T11:52:58.462Z,1489,FG-C,BATCH-1016,DAY,normal,0,0
8217,2026-01-30T11:52:58.462Z,2026-01-30T11:52:59.982Z,1520,FG-C,BATCH-1016,DAY,normal,0,0
8218,2026-01-30T11:52:59.982Z,2026-01-30T11:53:01.422Z,1440,FG-C,BATCH-1016,DAY,normal,0,0
8219,2026-01-30T11:53:01.422Z,2026-01-30T11:53:02.870Z,1448,FG-C,BATCH-1016,DAY,normal,0,0
8220,2026-01-30T11:53:02.870Z,2026-01-30T11:53:04.288Z,1418,FG-C,BATCH-1016,DAY,normal,0,0
8221,2026-01-30T11:53:04.288Z,2026-01-30T11:53:06.021Z,1733,FG-C,BATCH-1016,DAY,normal,0,0
8222,2026-01-30T11:53:06.021Z,2026-01-30T11:53:07.406Z,1385,FG-C,BATCH-1016,DAY,normal,0,0
8223,2026-01-30T11:53:07.406Z,2026-01-30T11:53:08.942Z,1536,FG-C,BATCH-1016,DAY,normal,0,0
8224,2026-01-30T11:53:08.942Z,2026-01-30T11:53:10.471Z,1529,FG-C,BATCH-1016,DAY,normal,0,0
8225,2026-01-30T11:53:10.471Z,2026-01-30T11:53:11.924Z,1453,FG-C,BATCH-1016,DAY,normal,0,0
8226,2026-01-30T11:53:11.924Z,2026-01-30T11:53:16.457Z,4533,FG-C,BATCH-1016,DAY,jam_recovery,0,1
8227,2026-01-30T11:53:16.457Z,2026-01-30T11:53:18.067Z,1610,FG-C,BATCH-1016,DAY,normal,0,0
8228,2026-01-30T11:53:18.067Z,2026-01-30T11:53:19.285Z,1218,FG-C,BATCH-1016,DAY,normal,0,0
8229,2026-01-30T11:53:19.285Z,2026-01-30T11:53:20.692Z,1407,FG-C,BATCH-1016,DAY,normal,0,0
8230,2026-01-30T11:53:20.692Z,2026-01-30T11:53:22.287Z,1595,FG-C,BATCH-1016,DAY,normal,0,0
8231,2026-01-30T11:53:22.287Z,2026-01-30T11:53:23.732Z,1445,FG-C,BATCH-1016,DAY,normal,0,0
8232,2026-01-30T11:53:23.732Z,2026-01-30T11:53:25.197Z,1465,FG-C,BATCH-1016,DAY,normal,0,0
8233,2026-01-30T11:53:25.197Z,2026-01-30T11:53:26.752Z,1555,FG-C,BATCH-1016,DAY,normal,0,0
8234,2026-01-30T11:53:26.752Z,2026-01-30T11:53:28.119Z,1367,FG-C,BATCH-1016,DAY,normal,0,0
8235,2026-01-30T11:53:28.119Z,2026-01-30T11:53:29.477Z,1358,FG-C,BATCH-1016,DAY,normal,0,0
8236,2026-01-30T11:53:29.477Z,2026-01-30T11:53:31.052Z,1575,FG-C,BATCH-1016,DAY,normal,0,0
8237,2026-01-30T11:53:31.052Z,2026-01-30T11:53:32.571Z,1519,FG-C,BATCH-1016,DAY,normal,0,0
8238,2026-01-30T11:53:32.571Z,2026-01-30T11:53:34.059Z,1488,FG-C,BATCH-1016,DAY,normal,0,0
8239,2026-01-30T11:53:34.059Z,2026-01-30T11:53:35.583Z,1524,FG-C,BATCH-1016,DAY,normal,0,0
8240,2026-01-30T11:53:35.583Z,2026-01-30T11:53:37.023Z,1440,FG-C,BATCH-1016,DAY,normal,0,0
8241,2026-01-30T11:53:37.023Z,2026-01-30T11:53:38.589Z,1566,FG-C,BATCH-1016,DAY,normal,0,0
8242,2026-01-30T11:53:38.589Z,2026-01-30T11:53:40.156Z,1567,FG-C,BATCH-1016,DAY,normal,0,0
8243,2026-01-30T11:53:40.156Z,2026-01-30T11:53:41.812Z,1656,FG-C,BATCH-1016,DAY,normal,0,0
8244,2026-01-30T11:53:41.812Z,2026-01-30T11:53:43.225Z,1413,FG-C,BATCH-1016,DAY,normal,0,0
8245,2026-01-30T11:53:43.225Z,2026-01-30T11:53:44.860Z,1635,FG-C,BATCH-1016,DAY,normal,0,0
8246,2026-01-30T11:53:44.860Z,2026-01-30T11:53:46.307Z,1447,FG-C,BATCH-1016,DAY,normal,0,0
8247,2026-01-30T11:53:46.307Z,2026-01-30T11:53:47.655Z,1348,FG-C,BATCH-1016,DAY,normal,0,0
8248,2026-01-30T11:53:47.655Z,2026-01-30T11:53:49.183Z,1528,FG-C,BATCH-1016,DAY,normal,0,0
8249,2026-01-30T11:53:49.183Z,2026-01-30T11:53:50.650Z,1467,FG-C,BATCH-1016,DAY,normal,0,0
8250,2026-01-30T11:53:50.650Z,2026-01-30T11:53:52.186Z,1536,FG-C,BATCH-1016,DAY,normal,0,0
8251,2026-01-30T11:53:52.186Z,2026-01-30T11:53:53.459Z,1273,FG-C,BATCH-1016,DAY,normal,0,0
8252,2026-01-30T11:53:53.459Z,2026-01-30T11:53:55.038Z,1579,FG-C,BATCH-1016,DAY,normal,0,0
8253,2026-01-30T11:53:55.038Z,2026-01-30T11:53:56.544Z,1506,FG-C,BATCH-1016,DAY,normal,0,0
8254,2026-01-30T11:53:56.544Z,2026-01-30T11:53:58.026Z,1482,FG-C,BATCH-1016,DAY,normal,0,0
8255,2026-01-30T11:53:58.026Z,2026-01-30T11:53:59.493Z,1467,FG-C,BATCH-1016,DAY,normal,0,0
8256,2026-01-30T11:53:59.493Z,2026-01-30T11:54:01.138Z,1645,FG-C,BATCH-1016,DAY,normal,0,0
8257,2026-01-30T11:54:01.138Z,2026-01-30T11:54:02.656Z,1518,FG-C,BATCH-1016,DAY,normal,0,0
8258,2026-01-30T11:54:02.656Z,2026-01-30T11:54:04.243Z,1587,FG-C,BATCH-1016,DAY,normal,0,0
8259,2026-01-30T11:54:04.243Z,2026-01-30T11:54:05.538Z,1295,FG-C,BATCH-1016,DAY,normal,0,0
8260,2026-01-30T11:54:05.538Z,2026-01-30T11:54:07.036Z,1498,FG-C,BATCH-1016,DAY,normal,0,0
8261,2026-01-30T11:54:07.036Z,2026-01-30T11:54:08.535Z,1499,FG-C,BATCH-1016,DAY,normal,0,0
8262,2026-01-30T11:54:08.535Z,2026-01-30T11:54:09.955Z,1420,FG-C,BATCH-1016,DAY,normal,0,0
8263,2026-01-30T11:54:09.955Z,2026-01-30T11:54:11.483Z,1528,FG-C,BATCH-1016,DAY,normal,0,0
8264,2026-01-30T11:54:11.483Z,2026-01-30T11:54:13.003Z,1520,FG-C,BATCH-1016,DAY,normal,0,0
8265,2026-01-30T11:54:13.003Z,2026-01-30T11:54:14.476Z,1473,FG-C,BATCH-1016,DAY,normal,0,0
8266,2026-01-30T11:54:14.476Z,2026-01-30T11:54:16.054Z,1578,FG-C,BATCH-1016,DAY,normal,0,0
8267,2026-01-30T11:54:16.054Z,2026-01-30T11:54:17.354Z,1300,FG-C,BATCH-1016,DAY,normal,0,0
8268,2026-01-30T11:54:17.354Z,2026-01-30T11:54:18.885Z,1531,FG-C,BATCH-1016,DAY,normal,0,0
8269,2026-01-30T11:54:18.885Z,2026-01-30T11:54:20.530Z,1645,FG-C,BATCH-1016,DAY,normal,0,0
8270,2026-01-30T11:54:20.530Z,2026-01-30T11:54:22.163Z,1633,FG-C,BATCH-1016,DAY,normal,0,0
8271,2026-01-30T11:54:22.163Z,2026-01-30T11:54:23.632Z,1469,FG-C,BATCH-1016,DAY,normal,0,0
8272,2026-01-30T11:54:23.632Z,2026-01-30T11:54:27.807Z,4175,FG-C,BATCH-1016,DAY,jam_recovery,0,1
8273,2026-01-30T11:54:27.807Z,2026-01-30T11:54:29.207Z,1400,FG-C,BATCH-1016,DAY,normal,0,0
8274,2026-01-30T11:54:29.207Z,2026-01-30T11:54:30.543Z,1336,FG-C,BATCH-1016,DAY,normal,0,0
8275,2026-01-30T11:54:30.543Z,2026-01-30T11:54:32.049Z,1506,FG-C,BATCH-1016,DAY,normal,0,0
8276,2026-01-30T11:54:32.049Z,2026-01-30T11:54:33.430Z,1381,FG-C,BATCH-1016,DAY,normal,0,0
8277,2026-01-30T11:54:33.430Z,2026-01-30T11:54:34.956Z,1526,FG-C,BATCH-1016,DAY,normal,0,0
8278,2026-01-30T11:54:34.956Z,2026-01-30T11:54:37.355Z,2399,FG-C,BATCH-1016,DAY,slow_cycle,0,1
8279,2026-01-30T11:54:37.355Z,2026-01-30T11:54:38.805Z,1450,FG-C,BATCH-1016,DAY,normal,0,0
8280,2026-01-30T11:54:38.805Z,2026-01-30T11:54:40.316Z,1511,FG-C,BATCH-1016,DAY,normal,0,0
8281,2026-01-30T11:54:40.316Z,2026-01-30T11:54:41.820Z,1504,FG-C,BATCH-1016,DAY,normal,0,0
8282,2026-01-30T11:54:41.820Z,2026-01-30T11:54:43.138Z,1318,FG-C,BATCH-1016,DAY,normal,0,0
8283,2026-01-30T11:54:43.138Z,2026-01-30T11:54:45.991Z,2853,FG-C,BATCH-1016,DAY,slow_cycle,0,1
8284,2026-01-30T11:54:45.991Z,2026-01-30T11:54:47.484Z,1493,FG-C,BATCH-1016,DAY,normal,0,0
8285,2026-01-30T11:54:47.484Z,2026-01-30T11:54:48.980Z,1496,FG-C,BATCH-1016,DAY,normal,0,0
8286,2026-01-30T11:54:48.980Z,2026-01-30T11:54:50.552Z,1572,FG-C,BATCH-1016,DAY,normal,0,0
8287,2026-01-30T11:54:50.552Z,2026-01-30T11:54:51.982Z,1430,FG-C,BATCH-1016,DAY,normal,0,0
8288,2026-01-30T11:54:51.982Z,2026-01-30T11:54:53.484Z,1502,FG-C,BATCH-1016,DAY,normal,0,0
8289,2026-01-30T11:54:53.484Z,2026-01-30T11:54:54.949Z,1465,FG-C,BATCH-1016,DAY,normal,0,0
8290,2026-01-30T11:54:54.949Z,2026-01-30T11:54:56.649Z,1700,FG-C,BATCH-1016,DAY,normal,0,0
8291,2026-01-30T11:54:56.649Z,2026-01-30T11:54:58.022Z,1373,FG-C,BATCH-1016,DAY,normal,0,0
8292,2026-01-30T11:54:58.022Z,2026-01-30T11:54:59.372Z,1350,FG-C,BATCH-1016,DAY,normal,0,0
8293,2026-01-30T11:54:59.372Z,2026-01-30T11:55:00.739Z,1367,FG-C,BATCH-1016,DAY,normal,0,0
8294,2026-01-30T11:55:00.739Z,2026-01-30T11:55:02.244Z,1505,FG-C,BATCH-1016,DAY,normal,0,0
8295,2026-01-30T11:55:02.244Z,2026-01-30T11:55:03.674Z,1430,FG-C,BATCH-1016,DAY,normal,0,0
8296,2026-01-30T11:55:03.674Z,2026-01-30T11:55:05.229Z,1555,FG-C,BATCH-1016,DAY,normal,0,0
8297,2026-01-30T11:55:05.229Z,2026-01-30T11:55:06.458Z,1229,FG-C,BATCH-1016,DAY,fast_cycle,0,0
8298,2026-01-30T11:55:06.458Z,2026-01-30T11:55:07.846Z,1388,FG-C,BATCH-1016,DAY,normal,0,0
8299,2026-01-30T11:55:07.846Z,2026-01-30T11:55:09.294Z,1448,FG-C,BATCH-1016,DAY,normal,0,0
8300,2026-01-30T11:55:09.294Z,2026-01-30T11:55:10.606Z,1312,FG-C,BATCH-1016,DAY,normal,0,0
8301,2026-01-30T11:55:10.606Z,2026-01-30T11:55:11.926Z,1320,FG-C,BATCH-1016,DAY,fast_cycle,0,0
8302,2026-01-30T11:55:11.926Z,2026-01-30T11:55:16.996Z,5070,FG-C,BATCH-1016,DAY,jam_recovery,1,1
8303,2026-01-30T11:55:16.996Z,2026-01-30T11:55:18.392Z,1396,FG-C,BATCH-1016,DAY,normal,0,0
8304,2026-01-30T11:55:18.392Z,2026-01-30T11:55:19.819Z,1427,FG-C,BATCH-1016,DAY,normal,0,0
8305,2026-01-30T11:55:19.819Z,2026-01-30T11:55:21.331Z,1512,FG-C,BATCH-1016,DAY,normal,0,0
8306,2026-01-30T11:55:21.331Z,2026-01-30T11:55:22.968Z,1637,FG-C,BATCH-1016,DAY,normal,0,0
8307,2026-01-30T11:55:22.968Z,2026-01-30T11:55:24.432Z,1464,FG-C,BATCH-1016,DAY,normal,0,0
8308,2026-01-30T11:55:24.432Z,2026-01-30T11:55:25.721Z,1289,FG-C,BATCH-1016,DAY,normal,0,0
8309,2026-01-30T11:55:25.721Z,2026-01-30T11:55:27.104Z,1383,FG-C,BATCH-1016,DAY,normal,0,0
8310,2026-01-30T11:55:27.104Z,2026-01-30T11:55:28.717Z,1613,FG-C,BATCH-1016,DAY,normal,0,0
8311,2026-01-30T11:55:28.717Z,2026-01-30T11:55:30.221Z,1504,FG-C,BATCH-1016,DAY,normal,0,0
8312,2026-01-30T11:55:30.221Z,2026-01-30T11:55:31.770Z,1549,FG-C,BATCH-1016,DAY,normal,0,0
8313,2026-01-30T11:55:31.770Z,2026-01-30T11:55:33.343Z,1573,FG-C,BATCH-1016,DAY,normal,0,0
8314,2026-01-30T11:55:33.343Z,2026-01-30T11:55:34.863Z,1520,FG-C,BATCH-1016,DAY,normal,0,0
8315,2026-01-30T11:55:34.863Z,2026-01-30T11:55:36.333Z,1470,FG-C,BATCH-1016,DAY,normal,0,0
8316,2026-01-30T11:55:36.333Z,2026-01-30T11:55:37.830Z,1497,FG-C,BATCH-1016,DAY,normal,0,0
8317,2026-01-30T11:55:37.830Z,2026-01-30T11:55:39.536Z,1706,FG-C,BATCH-1016,DAY,normal,0,0
8318,2026-01-30T11:55:39.536Z,2026-01-30T11:55:40.980Z,1444,FG-C,BATCH-1016,DAY,normal,0,0
8319,2026-01-30T11:55:40.980Z,2026-01-30T11:55:42.469Z,1489,FG-C,BATCH-1016,DAY,normal,0,0
8320,2026-01-30T11:55:42.469Z,2026-01-30T11:55:44.112Z,1643,FG-C,BATCH-1016,DAY,normal,0,0
8321,2026-01-30T11:55:44.112Z,2026-01-30T11:55:45.567Z,1455,FG-C,BATCH-1016,DAY,normal,0,0
8322,2026-01-30T11:55:45.567Z,2026-01-30T11:55:47.004Z,1437,FG-C,BATCH-1016,DAY,normal,0,0
8323,2026-01-30T11:55:47.004Z,2026-01-30T11:55:48.683Z,1679,FG-C,BATCH-1016,DAY,normal,0,0
8324,2026-01-30T11:55:48.683Z,2026-01-30T11:55:50.214Z,1531,FG-C,BATCH-1016,DAY,normal,0,0
8325,2026-01-30T11:55:50.214Z,2026-01-30T11:55:51.724Z,1510,FG-C,BATCH-1016,DAY,normal,0,0
8326,2026-01-30T11:55:51.724Z,2026-01-30T11:56:05.115Z,13391,FG-C,BATCH-1016,DAY,long_gap,1,1
8327,2026-01-30T11:56:05.115Z,2026-01-30T11:56:06.539Z,1424,FG-C,BATCH-1016,DAY,normal,0,0
8328,2026-01-30T11:56:06.539Z,2026-01-30T11:56:08.141Z,1602,FG-C,BATCH-1016,DAY,normal,0,0
8329,2026-01-30T11:56:08.141Z,2026-01-30T11:56:09.587Z,1446,FG-C,BATCH-1016,DAY,normal,0,0
8330,2026-01-30T11:56:09.587Z,2026-01-30T11:56:11.125Z,1538,FG-C,BATCH-1016,DAY,normal,0,0
8331,2026-01-30T11:56:11.125Z,2026-01-30T11:56:12.606Z,1481,FG-C,BATCH-1016,DAY,normal,0,0
8332,2026-01-30T11:56:12.606Z,2026-01-30T11:56:14.254Z,1648,FG-C,BATCH-1016,DAY,normal,0,0
8333,2026-01-30T11:56:14.254Z,2026-01-30T11:56:15.923Z,1669,FG-C,BATCH-1016,DAY,normal,0,0
8334,2026-01-30T11:56:15.923Z,2026-01-30T11:56:17.636Z,1713,FG-C,BATCH-1016,DAY,normal,0,0
8335,2026-01-30T11:56:17.636Z,2026-01-30T11:56:19.085Z,1449,FG-C,BATCH-1016,DAY,normal,0,0
8336,2026-01-30T11:56:19.085Z,2026-01-30T11:56:20.712Z,1627,FG-C,BATCH-1016,DAY,normal,0,0
8337,2026-01-30T11:56:20.712Z,2026-01-30T11:56:22.215Z,1503,FG-C,BATCH-1016,DAY,normal,0,0
8338,2026-01-30T11:56:22.215Z,2026-01-30T11:56:23.838Z,1623,FG-C,BATCH-1016,DAY,normal,0,0
8339,2026-01-30T11:56:23.838Z,2026-01-30T11:56:25.196Z,1358,FG-C,BATCH-1016,DAY,normal,0,0
8340,2026-01-30T11:56:25.196Z,2026-01-30T11:56:26.619Z,1423,FG-C,BATCH-1016,DAY,normal,0,0
8341,2026-01-30T11:56:26.619Z,2026-01-30T11:56:27.728Z,1109,FG-C,BATCH-1016,DAY,fast_cycle,0,0
8342,2026-01-30T11:56:27.728Z,2026-01-30T11:56:29.243Z,1515,FG-C,BATCH-1016,DAY,normal,0,0
8343,2026-01-30T11:56:29.243Z,2026-01-30T11:56:30.891Z,1648,FG-C,BATCH-1016,DAY,normal,0,0
8344,2026-01-30T11:56:30.891Z,2026-01-30T11:56:32.437Z,1546,FG-C,BATCH-1016,DAY,normal,0,0
8345,2026-01-30T11:56:32.437Z,2026-01-30T11:56:33.909Z,1472,FG-C,BATCH-1016,DAY,normal,0,0
8346,2026-01-30T11:56:33.909Z,2026-01-30T11:56:35.509Z,1600,FG-C,BATCH-1016,DAY,normal,0,0
8347,2026-01-30T11:56:35.509Z,2026-01-30T11:56:38.480Z,2971,FG-C,BATCH-1016,DAY,slow_cycle,0,1
8348,2026-01-30T11:56:38.480Z,2026-01-30T11:56:40.090Z,1610,FG-C,BATCH-1016,DAY,normal,0,0
8349,2026-01-30T11:56:40.090Z,2026-01-30T11:56:41.598Z,1508,FG-C,BATCH-1016,DAY,normal,0,0
8350,2026-01-30T11:56:41.598Z,2026-01-30T11:56:43.184Z,1586,FG-C,BATCH-1016,DAY,normal,0,0
8351,2026-01-30T11:56:43.184Z,2026-01-30T11:56:44.819Z,1635,FG-C,BATCH-1016,DAY,normal,0,0
8352,2026-01-30T11:56:44.819Z,2026-01-30T11:56:46.109Z,1290,FG-C,BATCH-1016,DAY,normal,0,0
8353,2026-01-30T11:56:46.109Z,2026-01-30T11:56:47.716Z,1607,FG-C,BATCH-1016,DAY,normal,0,0
8354,2026-01-30T11:56:47.716Z,2026-01-30T11:56:49.215Z,1499,FG-C,BATCH-1016,DAY,normal,0,0
8355,2026-01-30T11:56:49.215Z,2026-01-30T11:56:50.665Z,1450,FG-C,BATCH-1016,DAY,normal,0,0
8356,2026-01-30T11:56:50.665Z,2026-01-30T11:56:52.198Z,1533,FG-C,BATCH-1016,DAY,normal,0,0
8357,2026-01-30T11:56:52.198Z,2026-01-30T11:56:53.593Z,1395,FG-C,BATCH-1016,DAY,normal,0,0
8358,2026-01-30T11:56:53.593Z,2026-01-30T11:56:55.053Z,1460,FG-C,BATCH-1016,DAY,normal,0,0
8359,2026-01-30T11:56:55.053Z,2026-01-30T11:56:56.448Z,1395,FG-C,BATCH-1016,DAY,normal,0,0
8360,2026-01-30T11:56:56.448Z,2026-01-30T11:56:57.891Z,1443,FG-C,BATCH-1016,DAY,normal,0,0
8361,2026-01-30T11:56:57.891Z,2026-01-30T11:56:59.398Z,1507,FG-C,BATCH-1016,DAY,normal,0,0
8362,2026-01-30T11:56:59.398Z,2026-01-30T11:57:01.017Z,1619,FG-C,BATCH-1016,DAY,normal,0,0
8363,2026-01-30T11:57:01.017Z,2026-01-30T11:57:02.588Z,1571,FG-C,BATCH-1016,DAY,normal,0,0
8364,2026-01-30T11:57:02.588Z,2026-01-30T11:57:04.057Z,1469,FG-C,BATCH-1016,DAY,normal,0,0
8365,2026-01-30T11:57:04.057Z,2026-01-30T11:57:05.466Z,1409,FG-C,BATCH-1016,DAY,normal,0,0
8366,2026-01-30T11:57:05.466Z,2026-01-30T11:57:06.599Z,1133,FG-C,BATCH-1016,DAY,fast_cycle,0,0
8367,2026-01-30T11:57:06.599Z,2026-01-30T11:57:08.098Z,1499,FG-C,BATCH-1016,DAY,normal,0,0
8368,2026-01-30T11:57:08.098Z,2026-01-30T11:57:09.617Z,1519,FG-C,BATCH-1016,DAY,normal,0,0
8369,2026-01-30T11:57:09.617Z,2026-01-30T11:57:11.243Z,1626,FG-C,BATCH-1016,DAY,normal,0,0
8370,2026-01-30T11:57:11.243Z,2026-01-30T11:57:12.778Z,1535,FG-C,BATCH-1016,DAY,normal,0,0
8371,2026-01-30T11:57:12.778Z,2026-01-30T11:57:14.404Z,1626,FG-C,BATCH-1016,DAY,normal,0,0
8372,2026-01-30T11:57:14.404Z,2026-01-30T11:57:15.788Z,1384,FG-C,BATCH-1016,DAY,normal,0,0
8373,2026-01-30T11:57:15.788Z,2026-01-30T11:57:17.291Z,1503,FG-C,BATCH-1016,DAY,normal,0,0
8374,2026-01-30T11:57:17.291Z,2026-01-30T11:57:18.761Z,1470,FG-C,BATCH-1016,DAY,normal,0,0
8375,2026-01-30T11:57:18.761Z,2026-01-30T11:57:20.314Z,1553,FG-C,BATCH-1016,DAY,fast_cycle,0,0
8376,2026-01-30T11:57:20.314Z,2026-01-30T11:57:21.767Z,1453,FG-C,BATCH-1016,DAY,normal,0,0
8377,2026-01-30T11:57:21.767Z,2026-01-30T11:57:23.272Z,1505,FG-C,BATCH-1016,DAY,normal,0,0
8378,2026-01-30T11:57:23.272Z,2026-01-30T11:57:24.896Z,1624,FG-C,BATCH-1016,DAY,normal,0,0
8379,2026-01-30T11:57:24.896Z,2026-01-30T11:57:26.447Z,1551,FG-C,BATCH-1016,DAY,normal,0,0
8380,2026-01-30T11:57:26.447Z,2026-01-30T11:57:27.830Z,1383,FG-C,BATCH-1016,DAY,normal,0,0
8381,2026-01-30T11:57:27.830Z,2026-01-30T11:57:29.212Z,1382,FG-C,BATCH-1016,DAY,normal,0,0
8382,2026-01-30T11:57:29.212Z,2026-01-30T11:57:30.763Z,1551,FG-C,BATCH-1016,DAY,normal,0,0
8383,2026-01-30T11:57:30.763Z,2026-01-30T11:57:32.334Z,1571,FG-C,BATCH-1016,DAY,normal,0,0
8384,2026-01-30T11:57:32.334Z,2026-01-30T11:57:33.833Z,1499,FG-C,BATCH-1016,DAY,normal,0,0
8385,2026-01-30T11:57:33.833Z,2026-01-30T11:57:35.409Z,1576,FG-C,BATCH-1016,DAY,normal,0,0
8386,2026-01-30T11:57:35.409Z,2026-01-30T11:57:36.875Z,1466,FG-C,BATCH-1016,DAY,normal,0,0
8387,2026-01-30T11:57:36.875Z,2026-01-30T11:57:38.379Z,1504,FG-C,BATCH-1016,DAY,normal,0,0
8388,2026-01-30T11:57:38.379Z,2026-01-30T11:57:39.808Z,1429,FG-C,BATCH-1016,DAY,normal,0,0
8389,2026-01-30T11:57:39.808Z,2026-01-30T11:57:42.271Z,2463,FG-C,BATCH-1016,DAY,slow_cycle,0,1
8390,2026-01-30T11:57:42.271Z,2026-01-30T11:57:46.388Z,4117,FG-C,BATCH-1016,DAY,jam_recovery,0,1
8391,2026-01-30T11:57:46.388Z,2026-01-30T11:57:47.550Z,1162,FG-C,BATCH-1016,DAY,fast_cycle,0,0
8392,2026-01-30T11:57:47.550Z,2026-01-30T11:57:49.040Z,1490,FG-C,BATCH-1016,DAY,normal,0,0
8393,2026-01-30T11:57:49.040Z,2026-01-30T11:57:50.489Z,1449,FG-C,BATCH-1016,DAY,normal,0,0
8394,2026-01-30T11:57:50.489Z,2026-01-30T11:57:51.816Z,1327,FG-C,BATCH-1016,DAY,normal,0,0
8395,2026-01-30T11:57:51.816Z,2026-01-30T11:57:53.331Z,1515,FG-C,BATCH-1016,DAY,normal,0,0
8396,2026-01-30T11:57:53.331Z,2026-01-30T11:57:58.603Z,5272,FG-C,BATCH-1016,DAY,jam_recovery,1,1
8397,2026-01-30T11:57:58.603Z,2026-01-30T11:58:00.267Z,1664,FG-C,BATCH-1016,DAY,normal,0,0
8398,2026-01-30T11:58:00.267Z,2026-01-30T11:58:01.628Z,1361,FG-C,BATCH-1016,DAY,fast_cycle,0,0
8399,2026-01-30T11:58:01.628Z,2026-01-30T11:58:03.188Z,1560,FG-C,BATCH-1016,DAY,normal,0,0
8400,2026-01-30T11:58:03.188Z,2026-01-30T11:58:04.628Z,1440,FG-C,BATCH-1016,DAY,normal,0,0
8401,2026-01-30T11:58:04.628Z,2026-01-30T11:58:05.980Z,1352,FG-C,BATCH-1016,DAY,normal,0,0
8402,2026-01-30T11:58:05.980Z,2026-01-30T11:58:07.515Z,1535,FG-C,BATCH-1016,DAY,normal,0,0
8403,2026-01-30T11:58:07.515Z,2026-01-30T11:58:09.205Z,1690,FG-C,BATCH-1016,DAY,normal,0,0
8404,2026-01-30T11:58:09.205Z,2026-01-30T11:58:10.753Z,1548,FG-C,BATCH-1016,DAY,normal,0,0
8405,2026-01-30T11:58:10.753Z,2026-01-30T11:58:12.242Z,1489,FG-C,BATCH-1016,DAY,normal,0,0
8406,2026-01-30T11:58:12.242Z,2026-01-30T11:58:13.774Z,1532,FG-C,BATCH-1016,DAY,normal,0,0
8407,2026-01-30T11:58:13.774Z,2026-01-30T11:58:15.297Z,1523,FG-C,BATCH-1016,DAY,normal,0,0
8408,2026-01-30T11:58:15.297Z,2026-01-30T11:58:16.641Z,1344,FG-C,BATCH-1016,DAY,normal,0,0
8409,2026-01-30T11:58:16.641Z,2026-01-30T11:58:18.254Z,1613,FG-C,BATCH-1016,DAY,normal,0,0
8410,2026-01-30T11:58:18.254Z,2026-01-30T11:58:19.677Z,1423,FG-C,BATCH-1016,DAY,normal,0,0
8411,2026-01-30T11:58:19.677Z,2026-01-30T11:58:21.209Z,1532,FG-C,BATCH-1016,DAY,normal,0,0
8412,2026-01-30T11:58:21.209Z,2026-01-30T11:58:22.809Z,1600,FG-C,BATCH-1016,DAY,normal,0,0
8413,2026-01-30T11:58:22.809Z,2026-01-30T11:58:24.456Z,1647,FG-C,BATCH-1016,DAY,normal,0,0
8414,2026-01-30T11:58:24.456Z,2026-01-30T11:58:25.987Z,1531,FG-C,BATCH-1016,DAY,normal,0,0
8415,2026-01-30T11:58:25.987Z,2026-01-30T11:58:27.429Z,1442,FG-C,BATCH-1016,DAY,normal,0,0
8416,2026-01-30T11:58:27.429Z,2026-01-30T11:58:28.959Z,1530,FG-C,BATCH-1016,DAY,normal,0,0
8417,2026-01-30T11:58:28.959Z,2026-01-30T11:58:30.442Z,1483,FG-C,BATCH-1016,DAY,normal,0,0
8418,2026-01-30T11:58:30.442Z,2026-01-30T11:58:31.801Z,1359,FG-C,BATCH-1016,DAY,normal,0,0
8419,2026-01-30T11:58:31.801Z,2026-01-30T11:58:33.246Z,1445,FG-C,BATCH-1016,DAY,normal,0,0
8420,2026-01-30T11:58:33.246Z,2026-01-30T11:58:34.650Z,1404,FG-C,BATCH-1016,DAY,normal,0,0
8421,2026-01-30T11:58:34.650Z,2026-01-30T11:58:36.175Z,1525,FG-C,BATCH-1016,DAY,normal,0,0
8422,2026-01-30T11:58:36.175Z,2026-01-30T11:58:37.567Z,1392,FG-C,BATCH-1016,DAY,normal,0,0
8423,2026-01-30T11:58:37.567Z,2026-01-30T11:58:39.217Z,1650,FG-C,BATCH-1016,DAY,normal,0,0
8424,2026-01-30T11:58:39.217Z,2026-01-30T11:58:40.579Z,1362,FG-C,BATCH-1016,DAY,normal,0,0
8425,2026-01-30T11:58:40.579Z,2026-01-30T11:58:42.134Z,1555,FG-C,BATCH-1016,DAY,normal,0,0
8426,2026-01-30T11:58:42.134Z,2026-01-30T11:58:43.583Z,1449,FG-C,BATCH-1016,DAY,normal,0,0
8427,2026-01-30T11:58:43.583Z,2026-01-30T11:58:44.891Z,1308,FG-C,BATCH-1016,DAY,normal,0,0
8428,2026-01-30T11:58:44.891Z,2026-01-30T11:58:46.336Z,1445,FG-C,BATCH-1016,DAY,normal,0,0
8429,2026-01-30T11:58:46.336Z,2026-01-30T11:58:47.908Z,1572,FG-C,BATCH-1016,DAY,normal,0,0
8430,2026-01-30T11:58:47.908Z,2026-01-30T11:58:49.430Z,1522,FG-C,BATCH-1016,DAY,normal,0,0
8431,2026-01-30T11:58:49.430Z,2026-01-30T11:58:50.874Z,1444,FG-C,BATCH-1016,DAY,normal,0,0
8432,2026-01-30T11:58:50.874Z,2026-01-30T11:58:52.150Z,1276,FG-C,BATCH-1016,DAY,normal,0,0
8433,2026-01-30T11:58:52.150Z,2026-01-30T11:58:53.777Z,1627,FG-C,BATCH-1016,DAY,normal,0,0
8434,2026-01-30T11:58:53.777Z,2026-01-30T11:58:55.319Z,1542,FG-C,BATCH-1016,DAY,normal,0,0
8435,2026-01-30T11:58:55.319Z,2026-01-30T11:59:07.794Z,12475,FG-C,BATCH-1016,DAY,long_gap,1,1
8436,2026-01-30T11:59:07.794Z,2026-01-30T11:59:09.236Z,1442,FG-C,BATCH-1016,DAY,normal,0,0
8437,2026-01-30T11:59:09.236Z,2026-01-30T11:59:10.826Z,1590,FG-C,BATCH-1016,DAY,normal,0,0
8438,2026-01-30T11:59:10.826Z,2026-01-30T11:59:12.473Z,1647,FG-C,BATCH-1016,DAY,normal,0,0
8439,2026-01-30T11:59:12.473Z,2026-01-30T11:59:14.137Z,1664,FG-C,BATCH-1016,DAY,normal,0,0
8440,2026-01-30T11:59:14.137Z,2026-01-30T11:59:15.695Z,1558,FG-C,BATCH-1016,DAY,normal,0,0
8441,2026-01-30T11:59:15.695Z,2026-01-30T11:59:17.266Z,1571,FG-C,BATCH-1016,DAY,normal,0,0
8442,2026-01-30T11:59:17.266Z,2026-01-30T11:59:18.825Z,1559,FG-C,BATCH-1016,DAY,normal,0,0
8443,2026-01-30T11:59:18.825Z,2026-01-30T11:59:20.266Z,1441,FG-C,BATCH-1016,DAY,normal,0,0
8444,2026-01-30T11:59:20.266Z,2026-01-30T11:59:21.778Z,1512,FG-C,BATCH-1016,DAY,normal,0,0
8445,2026-01-30T11:59:21.778Z,2026-01-30T11:59:23.350Z,1572,FG-C,BATCH-1016,DAY,normal,0,0
8446,2026-01-30T11:59:23.350Z,2026-01-30T11:59:24.713Z,1363,FG-C,BATCH-1016,DAY,normal,0,0
8447,2026-01-30T11:59:24.713Z,2026-01-30T11:59:26.053Z,1340,FG-C,BATCH-1016,DAY,normal,0,0
8448,2026-01-30T11:59:26.053Z,2026-01-30T11:59:27.803Z,1750,FG-C,BATCH-1016,DAY,normal,0,0
8449,2026-01-30T11:59:27.803Z,2026-01-30T11:59:29.302Z,1499,FG-C,BATCH-1016,DAY,normal,0,0
8450,2026-01-30T11:59:29.302Z,2026-01-30T11:59:30.869Z,1567,FG-C,BATCH-1016,DAY,normal,0,0
8451,2026-01-30T11:59:30.869Z,2026-01-30T11:59:32.365Z,1496,FG-C,BATCH-1016,DAY,normal,0,0
8452,2026-01-30T11:59:32.365Z,2026-01-30T11:59:33.901Z,1536,FG-C,BATCH-1016,DAY,normal,0,0
8453,2026-01-30T11:59:33.901Z,2026-01-30T11:59:35.384Z,1483,FG-C,BATCH-1016,DAY,normal,0,0
8454,2026-01-30T11:59:35.384Z,2026-01-30T11:59:36.898Z,1514,FG-C,BATCH-1016,DAY,normal,0,0
8455,2026-01-30T11:59:36.898Z,2026-01-30T11:59:38.481Z,1583,FG-C,BATCH-1016,DAY,normal,0,0
8456,2026-01-30T11:59:38.481Z,2026-01-30T11:59:40.165Z,1684,FG-C,BATCH-1016,DAY,normal,0,0
8457,2026-01-30T11:59:40.165Z,2026-01-30T11:59:41.868Z,1703,FG-C,BATCH-1016,DAY,normal,0,0
8458,2026-01-30T11:59:41.868Z,2026-01-30T11:59:43.448Z,1580,FG-C,BATCH-1016,DAY,normal,0,0
8459,2026-01-30T11:59:43.448Z,2026-01-30T11:59:44.687Z,1239,FG-C,BATCH-1016,DAY,fast_cycle,0,0
8460,2026-01-30T11:59:44.687Z,2026-01-30T11:59:46.218Z,1531,FG-C,BATCH-1016,DAY,normal,0,0
8461,2026-01-30T11:59:46.218Z,2026-01-30T11:59:47.811Z,1593,FG-C,BATCH-1016,DAY,normal,0,0
8462,2026-01-30T11:59:47.811Z,2026-01-30T11:59:49.356Z,1545,FG-C,BATCH-1016,DAY,normal,0,0
8463,2026-01-30T11:59:49.356Z,2026-01-30T11:59:50.810Z,1454,FG-C,BATCH-1016,DAY,normal,0,0
8464,2026-01-30T11:59:50.810Z,2026-01-30T11:59:52.398Z,1588,FG-C,BATCH-1016,DAY,normal,0,0
8465,2026-01-30T11:59:52.398Z,2026-01-30T11:59:53.823Z,1425,FG-C,BATCH-1016,DAY,normal,0,0
8466,2026-01-30T11:59:53.823Z,2026-01-30T11:59:55.326Z,1503,FG-C,BATCH-1016,DAY,normal,0,0
8467,2026-01-30T11:59:55.326Z,2026-01-30T11:59:56.757Z,1431,FG-C,BATCH-1016,DAY,normal,0,0
8468,2026-01-30T11:59:56.757Z,2026-01-30T11:59:58.383Z,1626,FG-C,BATCH-1016,DAY,normal,0,0
8469,2026-01-30T11:59:58.383Z,2026-01-30T11:59:59.842Z,1459,FG-C,BATCH-1016,DAY,normal,0,0
8470,2026-01-30T11:59:59.842Z,2026-01-30T12:00:01.242Z,1400,FG-C,BATCH-1016,DAY,normal,0,0
8471,2026-01-30T12:00:01.242Z,2026-01-30T12:00:02.799Z,1557,FG-C,BATCH-1016,DAY,normal,0,0
8472,2026-01-30T12:00:02.799Z,2026-01-30T12:00:04.301Z,1502,FG-C,BATCH-1016,DAY,normal,0,0
8473,2026-01-30T12:00:04.301Z,2026-01-30T12:00:05.984Z,1683,FG-C,BATCH-1016,DAY,normal,0,0
8474,2026-01-30T12:00:05.984Z,2026-01-30T12:00:07.590Z,1606,FG-C,BATCH-1016,DAY,normal,0,0
8475,2026-01-30T12:00:07.590Z,2026-01-30T12:00:09.082Z,1492,FG-C,BATCH-1016,DAY,normal,0,0
8476,2026-01-30T12:00:09.082Z,2026-01-30T12:00:10.419Z,1337,FG-C,BATCH-1016,DAY,normal,0,0
8477,2026-01-30T12:00:10.419Z,2026-01-30T12:00:11.973Z,1554,FG-C,BATCH-1016,DAY,normal,0,0
8478,2026-01-30T12:00:11.973Z,2026-01-30T12:00:13.402Z,1429,FG-C,BATCH-1016,DAY,normal,0,0
8479,2026-01-30T12:00:13.402Z,2026-01-30T12:00:14.861Z,1459,FG-C,BATCH-1016,DAY,normal,0,0
8480,2026-01-30T12:00:14.861Z,2026-01-30T12:00:16.403Z,1542,FG-C,BATCH-1016,DAY,normal,0,0
8481,2026-01-30T12:00:16.403Z,2026-01-30T12:00:18.000Z,1597,FG-C,BATCH-1016,DAY,normal,0,0
8482,2026-01-30T12:00:18.000Z,2026-01-30T12:00:19.442Z,1442,FG-C,BATCH-1016,DAY,normal,0,0
8483,2026-01-30T12:00:19.442Z,2026-01-30T12:00:21.050Z,1608,FG-C,BATCH-1016,DAY,normal,0,0
8484,2026-01-30T12:00:21.050Z,2026-01-30T12:00:22.772Z,1722,FG-C,BATCH-1016,DAY,normal,0,0
8485,2026-01-30T12:00:22.772Z,2026-01-30T12:00:24.193Z,1421,FG-C,BATCH-1016,DAY,normal,0,0
8486,2026-01-30T12:00:24.193Z,2026-01-30T12:00:25.790Z,1597,FG-C,BATCH-1016,DAY,normal,0,0
8487,2026-01-30T12:00:25.790Z,2026-01-30T12:00:27.358Z,1568,FG-C,BATCH-1016,DAY,normal,0,0
8488,2026-01-30T12:00:27.358Z,2026-01-30T12:00:28.781Z,1423,FG-C,BATCH-1016,DAY,normal,0,0
8489,2026-01-30T12:00:28.781Z,2026-01-30T12:00:30.506Z,1725,FG-C,BATCH-1016,DAY,normal,0,0
8490,2026-01-30T12:00:30.506Z,2026-01-30T12:00:32.063Z,1557,FG-C,BATCH-1016,DAY,normal,0,0
8491,2026-01-30T12:00:32.063Z,2026-01-30T12:00:33.536Z,1473,FG-C,BATCH-1016,DAY,normal,0,0
8492,2026-01-30T12:00:33.536Z,2026-01-30T12:00:34.804Z,1268,FG-C,BATCH-1016,DAY,normal,0,0
8493,2026-01-30T12:00:34.804Z,2026-01-30T12:00:36.405Z,1601,FG-C,BATCH-1016,DAY,normal,0,0
8494,2026-01-30T12:00:36.405Z,2026-01-30T12:00:37.871Z,1466,FG-C,BATCH-1016,DAY,normal,0,0
8495,2026-01-30T12:00:37.871Z,2026-01-30T12:00:39.120Z,1249,FG-C,BATCH-1016,DAY,normal,0,0
8496,2026-01-30T12:00:39.120Z,2026-01-30T12:00:40.715Z,1595,FG-C,BATCH-1016,DAY,normal,0,0
8497,2026-01-30T12:00:40.715Z,2026-01-30T12:00:42.207Z,1492,FG-C,BATCH-1016,DAY,normal,0,0
8498,2026-01-30T12:00:42.207Z,2026-01-30T12:00:43.657Z,1450,FG-C,BATCH-1016,DAY,normal,0,0
8499,2026-01-30T12:00:43.657Z,2026-01-30T12:00:45.079Z,1422,FG-C,BATCH-1016,DAY,normal,0,0
8500,2026-01-30T12:00:45.079Z,2026-01-30T12:00:46.766Z,1687,FG-C,BATCH-1017,DAY,normal,0,0
8501,2026-01-30T12:00:46.766Z,2026-01-30T12:00:48.227Z,1461,FG-C,BATCH-1017,DAY,normal,0,0
8502,2026-01-30T12:00:48.227Z,2026-01-30T12:00:49.420Z,1193,FG-C,BATCH-1017,DAY,fast_cycle,0,0
8503,2026-01-30T12:00:49.420Z,2026-01-30T12:00:51.085Z,1665,FG-C,BATCH-1017,DAY,normal,0,0
8504,2026-01-30T12:00:51.085Z,2026-01-30T12:00:52.618Z,1533,FG-C,BATCH-1017,DAY,normal,0,0
8505,2026-01-30T12:00:52.618Z,2026-01-30T12:00:54.075Z,1457,FG-C,BATCH-1017,DAY,normal,0,0
8506,2026-01-30T12:00:54.075Z,2026-01-30T12:00:55.716Z,1641,FG-C,BATCH-1017,DAY,normal,0,0
8507,2026-01-30T12:00:55.716Z,2026-01-30T12:00:57.254Z,1538,FG-C,BATCH-1017,DAY,normal,0,0
8508,2026-01-30T12:00:57.254Z,2026-01-30T12:00:58.943Z,1689,FG-C,BATCH-1017,DAY,normal,0,0
8509,2026-01-30T12:00:58.943Z,2026-01-30T12:01:00.403Z,1460,FG-C,BATCH-1017,DAY,normal,0,0
8510,2026-01-30T12:01:00.403Z,2026-01-30T12:01:01.994Z,1591,FG-C,BATCH-1017,DAY,normal,0,0
8511,2026-01-30T12:01:01.994Z,2026-01-30T12:01:03.582Z,1588,FG-C,BATCH-1017,DAY,normal,0,0
8512,2026-01-30T12:01:03.582Z,2026-01-30T12:01:05.178Z,1596,FG-C,BATCH-1017,DAY,normal,0,0
8513,2026-01-30T12:01:05.178Z,2026-01-30T12:01:06.672Z,1494,FG-C,BATCH-1017,DAY,normal,0,0
8514,2026-01-30T12:01:06.672Z,2026-01-30T12:01:08.273Z,1601,FG-C,BATCH-1017,DAY,normal,0,0
8515,2026-01-30T12:01:08.273Z,2026-01-30T12:01:09.784Z,1511,FG-C,BATCH-1017,DAY,normal,0,0
8516,2026-01-30T12:01:09.784Z,2026-01-30T12:01:11.451Z,1667,FG-C,BATCH-1017,DAY,normal,0,0
8517,2026-01-30T12:01:11.451Z,2026-01-30T12:01:12.882Z,1431,FG-C,BATCH-1017,DAY,normal,0,0
8518,2026-01-30T12:01:12.882Z,2026-01-30T12:01:14.060Z,1178,FG-C,BATCH-1017,DAY,fast_cycle,0,0
8519,2026-01-30T12:01:14.060Z,2026-01-30T12:01:15.470Z,1410,FG-C,BATCH-1017,DAY,normal,0,0
8520,2026-01-30T12:01:15.470Z,2026-01-30T12:01:17.067Z,1597,FG-C,BATCH-1017,DAY,normal,0,0
8521,2026-01-30T12:01:17.067Z,2026-01-30T12:01:20.046Z,2979,FG-C,BATCH-1017,DAY,slow_cycle,0,1
8522,2026-01-30T12:01:20.046Z,2026-01-30T12:01:21.628Z,1582,FG-C,BATCH-1017,DAY,normal,0,0
8523,2026-01-30T12:01:21.628Z,2026-01-30T12:01:22.969Z,1341,FG-C,BATCH-1017,DAY,normal,0,0
8524,2026-01-30T12:01:22.969Z,2026-01-30T12:01:24.398Z,1429,FG-C,BATCH-1017,DAY,normal,0,0
8525,2026-01-30T12:01:24.398Z,2026-01-30T12:01:25.960Z,1562,FG-C,BATCH-1017,DAY,normal,0,0
8526,2026-01-30T12:01:25.960Z,2026-01-30T12:01:27.459Z,1499,FG-C,BATCH-1017,DAY,normal,0,0
8527,2026-01-30T12:01:27.459Z,2026-01-30T12:01:29.041Z,1582,FG-C,BATCH-1017,DAY,normal,0,0
8528,2026-01-30T12:01:29.041Z,2026-01-30T12:01:30.374Z,1333,FG-C,BATCH-1017,DAY,fast_cycle,0,0
8529,2026-01-30T12:01:30.374Z,2026-01-30T12:01:31.829Z,1455,FG-C,BATCH-1017,DAY,normal,0,0
8530,2026-01-30T12:01:31.829Z,2026-01-30T12:01:33.426Z,1597,FG-C,BATCH-1017,DAY,normal,0,0
8531,2026-01-30T12:01:33.426Z,2026-01-30T12:01:34.794Z,1368,FG-C,BATCH-1017,DAY,normal,0,0
8532,2026-01-30T12:01:34.794Z,2026-01-30T12:01:36.403Z,1609,FG-C,BATCH-1017,DAY,normal,0,0
8533,2026-01-30T12:01:36.403Z,2026-01-30T12:01:37.891Z,1488,FG-C,BATCH-1017,DAY,normal,0,0
8534,2026-01-30T12:01:37.891Z,2026-01-30T12:01:39.439Z,1548,FG-C,BATCH-1017,DAY,normal,0,0
8535,2026-01-30T12:01:39.439Z,2026-01-30T12:01:40.973Z,1534,FG-C,BATCH-1017,DAY,normal,0,0
8536,2026-01-30T12:01:40.973Z,2026-01-30T12:01:42.523Z,1550,FG-C,BATCH-1017,DAY,normal,0,0
8537,2026-01-30T12:01:42.523Z,2026-01-30T12:01:44.096Z,1573,FG-C,BATCH-1017,DAY,normal,0,0
8538,2026-01-30T12:01:44.096Z,2026-01-30T12:01:45.504Z,1408,FG-C,BATCH-1017,DAY,normal,0,0
8539,2026-01-30T12:01:45.504Z,2026-01-30T12:01:47.898Z,2394,FG-C,BATCH-1017,DAY,slow_cycle,0,1
8540,2026-01-30T12:01:47.898Z,2026-01-30T12:01:49.569Z,1671,FG-C,BATCH-1017,DAY,normal,0,0
8541,2026-01-30T12:01:49.569Z,2026-01-30T12:01:51.068Z,1499,FG-C,BATCH-1017,DAY,normal,0,0
8542,2026-01-30T12:01:51.068Z,2026-01-30T12:01:52.606Z,1538,FG-C,BATCH-1017,DAY,normal,0,0
8543,2026-01-30T12:01:52.606Z,2026-01-30T12:01:54.018Z,1412,FG-C,BATCH-1017,DAY,normal,0,0
8544,2026-01-30T12:01:54.018Z,2026-01-30T12:01:55.754Z,1736,FG-C,BATCH-1017,DAY,normal,0,0
8545,2026-01-30T12:01:55.754Z,2026-01-30T12:01:57.274Z,1520,FG-C,BATCH-1017,DAY,normal,0,0
8546,2026-01-30T12:01:57.274Z,2026-01-30T12:01:58.739Z,1465,FG-C,BATCH-1017,DAY,normal,0,0
8547,2026-01-30T12:01:58.739Z,2026-01-30T12:02:00.207Z,1468,FG-C,BATCH-1017,DAY,normal,0,0
8548,2026-01-30T12:02:00.207Z,2026-01-30T12:02:01.804Z,1597,FG-C,BATCH-1017,DAY,normal,0,0
8549,2026-01-30T12:02:01.804Z,2026-01-30T12:02:03.469Z,1665,FG-C,BATCH-1017,DAY,normal,0,0
8550,2026-01-30T12:02:03.469Z,2026-01-30T12:02:04.971Z,1502,FG-C,BATCH-1017,DAY,normal,0,0
8551,2026-01-30T12:02:04.971Z,2026-01-30T12:02:06.316Z,1345,FG-C,BATCH-1017,DAY,normal,0,0
8552,2026-01-30T12:02:06.316Z,2026-01-30T12:02:07.798Z,1482,FG-C,BATCH-1017,DAY,normal,0,0
8553,2026-01-30T12:02:07.798Z,2026-01-30T12:02:09.085Z,1287,FG-C,BATCH-1017,DAY,normal,0,0
8554,2026-01-30T12:02:09.085Z,2026-01-30T12:02:10.579Z,1494,FG-C,BATCH-1017,DAY,normal,0,0
8555,2026-01-30T12:02:10.579Z,2026-01-30T12:02:12.053Z,1474,FG-C,BATCH-1017,DAY,normal,0,0
8556,2026-01-30T12:02:12.053Z,2026-01-30T12:02:13.479Z,1426,FG-C,BATCH-1017,DAY,normal,0,0
8557,2026-01-30T12:02:13.479Z,2026-01-30T12:02:14.883Z,1404,FG-C,BATCH-1017,DAY,normal,0,0
8558,2026-01-30T12:02:14.883Z,2026-01-30T12:02:16.456Z,1573,FG-C,BATCH-1017,DAY,normal,0,0
8559,2026-01-30T12:02:16.456Z,2026-01-30T12:02:26.493Z,10037,FG-C,BATCH-1017,DAY,long_gap,1,1
8560,2026-01-30T12:02:26.493Z,2026-01-30T12:02:27.879Z,1386,FG-C,BATCH-1017,DAY,normal,0,0
8561,2026-01-30T12:02:27.879Z,2026-01-30T12:02:29.434Z,1555,FG-C,BATCH-1017,DAY,normal,0,0
8562,2026-01-30T12:02:29.434Z,2026-01-30T12:02:30.978Z,1544,FG-C,BATCH-1017,DAY,normal,0,0
8563,2026-01-30T12:02:30.978Z,2026-01-30T12:02:32.442Z,1464,FG-C,BATCH-1017,DAY,normal,0,0
8564,2026-01-30T12:02:32.442Z,2026-01-30T12:02:33.719Z,1277,FG-C,BATCH-1017,DAY,normal,0,0
8565,2026-01-30T12:02:33.719Z,2026-01-30T12:02:35.238Z,1519,FG-C,BATCH-1017,DAY,normal,0,0
8566,2026-01-30T12:02:35.238Z,2026-01-30T12:02:36.805Z,1567,FG-C,BATCH-1017,DAY,fast_cycle,0,0
8567,2026-01-30T12:02:36.805Z,2026-01-30T12:02:38.415Z,1610,FG-C,BATCH-1017,DAY,normal,0,0
8568,2026-01-30T12:02:38.415Z,2026-01-30T12:02:39.958Z,1543,FG-C,BATCH-1017,DAY,normal,0,0
8569,2026-01-30T12:02:39.958Z,2026-01-30T12:02:41.442Z,1484,FG-C,BATCH-1017,DAY,normal,0,0
8570,2026-01-30T12:02:41.442Z,2026-01-30T12:02:43.030Z,1588,FG-C,BATCH-1017,DAY,normal,0,0
8571,2026-01-30T12:02:43.030Z,2026-01-30T12:02:44.487Z,1457,FG-C,BATCH-1017,DAY,normal,0,0
8572,2026-01-30T12:02:44.487Z,2026-01-30T12:02:46.043Z,1556,FG-C,BATCH-1017,DAY,normal,0,0
8573,2026-01-30T12:02:46.043Z,2026-01-30T12:02:47.611Z,1568,FG-C,BATCH-1017,DAY,normal,0,0
8574,2026-01-30T12:02:47.611Z,2026-01-30T12:02:49.210Z,1599,FG-C,BATCH-1017,DAY,normal,0,0
8575,2026-01-30T12:02:49.210Z,2026-01-30T12:02:50.734Z,1524,FG-C,BATCH-1017,DAY,normal,0,0
8576,2026-01-30T12:02:50.734Z,2026-01-30T12:02:52.225Z,1491,FG-C,BATCH-1017,DAY,normal,0,0
8577,2026-01-30T12:02:52.225Z,2026-01-30T12:02:53.713Z,1488,FG-C,BATCH-1017,DAY,normal,0,0
8578,2026-01-30T12:02:53.713Z,2026-01-30T12:02:55.154Z,1441,FG-C,BATCH-1017,DAY,normal,0,0
8579,2026-01-30T12:02:55.154Z,2026-01-30T12:02:56.529Z,1375,FG-C,BATCH-1017,DAY,normal,0,0
8580,2026-01-30T12:02:56.529Z,2026-01-30T12:02:58.047Z,1518,FG-C,BATCH-1017,DAY,normal,0,0
8581,2026-01-30T12:02:58.047Z,2026-01-30T12:02:59.767Z,1720,FG-C,BATCH-1017,DAY,normal,0,0
8582,2026-01-30T12:02:59.767Z,2026-01-30T12:03:01.228Z,1461,FG-C,BATCH-1017,DAY,normal,0,0
8583,2026-01-30T12:03:01.228Z,2026-01-30T12:03:02.903Z,1675,FG-C,BATCH-1017,DAY,normal,0,0
8584,2026-01-30T12:03:02.903Z,2026-01-30T12:03:04.501Z,1598,FG-C,BATCH-1017,DAY,normal,0,0
8585,2026-01-30T12:03:04.501Z,2026-01-30T12:03:06.021Z,1520,FG-C,BATCH-1017,DAY,normal,0,0
8586,2026-01-30T12:03:06.021Z,2026-01-30T12:03:07.758Z,1737,FG-C,BATCH-1017,DAY,normal,0,0
8587,2026-01-30T12:03:07.758Z,2026-01-30T12:03:09.228Z,1470,FG-C,BATCH-1017,DAY,normal,0,0
8588,2026-01-30T12:03:09.228Z,2026-01-30T12:03:10.763Z,1535,FG-C,BATCH-1017,DAY,normal,0,0
8589,2026-01-30T12:03:10.763Z,2026-01-30T12:03:12.217Z,1454,FG-C,BATCH-1017,DAY,normal,0,0
8590,2026-01-30T12:03:12.217Z,2026-01-30T12:03:13.938Z,1721,FG-C,BATCH-1017,DAY,normal,0,0
8591,2026-01-30T12:03:13.938Z,2026-01-30T12:03:15.460Z,1522,FG-C,BATCH-1017,DAY,normal,0,0
8592,2026-01-30T12:03:15.460Z,2026-01-30T12:03:16.920Z,1460,FG-C,BATCH-1017,DAY,normal,0,0
8593,2026-01-30T12:03:16.920Z,2026-01-30T12:03:18.329Z,1409,FG-C,BATCH-1017,DAY,normal,0,0
8594,2026-01-30T12:03:18.329Z,2026-01-30T12:03:19.956Z,1627,FG-C,BATCH-1017,DAY,normal,0,0
8595,2026-01-30T12:03:19.956Z,2026-01-30T12:03:21.465Z,1509,FG-C,BATCH-1017,DAY,normal,0,0
8596,2026-01-30T12:03:21.465Z,2026-01-30T12:03:22.778Z,1313,FG-C,BATCH-1017,DAY,normal,0,0
8597,2026-01-30T12:03:22.778Z,2026-01-30T12:03:24.110Z,1332,FG-C,BATCH-1017,DAY,normal,0,0
8598,2026-01-30T12:03:24.110Z,2026-01-30T12:03:25.701Z,1591,FG-C,BATCH-1017,DAY,normal,0,0
8599,2026-01-30T12:03:25.701Z,2026-01-30T12:03:27.194Z,1493,FG-C,BATCH-1017,DAY,normal,0,0
8600,2026-01-30T12:03:27.194Z,2026-01-30T12:03:28.560Z,1366,FG-C,BATCH-1017,DAY,normal,0,0
8601,2026-01-30T12:03:28.560Z,2026-01-30T12:03:30.117Z,1557,FG-C,BATCH-1017,DAY,normal,0,0
8602,2026-01-30T12:03:30.117Z,2026-01-30T12:03:31.577Z,1460,FG-C,BATCH-1017,DAY,normal,0,0
8603,2026-01-30T12:03:31.577Z,2026-01-30T12:03:33.097Z,1520,FG-C,BATCH-1017,DAY,normal,0,0
8604,2026-01-30T12:03:33.097Z,2026-01-30T12:03:34.687Z,1590,FG-C,BATCH-1017,DAY,normal,0,0
8605,2026-01-30T12:03:34.687Z,2026-01-30T12:03:36.264Z,1577,FG-C,BATCH-1017,DAY,normal,0,0
8606,2026-01-30T12:03:36.264Z,2026-01-30T12:03:37.943Z,1679,FG-C,BATCH-1017,DAY,normal,0,0
8607,2026-01-30T12:03:37.943Z,2026-01-30T12:03:39.296Z,1353,FG-C,BATCH-1017,DAY,normal,0,0
8608,2026-01-30T12:03:39.296Z,2026-01-30T12:03:40.824Z,1528,FG-C,BATCH-1017,DAY,normal,0,0
8609,2026-01-30T12:03:40.824Z,2026-01-30T12:03:42.373Z,1549,FG-C,BATCH-1017,DAY,normal,0,0
8610,2026-01-30T12:03:42.373Z,2026-01-30T12:03:43.523Z,1150,FG-C,BATCH-1017,DAY,fast_cycle,0,0
8611,2026-01-30T12:03:43.523Z,2026-01-30T12:03:45.122Z,1599,FG-C,BATCH-1017,DAY,normal,0,0
8612,2026-01-30T12:03:45.122Z,2026-01-30T12:03:46.681Z,1559,FG-C,BATCH-1017,DAY,normal,0,0
8613,2026-01-30T12:03:46.681Z,2026-01-30T12:03:48.393Z,1712,FG-C,BATCH-1017,DAY,normal,0,0
8614,2026-01-30T12:03:48.393Z,2026-01-30T12:03:50.071Z,1678,FG-C,BATCH-1017,DAY,normal,0,0
8615,2026-01-30T12:03:50.071Z,2026-01-30T12:03:51.432Z,1361,FG-C,BATCH-1017,DAY,fast_cycle,0,0
8616,2026-01-30T12:03:51.432Z,2026-01-30T12:03:52.813Z,1381,FG-C,BATCH-1017,DAY,normal,0,0
8617,2026-01-30T12:03:52.813Z,2026-01-30T12:03:54.278Z,1465,FG-C,BATCH-1017,DAY,normal,0,0
8618,2026-01-30T12:03:54.278Z,2026-01-30T12:03:55.746Z,1468,FG-C,BATCH-1017,DAY,normal,0,0
8619,2026-01-30T12:03:55.746Z,2026-01-30T12:03:57.356Z,1610,FG-C,BATCH-1017,DAY,normal,0,0
8620,2026-01-30T12:03:57.356Z,2026-01-30T12:03:58.698Z,1342,FG-C,BATCH-1017,DAY,normal,0,0
8621,2026-01-30T12:03:58.698Z,2026-01-30T12:04:00.148Z,1450,FG-C,BATCH-1017,DAY,normal,0,0
8622,2026-01-30T12:04:00.148Z,2026-01-30T12:04:01.904Z,1756,FG-C,BATCH-1017,DAY,normal,0,0
8623,2026-01-30T12:04:01.904Z,2026-01-30T12:04:03.464Z,1560,FG-C,BATCH-1017,DAY,normal,0,0
8624,2026-01-30T12:04:03.464Z,2026-01-30T12:04:04.946Z,1482,FG-C,BATCH-1017,DAY,normal,0,0
8625,2026-01-30T12:04:04.946Z,2026-01-30T12:04:06.447Z,1501,FG-C,BATCH-1017,DAY,normal,0,0
8626,2026-01-30T12:04:06.447Z,2026-01-30T12:04:07.946Z,1499,FG-C,BATCH-1017,DAY,normal,0,0
8627,2026-01-30T12:04:07.946Z,2026-01-30T12:04:15.937Z,7991,FG-C,BATCH-1017,DAY,long_gap,1,1
8628,2026-01-30T12:04:15.937Z,2026-01-30T12:04:17.472Z,1535,FG-C,BATCH-1017,DAY,normal,0,0
8629,2026-01-30T12:04:17.472Z,2026-01-30T12:04:20.558Z,3086,FG-C,BATCH-1017,DAY,slow_cycle,0,1
8630,2026-01-30T12:04:20.558Z,2026-01-30T12:04:22.071Z,1513,FG-C,BATCH-1017,DAY,normal,0,0
8631,2026-01-30T12:04:22.071Z,2026-01-30T12:04:23.573Z,1502,FG-C,BATCH-1017,DAY,normal,0,0
8632,2026-01-30T12:04:23.573Z,2026-01-30T12:04:25.031Z,1458,FG-C,BATCH-1017,DAY,normal,0,0
8633,2026-01-30T12:04:25.031Z,2026-01-30T12:04:26.780Z,1749,FG-C,BATCH-1017,DAY,normal,0,0
8634,2026-01-30T12:04:26.780Z,2026-01-30T12:04:28.109Z,1329,FG-C,BATCH-1017,DAY,normal,0,0
8635,2026-01-30T12:04:28.109Z,2026-01-30T12:04:29.745Z,1636,FG-C,BATCH-1017,DAY,normal,0,0
8636,2026-01-30T12:04:29.745Z,2026-01-30T12:04:31.224Z,1479,FG-C,BATCH-1017,DAY,normal,0,0
8637,2026-01-30T12:04:31.224Z,2026-01-30T12:04:32.684Z,1460,FG-C,BATCH-1017,DAY,normal,0,0
8638,2026-01-30T12:04:32.684Z,2026-01-30T12:04:34.234Z,1550,FG-C,BATCH-1017,DAY,normal,0,0
8639,2026-01-30T12:04:34.234Z,2026-01-30T12:04:35.828Z,1594,FG-C,BATCH-1017,DAY,normal,0,0
8640,2026-01-30T12:04:35.828Z,2026-01-30T12:04:37.479Z,1651,FG-C,BATCH-1017,DAY,normal,0,0
8641,2026-01-30T12:04:37.479Z,2026-01-30T12:04:39.079Z,1600,FG-C,BATCH-1017,DAY,normal,0,0
8642,2026-01-30T12:04:39.079Z,2026-01-30T12:04:42.386Z,3307,FG-C,BATCH-1017,DAY,slow_cycle,0,1
8643,2026-01-30T12:04:42.386Z,2026-01-30T12:04:43.808Z,1422,FG-C,BATCH-1017,DAY,normal,0,0
8644,2026-01-30T12:04:43.808Z,2026-01-30T12:04:45.461Z,1653,FG-C,BATCH-1017,DAY,normal,0,0
8645,2026-01-30T12:04:45.461Z,2026-01-30T12:04:46.973Z,1512,FG-C,BATCH-1017,DAY,normal,0,0
8646,2026-01-30T12:04:46.973Z,2026-01-30T12:04:48.402Z,1429,FG-C,BATCH-1017,DAY,normal,0,0
8647,2026-01-30T12:04:48.402Z,2026-01-30T12:04:50.086Z,1684,FG-C,BATCH-1017,DAY,normal,0,0
8648,2026-01-30T12:04:50.086Z,2026-01-30T12:04:51.544Z,1458,FG-C,BATCH-1017,DAY,normal,0,0
8649,2026-01-30T12:04:51.544Z,2026-01-30T12:04:52.896Z,1352,FG-C,BATCH-1017,DAY,normal,0,0
8650,2026-01-30T12:04:52.896Z,2026-01-30T12:04:54.466Z,1570,FG-C,BATCH-1017,DAY,normal,0,0
8651,2026-01-30T12:04:54.466Z,2026-01-30T12:04:56.033Z,1567,FG-C,BATCH-1017,DAY,normal,0,0
8652,2026-01-30T12:04:56.033Z,2026-01-30T12:04:57.661Z,1628,FG-C,BATCH-1017,DAY,normal,0,0
8653,2026-01-30T12:04:57.661Z,2026-01-30T12:04:59.418Z,1757,FG-C,BATCH-1017,DAY,normal,0,0
8654,2026-01-30T12:04:59.418Z,2026-01-30T12:05:00.918Z,1500,FG-C,BATCH-1017,DAY,normal,0,0
8655,2026-01-30T12:05:00.918Z,2026-01-30T12:05:02.211Z,1293,FG-C,BATCH-1017,DAY,fast_cycle,0,0
8656,2026-01-30T12:05:02.211Z,2026-01-30T12:05:03.916Z,1705,FG-C,BATCH-1017,DAY,normal,0,0
8657,2026-01-30T12:05:03.916Z,2026-01-30T12:05:05.533Z,1617,FG-C,BATCH-1017,DAY,normal,0,0
8658,2026-01-30T12:05:05.533Z,2026-01-30T12:05:06.856Z,1323,FG-C,BATCH-1017,DAY,normal,0,0
8659,2026-01-30T12:05:06.856Z,2026-01-30T12:05:08.604Z,1748,FG-C,BATCH-1017,DAY,normal,0,0
8660,2026-01-30T12:05:08.604Z,2026-01-30T12:05:10.240Z,1636,FG-C,BATCH-1017,DAY,normal,0,0
8661,2026-01-30T12:05:10.240Z,2026-01-30T12:05:20.632Z,10392,FG-C,BATCH-1017,DAY,long_gap,1,1
8662,2026-01-30T12:05:20.632Z,2026-01-30T12:05:22.084Z,1452,FG-C,BATCH-1017,DAY,normal,0,0
8663,2026-01-30T12:05:22.084Z,2026-01-30T12:05:23.588Z,1504,FG-C,BATCH-1017,DAY,normal,0,0
8664,2026-01-30T12:05:23.588Z,2026-01-30T12:05:25.040Z,1452,FG-C,BATCH-1017,DAY,normal,0,0
8665,2026-01-30T12:05:25.040Z,2026-01-30T12:05:26.618Z,1578,FG-C,BATCH-1017,DAY,normal,0,0
8666,2026-01-30T12:05:26.618Z,2026-01-30T12:05:28.334Z,1716,FG-C,BATCH-1017,DAY,normal,0,0
8667,2026-01-30T12:05:28.334Z,2026-01-30T12:05:29.783Z,1449,FG-C,BATCH-1017,DAY,normal,0,0
8668,2026-01-30T12:05:29.783Z,2026-01-30T12:05:31.258Z,1475,FG-C,BATCH-1017,DAY,normal,0,0
8669,2026-01-30T12:05:31.258Z,2026-01-30T12:05:36.772Z,5514,FG-C,BATCH-1017,DAY,jam_recovery,1,1
8670,2026-01-30T12:05:36.772Z,2026-01-30T12:05:38.408Z,1636,FG-C,BATCH-1017,DAY,normal,0,0
8671,2026-01-30T12:05:38.408Z,2026-01-30T12:05:39.969Z,1561,FG-C,BATCH-1017,DAY,normal,0,0
8672,2026-01-30T12:05:39.969Z,2026-01-30T12:05:41.484Z,1515,FG-C,BATCH-1017,DAY,normal,0,0
8673,2026-01-30T12:05:41.484Z,2026-01-30T12:05:43.030Z,1546,FG-C,BATCH-1017,DAY,normal,0,0
8674,2026-01-30T12:05:43.030Z,2026-01-30T12:05:44.450Z,1420,FG-C,BATCH-1017,DAY,normal,0,0
8675,2026-01-30T12:05:44.450Z,2026-01-30T12:05:45.939Z,1489,FG-C,BATCH-1017,DAY,normal,0,0
8676,2026-01-30T12:05:45.939Z,2026-01-30T12:05:47.584Z,1645,FG-C,BATCH-1017,DAY,normal,0,0
8677,2026-01-30T12:05:47.584Z,2026-01-30T12:05:49.211Z,1627,FG-C,BATCH-1017,DAY,normal,0,0
8678,2026-01-30T12:05:49.211Z,2026-01-30T12:05:50.730Z,1519,FG-C,BATCH-1017,DAY,normal,0,0
8679,2026-01-30T12:05:50.730Z,2026-01-30T12:05:52.208Z,1478,FG-C,BATCH-1017,DAY,normal,0,0
8680,2026-01-30T12:05:52.208Z,2026-01-30T12:05:53.624Z,1416,FG-C,BATCH-1017,DAY,normal,0,0
8681,2026-01-30T12:05:53.624Z,2026-01-30T12:05:55.082Z,1458,FG-C,BATCH-1017,DAY,normal,0,0
8682,2026-01-30T12:05:55.082Z,2026-01-30T12:05:56.654Z,1572,FG-C,BATCH-1017,DAY,normal,0,0
8683,2026-01-30T12:05:56.654Z,2026-01-30T12:05:58.244Z,1590,FG-C,BATCH-1017,DAY,normal,0,0
8684,2026-01-30T12:05:58.244Z,2026-01-30T12:05:59.700Z,1456,FG-C,BATCH-1017,DAY,normal,0,0
8685,2026-01-30T12:05:59.700Z,2026-01-30T12:06:01.510Z,1810,FG-C,BATCH-1017,DAY,normal,0,0
8686,2026-01-30T12:06:01.510Z,2026-01-30T12:06:03.167Z,1657,FG-C,BATCH-1017,DAY,normal,0,0
8687,2026-01-30T12:06:03.167Z,2026-01-30T12:06:04.643Z,1476,FG-C,BATCH-1017,DAY,normal,0,0
8688,2026-01-30T12:06:04.643Z,2026-01-30T12:06:06.137Z,1494,FG-C,BATCH-1017,DAY,normal,0,0
8689,2026-01-30T12:06:06.137Z,2026-01-30T12:06:07.761Z,1624,FG-C,BATCH-1017,DAY,normal,0,0
8690,2026-01-30T12:06:07.761Z,2026-01-30T12:06:09.230Z,1469,FG-C,BATCH-1017,DAY,normal,0,0
8691,2026-01-30T12:06:09.230Z,2026-01-30T12:06:10.805Z,1575,FG-C,BATCH-1017,DAY,normal,0,0
8692,2026-01-30T12:06:10.805Z,2026-01-30T12:06:12.523Z,1718,FG-C,BATCH-1017,DAY,normal,0,0
8693,2026-01-30T12:06:12.523Z,2026-01-30T12:06:13.940Z,1417,FG-C,BATCH-1017,DAY,normal,0,0
8694,2026-01-30T12:06:13.940Z,2026-01-30T12:06:15.481Z,1541,FG-C,BATCH-1017,DAY,normal,0,0
8695,2026-01-30T12:06:15.481Z,2026-01-30T12:06:17.061Z,1580,FG-C,BATCH-1017,DAY,normal,0,0
8696,2026-01-30T12:06:17.061Z,2026-01-30T12:06:18.431Z,1370,FG-C,BATCH-1017,DAY,normal,0,0
8697,2026-01-30T12:06:18.431Z,2026-01-30T12:06:20.107Z,1676,FG-C,BATCH-1017,DAY,normal,0,0
8698,2026-01-30T12:06:20.107Z,2026-01-30T12:06:21.657Z,1550,FG-C,BATCH-1017,DAY,normal,0,0
8699,2026-01-30T12:06:21.657Z,2026-01-30T12:06:23.349Z,1692,FG-C,BATCH-1017,DAY,normal,0,0
8700,2026-01-30T12:06:23.349Z,2026-01-30T12:06:24.828Z,1479,FG-C,BATCH-1017,DAY,normal,0,0
8701,2026-01-30T12:06:24.828Z,2026-01-30T12:06:26.392Z,1564,FG-C,BATCH-1017,DAY,normal,0,0
8702,2026-01-30T12:06:26.392Z,2026-01-30T12:06:27.926Z,1534,FG-C,BATCH-1017,DAY,normal,0,0
8703,2026-01-30T12:06:27.926Z,2026-01-30T12:06:29.585Z,1659,FG-C,BATCH-1017,DAY,normal,0,0
8704,2026-01-30T12:06:29.585Z,2026-01-30T12:06:30.843Z,1258,FG-C,BATCH-1017,DAY,fast_cycle,0,0
8705,2026-01-30T12:06:30.843Z,2026-01-30T12:06:32.367Z,1524,FG-C,BATCH-1017,DAY,normal,0,0
8706,2026-01-30T12:06:32.367Z,2026-01-30T12:06:33.826Z,1459,FG-C,BATCH-1017,DAY,normal,0,0
8707,2026-01-30T12:06:33.826Z,2026-01-30T12:06:35.303Z,1477,FG-C,BATCH-1017,DAY,normal,0,0
8708,2026-01-30T12:06:35.303Z,2026-01-30T12:06:36.790Z,1487,FG-C,BATCH-1017,DAY,normal,0,0
8709,2026-01-30T12:06:36.790Z,2026-01-30T12:06:38.232Z,1442,FG-C,BATCH-1017,DAY,normal,0,0
8710,2026-01-30T12:06:38.232Z,2026-01-30T12:06:39.824Z,1592,FG-C,BATCH-1017,DAY,normal,0,0
8711,2026-01-30T12:06:39.824Z,2026-01-30T12:06:41.310Z,1486,FG-C,BATCH-1017,DAY,normal,0,0
8712,2026-01-30T12:06:41.310Z,2026-01-30T12:06:43.056Z,1746,FG-C,BATCH-1017,DAY,normal,0,0
8713,2026-01-30T12:06:43.056Z,2026-01-30T12:06:44.611Z,1555,FG-C,BATCH-1017,DAY,normal,0,0
8714,2026-01-30T12:06:44.611Z,2026-01-30T12:06:46.139Z,1528,FG-C,BATCH-1017,DAY,normal,0,0
8715,2026-01-30T12:06:46.139Z,2026-01-30T12:06:50.493Z,4354,FG-C,BATCH-1017,DAY,jam_recovery,0,1
8716,2026-01-30T12:06:50.493Z,2026-01-30T12:06:52.130Z,1637,FG-C,BATCH-1017,DAY,normal,0,0
8717,2026-01-30T12:06:52.130Z,2026-01-30T12:06:53.607Z,1477,FG-C,BATCH-1017,DAY,normal,0,0
8718,2026-01-30T12:06:53.607Z,2026-01-30T12:06:55.171Z,1564,FG-C,BATCH-1017,DAY,normal,0,0
8719,2026-01-30T12:06:55.171Z,2026-01-30T12:06:56.627Z,1456,FG-C,BATCH-1017,DAY,normal,0,0
8720,2026-01-30T12:06:56.627Z,2026-01-30T12:06:58.203Z,1576,FG-C,BATCH-1017,DAY,normal,0,0
8721,2026-01-30T12:06:58.203Z,2026-01-30T12:07:02.466Z,4263,FG-C,BATCH-1017,DAY,jam_recovery,0,1
8722,2026-01-30T12:07:02.466Z,2026-01-30T12:07:03.937Z,1471,FG-C,BATCH-1017,DAY,normal,0,0
8723,2026-01-30T12:07:03.937Z,2026-01-30T12:07:05.515Z,1578,FG-C,BATCH-1017,DAY,normal,0,0
8724,2026-01-30T12:07:05.515Z,2026-01-30T12:07:06.966Z,1451,FG-C,BATCH-1017,DAY,normal,0,0
8725,2026-01-30T12:07:06.966Z,2026-01-30T12:07:08.433Z,1467,FG-C,BATCH-1017,DAY,normal,0,0
8726,2026-01-30T12:07:08.433Z,2026-01-30T12:07:09.971Z,1538,FG-C,BATCH-1017,DAY,normal,0,0
8727,2026-01-30T12:07:09.971Z,2026-01-30T12:07:11.428Z,1457,FG-C,BATCH-1017,DAY,normal,0,0
8728,2026-01-30T12:07:11.428Z,2026-01-30T12:07:12.963Z,1535,FG-C,BATCH-1017,DAY,normal,0,0
8729,2026-01-30T12:07:12.963Z,2026-01-30T12:07:14.404Z,1441,FG-C,BATCH-1017,DAY,normal,0,0
8730,2026-01-30T12:07:14.404Z,2026-01-30T12:07:15.824Z,1420,FG-C,BATCH-1017,DAY,normal,0,0
8731,2026-01-30T12:07:15.824Z,2026-01-30T12:07:17.347Z,1523,FG-C,BATCH-1017,DAY,normal,0,0
8732,2026-01-30T12:07:17.347Z,2026-01-30T12:07:18.767Z,1420,FG-C,BATCH-1017,DAY,normal,0,0
8733,2026-01-30T12:07:18.767Z,2026-01-30T12:07:20.182Z,1415,FG-C,BATCH-1017,DAY,normal,0,0
8734,2026-01-30T12:07:20.182Z,2026-01-30T12:07:21.572Z,1390,FG-C,BATCH-1017,DAY,normal,0,0
8735,2026-01-30T12:07:21.572Z,2026-01-30T12:07:23.191Z,1619,FG-C,BATCH-1017,DAY,normal,0,0
8736,2026-01-30T12:07:23.191Z,2026-01-30T12:07:24.807Z,1616,FG-C,BATCH-1017,DAY,normal,0,0
8737,2026-01-30T12:07:24.807Z,2026-01-30T12:07:26.328Z,1521,FG-C,BATCH-1017,DAY,normal,0,0
8738,2026-01-30T12:07:26.328Z,2026-01-30T12:07:27.870Z,1542,FG-C,BATCH-1017,DAY,normal,0,0
8739,2026-01-30T12:07:27.870Z,2026-01-30T12:07:29.501Z,1631,FG-C,BATCH-1017,DAY,normal,0,0
8740,2026-01-30T12:07:29.501Z,2026-01-30T12:07:31.068Z,1567,FG-C,BATCH-1017,DAY,normal,0,0
8741,2026-01-30T12:07:31.068Z,2026-01-30T12:07:32.732Z,1664,FG-C,BATCH-1017,DAY,normal,0,0
8742,2026-01-30T12:07:32.732Z,2026-01-30T12:07:34.261Z,1529,FG-C,BATCH-1017,DAY,normal,0,0
8743,2026-01-30T12:07:34.261Z,2026-01-30T12:07:35.866Z,1605,FG-C,BATCH-1017,DAY,normal,0,0
8744,2026-01-30T12:07:35.866Z,2026-01-30T12:07:37.388Z,1522,FG-C,BATCH-1017,DAY,normal,0,0
8745,2026-01-30T12:07:37.388Z,2026-01-30T12:07:38.890Z,1502,FG-C,BATCH-1017,DAY,normal,0,0
8746,2026-01-30T12:07:38.890Z,2026-01-30T12:07:40.379Z,1489,FG-C,BATCH-1017,DAY,normal,0,0
8747,2026-01-30T12:07:40.379Z,2026-01-30T12:07:41.942Z,1563,FG-C,BATCH-1017,DAY,normal,0,0
8748,2026-01-30T12:07:41.942Z,2026-01-30T12:07:43.558Z,1616,FG-C,BATCH-1017,DAY,normal,0,0
8749,2026-01-30T12:07:43.558Z,2026-01-30T12:07:45.113Z,1555,FG-C,BATCH-1017,DAY,normal,0,0
8750,2026-01-30T12:07:45.113Z,2026-01-30T12:07:46.514Z,1401,FG-C,BATCH-1017,DAY,normal,0,0
8751,2026-01-30T12:07:46.514Z,2026-01-30T12:07:48.057Z,1543,FG-C,BATCH-1017,DAY,normal,0,0
8752,2026-01-30T12:07:48.057Z,2026-01-30T12:07:53.465Z,5408,FG-C,BATCH-1017,DAY,jam_recovery,1,1
8753,2026-01-30T12:07:53.465Z,2026-01-30T12:07:54.851Z,1386,FG-C,BATCH-1017,DAY,normal,0,0
8754,2026-01-30T12:07:54.851Z,2026-01-30T12:07:56.312Z,1461,FG-C,BATCH-1017,DAY,normal,0,0
8755,2026-01-30T12:07:56.312Z,2026-01-30T12:07:57.738Z,1426,FG-C,BATCH-1017,DAY,normal,0,0
8756,2026-01-30T12:07:57.738Z,2026-01-30T12:07:59.256Z,1518,FG-C,BATCH-1017,DAY,normal,0,0
8757,2026-01-30T12:07:59.256Z,2026-01-30T12:08:00.960Z,1704,FG-C,BATCH-1017,DAY,normal,0,0
8758,2026-01-30T12:08:00.960Z,2026-01-30T12:08:02.522Z,1562,FG-C,BATCH-1017,DAY,normal,0,0
8759,2026-01-30T12:08:02.522Z,2026-01-30T12:08:04.031Z,1509,FG-C,BATCH-1017,DAY,normal,0,0
8760,2026-01-30T12:08:04.031Z,2026-01-30T12:08:05.606Z,1575,FG-C,BATCH-1017,DAY,normal,0,0
8761,2026-01-30T12:08:05.606Z,2026-01-30T12:08:07.132Z,1526,FG-C,BATCH-1017,DAY,normal,0,0
8762,2026-01-30T12:08:07.132Z,2026-01-30T12:08:08.403Z,1271,FG-C,BATCH-1017,DAY,fast_cycle,0,0
8763,2026-01-30T12:08:08.403Z,2026-01-30T12:08:10.124Z,1721,FG-C,BATCH-1017,DAY,normal,0,0
8764,2026-01-30T12:08:10.124Z,2026-01-30T12:08:11.789Z,1665,FG-C,BATCH-1017,DAY,normal,0,0
8765,2026-01-30T12:08:11.789Z,2026-01-30T12:08:13.139Z,1350,FG-C,BATCH-1017,DAY,normal,0,0
8766,2026-01-30T12:08:13.139Z,2026-01-30T12:08:14.628Z,1489,FG-C,BATCH-1017,DAY,normal,0,0
8767,2026-01-30T12:08:14.628Z,2026-01-30T12:08:16.128Z,1500,FG-C,BATCH-1017,DAY,normal,0,0
8768,2026-01-30T12:08:16.128Z,2026-01-30T12:08:17.678Z,1550,FG-C,BATCH-1017,DAY,normal,0,0
8769,2026-01-30T12:08:17.678Z,2026-01-30T12:08:19.073Z,1395,FG-C,BATCH-1017,DAY,normal,0,0
8770,2026-01-30T12:08:19.073Z,2026-01-30T12:08:20.638Z,1565,FG-C,BATCH-1017,DAY,normal,0,0
8771,2026-01-30T12:08:20.638Z,2026-01-30T12:08:22.235Z,1597,FG-C,BATCH-1017,DAY,normal,0,0
8772,2026-01-30T12:08:22.235Z,2026-01-30T12:08:23.789Z,1554,FG-C,BATCH-1017,DAY,normal,0,0
8773,2026-01-30T12:08:23.789Z,2026-01-30T12:08:25.389Z,1600,FG-C,BATCH-1017,DAY,normal,0,0
8774,2026-01-30T12:08:25.389Z,2026-01-30T12:08:27.004Z,1615,FG-C,BATCH-1017,DAY,normal,0,0
8775,2026-01-30T12:08:27.004Z,2026-01-30T12:08:28.550Z,1546,FG-C,BATCH-1017,DAY,normal,0,0
8776,2026-01-30T12:08:28.550Z,2026-01-30T12:08:30.113Z,1563,FG-C,BATCH-1017,DAY,normal,0,0
8777,2026-01-30T12:08:30.113Z,2026-01-30T12:08:31.734Z,1621,FG-C,BATCH-1017,DAY,normal,0,0
8778,2026-01-30T12:08:31.734Z,2026-01-30T12:08:33.233Z,1499,FG-C,BATCH-1017,DAY,normal,0,0
8779,2026-01-30T12:08:33.233Z,2026-01-30T12:08:34.650Z,1417,FG-C,BATCH-1017,DAY,normal,0,0
8780,2026-01-30T12:08:34.650Z,2026-01-30T12:08:36.212Z,1562,FG-C,BATCH-1017,DAY,normal,0,0
8781,2026-01-30T12:08:36.212Z,2026-01-30T12:08:37.756Z,1544,FG-C,BATCH-1017,DAY,normal,0,0
8782,2026-01-30T12:08:37.756Z,2026-01-30T12:08:39.177Z,1421,FG-C,BATCH-1017,DAY,normal,0,0
8783,2026-01-30T12:08:39.177Z,2026-01-30T12:08:40.745Z,1568,FG-C,BATCH-1017,DAY,normal,0,0
8784,2026-01-30T12:08:40.745Z,2026-01-30T12:08:42.321Z,1576,FG-C,BATCH-1017,DAY,normal,0,0
8785,2026-01-30T12:08:42.321Z,2026-01-30T12:08:43.852Z,1531,FG-C,BATCH-1017,DAY,normal,0,0
8786,2026-01-30T12:08:43.852Z,2026-01-30T12:08:45.615Z,1763,FG-C,BATCH-1017,DAY,normal,0,0
8787,2026-01-30T12:08:45.615Z,2026-01-30T12:08:47.243Z,1628,FG-C,BATCH-1017,DAY,normal,0,0
8788,2026-01-30T12:08:47.243Z,2026-01-30T12:08:48.651Z,1408,FG-C,BATCH-1017,DAY,normal,0,0
8789,2026-01-30T12:08:48.651Z,2026-01-30T12:08:50.121Z,1470,FG-C,BATCH-1017,DAY,normal,0,0
8790,2026-01-30T12:08:50.121Z,2026-01-30T12:08:51.746Z,1625,FG-C,BATCH-1017,DAY,normal,0,0
8791,2026-01-30T12:08:51.746Z,2026-01-30T12:08:53.310Z,1564,FG-C,BATCH-1017,DAY,normal,0,0
8792,2026-01-30T12:08:53.310Z,2026-01-30T12:08:54.974Z,1664,FG-C,BATCH-1017,DAY,normal,0,0
8793,2026-01-30T12:08:54.974Z,2026-01-30T12:08:56.559Z,1585,FG-C,BATCH-1017,DAY,normal,0,0
8794,2026-01-30T12:08:56.559Z,2026-01-30T12:08:58.163Z,1604,FG-C,BATCH-1017,DAY,normal,0,0
8795,2026-01-30T12:08:58.163Z,2026-01-30T12:08:59.549Z,1386,FG-C,BATCH-1017,DAY,normal,0,0
8796,2026-01-30T12:08:59.549Z,2026-01-30T12:09:01.204Z,1655,FG-C,BATCH-1017,DAY,normal,0,0
8797,2026-01-30T12:09:01.204Z,2026-01-30T12:09:02.766Z,1562,FG-C,BATCH-1017,DAY,normal,0,0
8798,2026-01-30T12:09:02.766Z,2026-01-30T12:09:04.340Z,1574,FG-C,BATCH-1017,DAY,normal,0,0
8799,2026-01-30T12:09:04.340Z,2026-01-30T12:09:05.497Z,1157,FG-C,BATCH-1017,DAY,fast_cycle,0,0
8800,2026-01-30T12:09:05.497Z,2026-01-30T12:09:07.011Z,1514,FG-C,BATCH-1017,DAY,normal,0,0
8801,2026-01-30T12:09:07.011Z,2026-01-30T12:09:08.354Z,1343,FG-C,BATCH-1017,DAY,normal,0,0
8802,2026-01-30T12:09:08.354Z,2026-01-30T12:09:09.745Z,1391,FG-C,BATCH-1017,DAY,normal,0,0
8803,2026-01-30T12:09:09.745Z,2026-01-30T12:09:11.335Z,1590,FG-C,BATCH-1017,DAY,normal,0,0
8804,2026-01-30T12:09:11.335Z,2026-01-30T12:09:12.795Z,1460,FG-C,BATCH-1017,DAY,normal,0,0
8805,2026-01-30T12:09:12.795Z,2026-01-30T12:09:14.233Z,1438,FG-C,BATCH-1017,DAY,normal,0,0
8806,2026-01-30T12:09:14.233Z,2026-01-30T12:09:15.916Z,1683,FG-C,BATCH-1017,DAY,normal,0,0
8807,2026-01-30T12:09:15.916Z,2026-01-30T12:09:17.571Z,1655,FG-C,BATCH-1017,DAY,normal,0,0
8808,2026-01-30T12:09:17.571Z,2026-01-30T12:09:19.150Z,1579,FG-C,BATCH-1017,DAY,normal,0,0
8809,2026-01-30T12:09:19.150Z,2026-01-30T12:09:20.688Z,1538,FG-C,BATCH-1017,DAY,normal,0,0
8810,2026-01-30T12:09:20.688Z,2026-01-30T12:09:22.032Z,1344,FG-C,BATCH-1017,DAY,normal,0,0
8811,2026-01-30T12:09:22.032Z,2026-01-30T12:09:23.535Z,1503,FG-C,BATCH-1017,DAY,normal,0,0
8812,2026-01-30T12:09:23.535Z,2026-01-30T12:09:25.027Z,1492,FG-C,BATCH-1017,DAY,normal,0,0
8813,2026-01-30T12:09:25.027Z,2026-01-30T12:09:26.516Z,1489,FG-C,BATCH-1017,DAY,normal,0,0
8814,2026-01-30T12:09:26.516Z,2026-01-30T12:09:28.140Z,1624,FG-C,BATCH-1017,DAY,normal,0,0
8815,2026-01-30T12:09:28.140Z,2026-01-30T12:09:29.799Z,1659,FG-C,BATCH-1017,DAY,normal,0,0
8816,2026-01-30T12:09:29.799Z,2026-01-30T12:09:31.316Z,1517,FG-C,BATCH-1017,DAY,normal,0,0
8817,2026-01-30T12:09:31.316Z,2026-01-30T12:09:32.782Z,1466,FG-C,BATCH-1017,DAY,normal,0,0
8818,2026-01-30T12:09:32.782Z,2026-01-30T12:09:34.331Z,1549,FG-C,BATCH-1017,DAY,normal,0,0
8819,2026-01-30T12:09:34.331Z,2026-01-30T12:09:35.996Z,1665,FG-C,BATCH-1017,DAY,normal,0,0
8820,2026-01-30T12:09:35.996Z,2026-01-30T12:09:37.416Z,1420,FG-C,BATCH-1017,DAY,normal,0,0
8821,2026-01-30T12:09:37.416Z,2026-01-30T12:09:38.981Z,1565,FG-C,BATCH-1017,DAY,normal,0,0
8822,2026-01-30T12:09:38.981Z,2026-01-30T12:09:40.588Z,1607,FG-C,BATCH-1017,DAY,normal,0,0
8823,2026-01-30T12:09:40.588Z,2026-01-30T12:09:42.169Z,1581,FG-C,BATCH-1017,DAY,normal,0,0
8824,2026-01-30T12:09:42.169Z,2026-01-30T12:09:43.834Z,1665,FG-C,BATCH-1017,DAY,normal,0,0
8825,2026-01-30T12:09:43.834Z,2026-01-30T12:09:49.015Z,5181,FG-C,BATCH-1017,DAY,jam_recovery,1,1
8826,2026-01-30T12:09:49.015Z,2026-01-30T12:09:50.688Z,1673,FG-C,BATCH-1017,DAY,normal,0,0
8827,2026-01-30T12:09:50.688Z,2026-01-30T12:09:52.228Z,1540,FG-C,BATCH-1017,DAY,normal,0,0
8828,2026-01-30T12:09:52.228Z,2026-01-30T12:09:53.982Z,1754,FG-C,BATCH-1017,DAY,normal,0,0
8829,2026-01-30T12:09:53.982Z,2026-01-30T12:09:55.600Z,1618,FG-C,BATCH-1017,DAY,normal,0,0
8830,2026-01-30T12:09:55.600Z,2026-01-30T12:09:57.269Z,1669,FG-C,BATCH-1017,DAY,normal,0,0
8831,2026-01-30T12:09:57.269Z,2026-01-30T12:09:58.673Z,1404,FG-C,BATCH-1017,DAY,normal,0,0
8832,2026-01-30T12:09:58.673Z,2026-01-30T12:10:00.292Z,1619,FG-C,BATCH-1017,DAY,normal,0,0
8833,2026-01-30T12:10:00.292Z,2026-01-30T12:10:01.635Z,1343,FG-C,BATCH-1017,DAY,normal,0,0
8834,2026-01-30T12:10:01.635Z,2026-01-30T12:10:03.076Z,1441,FG-C,BATCH-1017,DAY,normal,0,0
8835,2026-01-30T12:10:03.076Z,2026-01-30T12:10:04.560Z,1484,FG-C,BATCH-1017,DAY,normal,0,0
8836,2026-01-30T12:10:04.560Z,2026-01-30T12:10:05.987Z,1427,FG-C,BATCH-1017,DAY,normal,0,0
8837,2026-01-30T12:10:05.987Z,2026-01-30T12:10:07.451Z,1464,FG-C,BATCH-1017,DAY,normal,0,0
8838,2026-01-30T12:10:07.451Z,2026-01-30T12:10:09.052Z,1601,FG-C,BATCH-1017,DAY,normal,0,0
8839,2026-01-30T12:10:09.052Z,2026-01-30T12:10:10.641Z,1589,FG-C,BATCH-1017,DAY,normal,0,0
8840,2026-01-30T12:10:10.641Z,2026-01-30T12:10:12.194Z,1553,FG-C,BATCH-1017,DAY,normal,0,0
8841,2026-01-30T12:10:12.194Z,2026-01-30T12:10:13.676Z,1482,FG-C,BATCH-1017,DAY,normal,0,0
8842,2026-01-30T12:10:13.676Z,2026-01-30T12:10:15.416Z,1740,FG-C,BATCH-1017,DAY,normal,0,0
8843,2026-01-30T12:10:15.416Z,2026-01-30T12:10:16.995Z,1579,FG-C,BATCH-1017,DAY,normal,0,0
8844,2026-01-30T12:10:16.995Z,2026-01-30T12:10:18.613Z,1618,FG-C,BATCH-1017,DAY,normal,0,0
8845,2026-01-30T12:10:18.613Z,2026-01-30T12:10:20.295Z,1682,FG-C,BATCH-1017,DAY,normal,0,0
8846,2026-01-30T12:10:20.295Z,2026-01-30T12:10:21.917Z,1622,FG-C,BATCH-1017,DAY,normal,0,0
8847,2026-01-30T12:10:21.917Z,2026-01-30T12:10:23.407Z,1490,FG-C,BATCH-1017,DAY,normal,0,0
8848,2026-01-30T12:10:23.407Z,2026-01-30T12:10:24.961Z,1554,FG-C,BATCH-1017,DAY,normal,0,0
8849,2026-01-30T12:10:24.961Z,2026-01-30T12:10:26.510Z,1549,FG-C,BATCH-1017,DAY,normal,0,0
8850,2026-01-30T12:10:26.510Z,2026-01-30T12:10:28.143Z,1633,FG-C,BATCH-1017,DAY,normal,0,0
8851,2026-01-30T12:10:28.143Z,2026-01-30T12:10:29.686Z,1543,FG-C,BATCH-1017,DAY,normal,0,0
8852,2026-01-30T12:10:29.686Z,2026-01-30T12:10:31.352Z,1666,FG-C,BATCH-1017,DAY,normal,0,0
8853,2026-01-30T12:10:31.352Z,2026-01-30T12:10:32.920Z,1568,FG-C,BATCH-1017,DAY,normal,0,0
8854,2026-01-30T12:10:32.920Z,2026-01-30T12:10:34.400Z,1480,FG-C,BATCH-1017,DAY,normal,0,0
8855,2026-01-30T12:10:34.400Z,2026-01-30T12:10:36.813Z,2413,FG-C,BATCH-1017,DAY,slow_cycle,0,1
8856,2026-01-30T12:10:36.813Z,2026-01-30T12:10:38.451Z,1638,FG-C,BATCH-1017,DAY,normal,0,0
8857,2026-01-30T12:10:38.451Z,2026-01-30T12:10:39.905Z,1454,FG-C,BATCH-1017,DAY,normal,0,0
8858,2026-01-30T12:10:39.905Z,2026-01-30T12:10:41.383Z,1478,FG-C,BATCH-1017,DAY,normal,0,0
8859,2026-01-30T12:10:41.383Z,2026-01-30T12:10:43.044Z,1661,FG-C,BATCH-1017,DAY,normal,0,0
8860,2026-01-30T12:10:43.044Z,2026-01-30T12:10:44.553Z,1509,FG-C,BATCH-1017,DAY,normal,0,0
8861,2026-01-30T12:10:44.553Z,2026-01-30T12:10:46.007Z,1454,FG-C,BATCH-1017,DAY,normal,0,0
8862,2026-01-30T12:10:46.007Z,2026-01-30T12:10:47.454Z,1447,FG-C,BATCH-1017,DAY,normal,0,0
8863,2026-01-30T12:10:47.454Z,2026-01-30T12:10:49.090Z,1636,FG-C,BATCH-1017,DAY,normal,0,0
8864,2026-01-30T12:10:49.090Z,2026-01-30T12:10:50.577Z,1487,FG-C,BATCH-1017,DAY,normal,0,0
8865,2026-01-30T12:10:50.577Z,2026-01-30T12:10:52.084Z,1507,FG-C,BATCH-1017,DAY,normal,0,0
8866,2026-01-30T12:10:52.084Z,2026-01-30T12:10:53.734Z,1650,FG-C,BATCH-1017,DAY,normal,0,0
8867,2026-01-30T12:10:53.734Z,2026-01-30T12:10:55.238Z,1504,FG-C,BATCH-1017,DAY,normal,0,0
8868,2026-01-30T12:10:55.238Z,2026-01-30T12:10:56.759Z,1521,FG-C,BATCH-1017,DAY,normal,0,0
8869,2026-01-30T12:10:56.759Z,2026-01-30T12:10:58.357Z,1598,FG-C,BATCH-1017,DAY,normal,0,0
8870,2026-01-30T12:10:58.357Z,2026-01-30T12:10:59.889Z,1532,FG-C,BATCH-1017,DAY,normal,0,0
8871,2026-01-30T12:10:59.889Z,2026-01-30T12:11:01.477Z,1588,FG-C,BATCH-1017,DAY,normal,0,0
8872,2026-01-30T12:11:01.477Z,2026-01-30T12:11:02.962Z,1485,FG-C,BATCH-1017,DAY,normal,0,0
8873,2026-01-30T12:11:02.962Z,2026-01-30T12:11:04.416Z,1454,FG-C,BATCH-1017,DAY,normal,0,0
8874,2026-01-30T12:11:04.416Z,2026-01-30T12:11:05.964Z,1548,FG-C,BATCH-1017,DAY,normal,0,0
8875,2026-01-30T12:11:05.964Z,2026-01-30T12:11:07.555Z,1591,FG-C,BATCH-1017,DAY,normal,0,0
8876,2026-01-30T12:11:07.555Z,2026-01-30T12:11:09.119Z,1564,FG-C,BATCH-1017,DAY,normal,0,0
8877,2026-01-30T12:11:09.119Z,2026-01-30T12:11:10.609Z,1490,FG-C,BATCH-1017,DAY,normal,0,0
8878,2026-01-30T12:11:10.609Z,2026-01-30T12:11:12.172Z,1563,FG-C,BATCH-1017,DAY,normal,0,0
8879,2026-01-30T12:11:12.172Z,2026-01-30T12:11:13.581Z,1409,FG-C,BATCH-1017,DAY,normal,0,0
8880,2026-01-30T12:11:13.581Z,2026-01-30T12:11:14.990Z,1409,FG-C,BATCH-1017,DAY,normal,0,0
8881,2026-01-30T12:11:14.990Z,2026-01-30T12:11:16.581Z,1591,FG-C,BATCH-1017,DAY,normal,0,0
8882,2026-01-30T12:11:16.581Z,2026-01-30T12:11:18.208Z,1627,FG-C,BATCH-1017,DAY,normal,0,0
8883,2026-01-30T12:11:18.208Z,2026-01-30T12:11:19.629Z,1421,FG-C,BATCH-1017,DAY,normal,0,0
8884,2026-01-30T12:11:19.629Z,2026-01-30T12:11:21.274Z,1645,FG-C,BATCH-1017,DAY,normal,0,0
8885,2026-01-30T12:11:21.274Z,2026-01-30T12:11:22.855Z,1581,FG-C,BATCH-1017,DAY,normal,0,0
8886,2026-01-30T12:11:22.855Z,2026-01-30T12:11:24.275Z,1420,FG-C,BATCH-1017,DAY,normal,0,0
8887,2026-01-30T12:11:24.275Z,2026-01-30T12:11:25.819Z,1544,FG-C,BATCH-1017,DAY,normal,0,0
8888,2026-01-30T12:11:25.819Z,2026-01-30T12:11:27.388Z,1569,FG-C,BATCH-1017,DAY,normal,0,0
8889,2026-01-30T12:11:27.388Z,2026-01-30T12:11:28.988Z,1600,FG-C,BATCH-1017,DAY,normal,0,0
8890,2026-01-30T12:11:28.988Z,2026-01-30T12:11:30.618Z,1630,FG-C,BATCH-1017,DAY,normal,0,0
8891,2026-01-30T12:11:30.618Z,2026-01-30T12:11:32.194Z,1576,FG-C,BATCH-1017,DAY,normal,0,0
8892,2026-01-30T12:11:32.194Z,2026-01-30T12:11:33.735Z,1541,FG-C,BATCH-1017,DAY,normal,0,0
8893,2026-01-30T12:11:33.735Z,2026-01-30T12:11:35.239Z,1504,FG-C,BATCH-1017,DAY,normal,0,0
8894,2026-01-30T12:11:35.239Z,2026-01-30T12:11:36.821Z,1582,FG-C,BATCH-1017,DAY,normal,0,0
8895,2026-01-30T12:11:36.821Z,2026-01-30T12:11:38.344Z,1523,FG-C,BATCH-1017,DAY,normal,0,0
8896,2026-01-30T12:11:38.344Z,2026-01-30T12:11:39.846Z,1502,FG-C,BATCH-1017,DAY,normal,0,0
8897,2026-01-30T12:11:39.846Z,2026-01-30T12:11:41.460Z,1614,FG-C,BATCH-1017,DAY,normal,0,0
8898,2026-01-30T12:11:41.460Z,2026-01-30T12:11:42.989Z,1529,FG-C,BATCH-1017,DAY,normal,0,0
8899,2026-01-30T12:11:42.989Z,2026-01-30T12:11:44.432Z,1443,FG-C,BATCH-1017,DAY,normal,0,0
8900,2026-01-30T12:11:44.432Z,2026-01-30T12:11:45.703Z,1271,FG-C,BATCH-1017,DAY,normal,0,0
8901,2026-01-30T12:11:45.703Z,2026-01-30T12:11:59.114Z,13411,FG-C,BATCH-1017,DAY,long_gap,1,1
8902,2026-01-30T12:11:59.114Z,2026-01-30T12:12:00.737Z,1623,FG-C,BATCH-1017,DAY,normal,0,0
8903,2026-01-30T12:12:00.737Z,2026-01-30T12:12:02.116Z,1379,FG-C,BATCH-1017,DAY,fast_cycle,0,0
8904,2026-01-30T12:12:02.116Z,2026-01-30T12:12:03.656Z,1540,FG-C,BATCH-1017,DAY,normal,0,0
8905,2026-01-30T12:12:03.656Z,2026-01-30T12:12:17.454Z,13798,FG-C,BATCH-1017,DAY,long_gap,1,1
8906,2026-01-30T12:12:17.454Z,2026-01-30T12:12:19.107Z,1653,FG-C,BATCH-1017,DAY,normal,0,0
8907,2026-01-30T12:12:19.107Z,2026-01-30T12:12:20.860Z,1753,FG-C,BATCH-1017,DAY,normal,0,0
8908,2026-01-30T12:12:20.860Z,2026-01-30T12:12:22.347Z,1487,FG-C,BATCH-1017,DAY,normal,0,0
8909,2026-01-30T12:12:22.347Z,2026-01-30T12:12:23.822Z,1475,FG-C,BATCH-1017,DAY,normal,0,0
8910,2026-01-30T12:12:23.822Z,2026-01-30T12:12:25.419Z,1597,FG-C,BATCH-1017,DAY,normal,0,0
8911,2026-01-30T12:12:25.419Z,2026-01-30T12:12:26.739Z,1320,FG-C,BATCH-1017,DAY,normal,0,0
8912,2026-01-30T12:12:26.739Z,2026-01-30T12:12:28.405Z,1666,FG-C,BATCH-1017,DAY,normal,0,0
8913,2026-01-30T12:12:28.405Z,2026-01-30T12:12:29.848Z,1443,FG-C,BATCH-1017,DAY,normal,0,0
8914,2026-01-30T12:12:29.848Z,2026-01-30T12:12:31.360Z,1512,FG-C,BATCH-1017,DAY,normal,0,0
8915,2026-01-30T12:12:31.360Z,2026-01-30T12:12:32.938Z,1578,FG-C,BATCH-1017,DAY,normal,0,0
8916,2026-01-30T12:12:32.938Z,2026-01-30T12:12:34.380Z,1442,FG-C,BATCH-1017,DAY,normal,0,0
8917,2026-01-30T12:12:34.380Z,2026-01-30T12:12:35.842Z,1462,FG-C,BATCH-1017,DAY,normal,0,0
8918,2026-01-30T12:12:35.842Z,2026-01-30T12:12:37.454Z,1612,FG-C,BATCH-1017,DAY,normal,0,0
8919,2026-01-30T12:12:37.454Z,2026-01-30T12:12:39.040Z,1586,FG-C,BATCH-1017,DAY,normal,0,0
8920,2026-01-30T12:12:39.040Z,2026-01-30T12:12:40.570Z,1530,FG-C,BATCH-1017,DAY,normal,0,0
8921,2026-01-30T12:12:40.570Z,2026-01-30T12:12:42.256Z,1686,FG-C,BATCH-1017,DAY,normal,0,0
8922,2026-01-30T12:12:42.256Z,2026-01-30T12:12:43.932Z,1676,FG-C,BATCH-1017,DAY,normal,0,0
8923,2026-01-30T12:12:43.932Z,2026-01-30T12:12:45.591Z,1659,FG-C,BATCH-1017,DAY,normal,0,0
8924,2026-01-30T12:12:45.591Z,2026-01-30T12:12:46.978Z,1387,FG-C,BATCH-1017,DAY,normal,0,0
8925,2026-01-30T12:12:46.978Z,2026-01-30T12:12:48.458Z,1480,FG-C,BATCH-1017,DAY,normal,0,0
8926,2026-01-30T12:12:48.458Z,2026-01-30T12:12:50.084Z,1626,FG-C,BATCH-1017,DAY,normal,0,0
8927,2026-01-30T12:12:50.084Z,2026-01-30T12:12:51.564Z,1480,FG-C,BATCH-1017,DAY,normal,0,0
8928,2026-01-30T12:12:51.564Z,2026-01-30T12:12:52.921Z,1357,FG-C,BATCH-1017,DAY,normal,0,0
8929,2026-01-30T12:12:52.921Z,2026-01-30T12:12:54.314Z,1393,FG-C,BATCH-1017,DAY,normal,0,0
8930,2026-01-30T12:12:54.314Z,2026-01-30T12:12:55.919Z,1605,FG-C,BATCH-1017,DAY,normal,0,0
8931,2026-01-30T12:12:55.919Z,2026-01-30T12:12:57.510Z,1591,FG-C,BATCH-1017,DAY,normal,0,0
8932,2026-01-30T12:12:57.510Z,2026-01-30T12:12:59.038Z,1528,FG-C,BATCH-1017,DAY,normal,0,0
8933,2026-01-30T12:12:59.038Z,2026-01-30T12:13:00.587Z,1549,FG-C,BATCH-1017,DAY,normal,0,0
8934,2026-01-30T12:13:00.587Z,2026-01-30T12:13:02.290Z,1703,FG-C,BATCH-1017,DAY,normal,0,0
8935,2026-01-30T12:13:02.290Z,2026-01-30T12:13:09.115Z,6825,FG-C,BATCH-1017,DAY,long_gap,1,1
8936,2026-01-30T12:13:09.115Z,2026-01-30T12:13:10.819Z,1704,FG-C,BATCH-1017,DAY,normal,0,0
8937,2026-01-30T12:13:10.819Z,2026-01-30T12:13:12.317Z,1498,FG-C,BATCH-1017,DAY,normal,0,0
8938,2026-01-30T12:13:12.317Z,2026-01-30T12:13:24.483Z,12166,FG-C,BATCH-1017,DAY,long_gap,1,1
8939,2026-01-30T12:13:24.483Z,2026-01-30T12:13:26.159Z,1676,FG-C,BATCH-1017,DAY,normal,0,0
8940,2026-01-30T12:13:26.159Z,2026-01-30T12:13:27.749Z,1590,FG-C,BATCH-1017,DAY,normal,0,0
8941,2026-01-30T12:13:27.749Z,2026-01-30T12:13:29.372Z,1623,FG-C,BATCH-1017,DAY,normal,0,0
8942,2026-01-30T12:13:29.372Z,2026-01-30T12:13:30.876Z,1504,FG-C,BATCH-1017,DAY,normal,0,0
8943,2026-01-30T12:13:30.876Z,2026-01-30T12:13:32.220Z,1344,FG-C,BATCH-1017,DAY,normal,0,0
8944,2026-01-30T12:13:32.220Z,2026-01-30T12:13:33.629Z,1409,FG-C,BATCH-1017,DAY,normal,0,0
8945,2026-01-30T12:13:33.629Z,2026-01-30T12:13:35.274Z,1645,FG-C,BATCH-1017,DAY,normal,0,0
8946,2026-01-30T12:13:35.274Z,2026-01-30T12:13:36.837Z,1563,FG-C,BATCH-1017,DAY,normal,0,0
8947,2026-01-30T12:13:36.837Z,2026-01-30T12:13:38.363Z,1526,FG-C,BATCH-1017,DAY,normal,0,0
8948,2026-01-30T12:13:38.363Z,2026-01-30T12:13:39.762Z,1399,FG-C,BATCH-1017,DAY,normal,0,0
8949,2026-01-30T12:13:39.762Z,2026-01-30T12:13:41.395Z,1633,FG-C,BATCH-1017,DAY,normal,0,0
8950,2026-01-30T12:13:41.395Z,2026-01-30T12:13:42.992Z,1597,FG-C,BATCH-1017,DAY,normal,0,0
8951,2026-01-30T12:13:42.992Z,2026-01-30T12:13:44.505Z,1513,FG-C,BATCH-1017,DAY,normal,0,0
8952,2026-01-30T12:13:44.505Z,2026-01-30T12:13:46.147Z,1642,FG-C,BATCH-1017,DAY,normal,0,0
8953,2026-01-30T12:13:46.147Z,2026-01-30T12:13:47.631Z,1484,FG-C,BATCH-1017,DAY,normal,0,0
8954,2026-01-30T12:13:47.631Z,2026-01-30T12:13:49.238Z,1607,FG-C,BATCH-1017,DAY,normal,0,0
8955,2026-01-30T12:13:49.238Z,2026-01-30T12:13:50.755Z,1517,FG-C,BATCH-1017,DAY,normal,0,0
8956,2026-01-30T12:13:50.755Z,2026-01-30T12:13:52.313Z,1558,FG-C,BATCH-1017,DAY,normal,0,0
8957,2026-01-30T12:13:52.313Z,2026-01-30T12:13:53.760Z,1447,FG-C,BATCH-1017,DAY,normal,0,0
8958,2026-01-30T12:13:53.760Z,2026-01-30T12:13:55.524Z,1764,FG-C,BATCH-1017,DAY,normal,0,0
8959,2026-01-30T12:13:55.524Z,2026-01-30T12:13:57.036Z,1512,FG-C,BATCH-1017,DAY,normal,0,0
8960,2026-01-30T12:13:57.036Z,2026-01-30T12:13:58.642Z,1606,FG-C,BATCH-1017,DAY,normal,0,0
8961,2026-01-30T12:13:58.642Z,2026-01-30T12:14:00.296Z,1654,FG-C,BATCH-1017,DAY,normal,0,0
8962,2026-01-30T12:14:00.296Z,2026-01-30T12:14:01.901Z,1605,FG-C,BATCH-1017,DAY,normal,0,0
8963,2026-01-30T12:14:01.901Z,2026-01-30T12:14:03.451Z,1550,FG-C,BATCH-1017,DAY,normal,0,0
8964,2026-01-30T12:14:03.451Z,2026-01-30T12:14:04.925Z,1474,FG-C,BATCH-1017,DAY,normal,0,0
8965,2026-01-30T12:14:04.925Z,2026-01-30T12:14:06.341Z,1416,FG-C,BATCH-1017,DAY,normal,0,0
8966,2026-01-30T12:14:06.341Z,2026-01-30T12:14:07.868Z,1527,FG-C,BATCH-1017,DAY,normal,0,0
8967,2026-01-30T12:14:07.868Z,2026-01-30T12:14:09.401Z,1533,FG-C,BATCH-1017,DAY,normal,0,0
8968,2026-01-30T12:14:09.401Z,2026-01-30T12:14:11.048Z,1647,FG-C,BATCH-1017,DAY,normal,0,0
8969,2026-01-30T12:14:11.048Z,2026-01-30T12:14:12.592Z,1544,FG-C,BATCH-1017,DAY,normal,0,0
8970,2026-01-30T12:14:12.592Z,2026-01-30T12:14:14.148Z,1556,FG-C,BATCH-1017,DAY,normal,0,0
8971,2026-01-30T12:14:14.148Z,2026-01-30T12:14:15.674Z,1526,FG-C,BATCH-1017,DAY,normal,0,0
8972,2026-01-30T12:14:15.674Z,2026-01-30T12:14:19.098Z,3424,FG-C,BATCH-1017,DAY,slow_cycle,0,1
8973,2026-01-30T12:14:19.098Z,2026-01-30T12:14:20.434Z,1336,FG-C,BATCH-1017,DAY,normal,0,0
8974,2026-01-30T12:14:20.434Z,2026-01-30T12:14:21.891Z,1457,FG-C,BATCH-1017,DAY,normal,0,0
8975,2026-01-30T12:14:21.891Z,2026-01-30T12:14:23.542Z,1651,FG-C,BATCH-1017,DAY,normal,0,0
8976,2026-01-30T12:14:23.542Z,2026-01-30T12:14:38.127Z,14585,FG-C,BATCH-1017,DAY,long_gap,1,1
8977,2026-01-30T12:14:38.127Z,2026-01-30T12:14:39.779Z,1652,FG-C,BATCH-1017,DAY,normal,0,0
8978,2026-01-30T12:14:39.779Z,2026-01-30T12:14:41.452Z,1673,FG-C,BATCH-1017,DAY,normal,0,0
8979,2026-01-30T12:14:41.452Z,2026-01-30T12:14:43.095Z,1643,FG-C,BATCH-1017,DAY,normal,0,0
8980,2026-01-30T12:14:43.095Z,2026-01-30T12:14:44.579Z,1484,FG-C,BATCH-1017,DAY,normal,0,0
8981,2026-01-30T12:14:44.579Z,2026-01-30T12:14:46.066Z,1487,FG-C,BATCH-1017,DAY,normal,0,0
8982,2026-01-30T12:14:46.066Z,2026-01-30T12:14:47.518Z,1452,FG-C,BATCH-1017,DAY,normal,0,0
8983,2026-01-30T12:14:47.518Z,2026-01-30T12:14:49.107Z,1589,FG-C,BATCH-1017,DAY,normal,0,0
8984,2026-01-30T12:14:49.107Z,2026-01-30T12:14:50.506Z,1399,FG-C,BATCH-1017,DAY,normal,0,0
8985,2026-01-30T12:14:50.506Z,2026-01-30T12:14:52.158Z,1652,FG-C,BATCH-1017,DAY,normal,0,0
8986,2026-01-30T12:14:52.158Z,2026-01-30T12:14:53.677Z,1519,FG-C,BATCH-1017,DAY,normal,0,0
8987,2026-01-30T12:14:53.677Z,2026-01-30T12:14:55.371Z,1694,FG-C,BATCH-1017,DAY,normal,0,0
8988,2026-01-30T12:14:55.371Z,2026-01-30T12:14:57.108Z,1737,FG-C,BATCH-1017,DAY,normal,0,0
8989,2026-01-30T12:14:57.108Z,2026-01-30T12:14:58.659Z,1551,FG-C,BATCH-1017,DAY,normal,0,0
8990,2026-01-30T12:14:58.659Z,2026-01-30T12:15:00.061Z,1402,FG-C,BATCH-1017,DAY,normal,0,0
8991,2026-01-30T12:15:00.061Z,2026-01-30T12:15:01.795Z,1734,FG-C,BATCH-1017,DAY,normal,0,0
8992,2026-01-30T12:15:01.795Z,2026-01-30T12:15:03.448Z,1653,FG-C,BATCH-1017,DAY,normal,0,0
8993,2026-01-30T12:15:03.448Z,2026-01-30T12:15:05.178Z,1730,FG-C,BATCH-1017,DAY,normal,0,0
8994,2026-01-30T12:15:05.178Z,2026-01-30T12:15:06.711Z,1533,FG-C,BATCH-1017,DAY,normal,0,0
8995,2026-01-30T12:15:06.711Z,2026-01-30T12:15:08.330Z,1619,FG-C,BATCH-1017,DAY,normal,0,0
8996,2026-01-30T12:15:08.330Z,2026-01-30T12:15:09.935Z,1605,FG-C,BATCH-1017,DAY,normal,0,0
8997,2026-01-30T12:15:09.935Z,2026-01-30T12:15:11.461Z,1526,FG-C,BATCH-1017,DAY,normal,0,0
8998,2026-01-30T12:15:11.461Z,2026-01-30T12:15:22.069Z,10608,FG-C,BATCH-1017,DAY,long_gap,1,1
8999,2026-01-30T12:15:22.069Z,2026-01-30T12:15:23.513Z,1444,FG-C,BATCH-1017,DAY,normal,0,0
9000,2026-01-30T12:15:23.513Z,2026-01-30T12:15:26.270Z,2757,FG-A,BATCH-1018,DAY,slow_cycle,0,1
9001,2026-01-30T12:15:26.270Z,2026-01-30T12:15:28.025Z,1755,FG-A,BATCH-1018,DAY,normal,0,0
9002,2026-01-30T12:15:28.025Z,2026-01-30T12:15:29.646Z,1621,FG-A,BATCH-1018,DAY,normal,0,0
9003,2026-01-30T12:15:29.646Z,2026-01-30T12:15:31.160Z,1514,FG-A,BATCH-1018,DAY,normal,0,0
9004,2026-01-30T12:15:31.160Z,2026-01-30T12:15:32.866Z,1706,FG-A,BATCH-1018,DAY,normal,0,0
9005,2026-01-30T12:15:32.866Z,2026-01-30T12:15:34.517Z,1651,FG-A,BATCH-1018,DAY,normal,0,0
9006,2026-01-30T12:15:34.517Z,2026-01-30T12:15:36.017Z,1500,FG-A,BATCH-1018,DAY,normal,0,0
9007,2026-01-30T12:15:36.017Z,2026-01-30T12:15:37.583Z,1566,FG-A,BATCH-1018,DAY,normal,0,0
9008,2026-01-30T12:15:37.583Z,2026-01-30T12:15:39.164Z,1581,FG-A,BATCH-1018,DAY,normal,0,0
9009,2026-01-30T12:15:39.164Z,2026-01-30T12:15:40.710Z,1546,FG-A,BATCH-1018,DAY,normal,0,0
9010,2026-01-30T12:15:40.710Z,2026-01-30T12:15:42.235Z,1525,FG-A,BATCH-1018,DAY,normal,0,0
9011,2026-01-30T12:15:42.235Z,2026-01-30T12:15:43.805Z,1570,FG-A,BATCH-1018,DAY,normal,0,0
9012,2026-01-30T12:15:43.805Z,2026-01-30T12:15:45.473Z,1668,FG-A,BATCH-1018,DAY,normal,0,0
9013,2026-01-30T12:15:45.473Z,2026-01-30T12:15:46.923Z,1450,FG-A,BATCH-1018,DAY,normal,0,0
9014,2026-01-30T12:15:46.923Z,2026-01-30T12:15:48.459Z,1536,FG-A,BATCH-1018,DAY,normal,0,0
9015,2026-01-30T12:15:48.459Z,2026-01-30T12:15:50.090Z,1631,FG-A,BATCH-1018,DAY,normal,0,0
9016,2026-01-30T12:15:50.090Z,2026-01-30T12:15:51.649Z,1559,FG-A,BATCH-1018,DAY,normal,0,0
9017,2026-01-30T12:15:51.649Z,2026-01-30T12:15:53.341Z,1692,FG-A,BATCH-1018,DAY,normal,0,0
9018,2026-01-30T12:15:53.341Z,2026-01-30T12:15:55.026Z,1685,FG-A,BATCH-1018,DAY,normal,0,0
9019,2026-01-30T12:15:55.026Z,2026-01-30T12:15:56.696Z,1670,FG-A,BATCH-1018,DAY,normal,0,0
9020,2026-01-30T12:15:56.696Z,2026-01-30T12:15:58.300Z,1604,FG-A,BATCH-1018,DAY,normal,0,0
9021,2026-01-30T12:15:58.300Z,2026-01-30T12:15:59.995Z,1695,FG-A,BATCH-1018,DAY,normal,0,0
9022,2026-01-30T12:15:59.995Z,2026-01-30T12:16:01.498Z,1503,FG-A,BATCH-1018,DAY,normal,0,0
9023,2026-01-30T12:16:01.498Z,2026-01-30T12:16:02.978Z,1480,FG-A,BATCH-1018,DAY,normal,0,0
9024,2026-01-30T12:16:02.978Z,2026-01-30T12:16:04.677Z,1699,FG-A,BATCH-1018,DAY,normal,0,0
9025,2026-01-30T12:16:04.677Z,2026-01-30T12:16:06.448Z,1771,FG-A,BATCH-1018,DAY,normal,0,0
9026,2026-01-30T12:16:06.448Z,2026-01-30T12:16:08.128Z,1680,FG-A,BATCH-1018,DAY,normal,0,0
9027,2026-01-30T12:16:08.128Z,2026-01-30T12:16:09.821Z,1693,FG-A,BATCH-1018,DAY,normal,0,0
9028,2026-01-30T12:16:09.821Z,2026-01-30T12:16:11.406Z,1585,FG-A,BATCH-1018,DAY,normal,0,0
9029,2026-01-30T12:16:11.406Z,2026-01-30T12:16:12.998Z,1592,FG-A,BATCH-1018,DAY,normal,0,0
9030,2026-01-30T12:16:12.998Z,2026-01-30T12:16:14.540Z,1542,FG-A,BATCH-1018,DAY,normal,0,0
9031,2026-01-30T12:16:14.540Z,2026-01-30T12:16:16.137Z,1597,FG-A,BATCH-1018,DAY,normal,0,0
9032,2026-01-30T12:16:16.137Z,2026-01-30T12:16:17.944Z,1807,FG-A,BATCH-1018,DAY,normal,0,0
9033,2026-01-30T12:16:17.944Z,2026-01-30T12:16:19.557Z,1613,FG-A,BATCH-1018,DAY,normal,0,0
9034,2026-01-30T12:16:19.557Z,2026-01-30T12:16:21.156Z,1599,FG-A,BATCH-1018,DAY,normal,0,0
9035,2026-01-30T12:16:21.156Z,2026-01-30T12:16:22.745Z,1589,FG-A,BATCH-1018,DAY,normal,0,0
9036,2026-01-30T12:16:22.745Z,2026-01-30T12:16:24.290Z,1545,FG-A,BATCH-1018,DAY,normal,0,0
9037,2026-01-30T12:16:24.290Z,2026-01-30T12:16:25.885Z,1595,FG-A,BATCH-1018,DAY,normal,0,0
9038,2026-01-30T12:16:25.885Z,2026-01-30T12:16:27.576Z,1691,FG-A,BATCH-1018,DAY,normal,0,0
9039,2026-01-30T12:16:27.576Z,2026-01-30T12:16:29.053Z,1477,FG-A,BATCH-1018,DAY,normal,0,0
9040,2026-01-30T12:16:29.053Z,2026-01-30T12:16:30.735Z,1682,FG-A,BATCH-1018,DAY,normal,0,0
9041,2026-01-30T12:16:30.735Z,2026-01-30T12:16:32.341Z,1606,FG-A,BATCH-1018,DAY,normal,0,0
9042,2026-01-30T12:16:32.341Z,2026-01-30T12:16:33.788Z,1447,FG-A,BATCH-1018,DAY,fast_cycle,0,0
9043,2026-01-30T12:16:33.788Z,2026-01-30T12:16:35.196Z,1408,FG-A,BATCH-1018,DAY,normal,0,0
9044,2026-01-30T12:16:35.196Z,2026-01-30T12:16:36.779Z,1583,FG-A,BATCH-1018,DAY,normal,0,0
9045,2026-01-30T12:16:36.779Z,2026-01-30T12:16:38.234Z,1455,FG-A,BATCH-1018,DAY,normal,0,0
9046,2026-01-30T12:16:38.234Z,2026-01-30T12:16:39.934Z,1700,FG-A,BATCH-1018,DAY,normal,0,0
9047,2026-01-30T12:16:39.934Z,2026-01-30T12:16:43.315Z,3381,FG-A,BATCH-1018,DAY,slow_cycle,0,1
9048,2026-01-30T12:16:43.315Z,2026-01-30T12:16:44.879Z,1564,FG-A,BATCH-1018,DAY,normal,0,0
9049,2026-01-30T12:16:44.879Z,2026-01-30T12:16:46.554Z,1675,FG-A,BATCH-1018,DAY,normal,0,0
9050,2026-01-30T12:16:46.554Z,2026-01-30T12:16:48.204Z,1650,FG-A,BATCH-1018,DAY,normal,0,0
9051,2026-01-30T12:16:48.204Z,2026-01-30T12:16:49.912Z,1708,FG-A,BATCH-1018,DAY,normal,0,0
9052,2026-01-30T12:16:49.912Z,2026-01-30T12:16:51.626Z,1714,FG-A,BATCH-1018,DAY,normal,0,0
9053,2026-01-30T12:16:51.626Z,2026-01-30T12:16:53.233Z,1607,FG-A,BATCH-1018,DAY,normal,0,0
9054,2026-01-30T12:16:53.233Z,2026-01-30T12:16:55.538Z,2305,FG-A,BATCH-1018,DAY,slow_cycle,0,1
9055,2026-01-30T12:16:55.538Z,2026-01-30T12:16:57.170Z,1632,FG-A,BATCH-1018,DAY,normal,0,0
9056,2026-01-30T12:16:57.170Z,2026-01-30T12:17:01.092Z,3922,FG-A,BATCH-1018,DAY,jam_recovery,0,1
9057,2026-01-30T12:17:01.092Z,2026-01-30T12:17:02.775Z,1683,FG-A,BATCH-1018,DAY,normal,0,0
9058,2026-01-30T12:17:02.775Z,2026-01-30T12:17:04.210Z,1435,FG-A,BATCH-1018,DAY,normal,0,0
9059,2026-01-30T12:17:04.210Z,2026-01-30T12:17:05.911Z,1701,FG-A,BATCH-1018,DAY,normal,0,0
9060,2026-01-30T12:17:05.911Z,2026-01-30T12:17:07.595Z,1684,FG-A,BATCH-1018,DAY,normal,0,0
9061,2026-01-30T12:17:07.595Z,2026-01-30T12:17:09.169Z,1574,FG-A,BATCH-1018,DAY,normal,0,0
9062,2026-01-30T12:17:09.169Z,2026-01-30T12:17:10.759Z,1590,FG-A,BATCH-1018,DAY,normal,0,0
9063,2026-01-30T12:17:10.759Z,2026-01-30T12:17:12.357Z,1598,FG-A,BATCH-1018,DAY,normal,0,0
9064,2026-01-30T12:17:12.357Z,2026-01-30T12:17:14.087Z,1730,FG-A,BATCH-1018,DAY,normal,0,0
9065,2026-01-30T12:17:14.087Z,2026-01-30T12:17:15.666Z,1579,FG-A,BATCH-1018,DAY,normal,0,0
9066,2026-01-30T12:17:15.666Z,2026-01-30T12:17:19.707Z,4041,FG-A,BATCH-1018,DAY,jam_recovery,0,1
9067,2026-01-30T12:17:19.707Z,2026-01-30T12:17:21.378Z,1671,FG-A,BATCH-1018,DAY,normal,0,0
9068,2026-01-30T12:17:21.378Z,2026-01-30T12:17:23.146Z,1768,FG-A,BATCH-1018,DAY,normal,0,0
9069,2026-01-30T12:17:23.146Z,2026-01-30T12:17:24.899Z,1753,FG-A,BATCH-1018,DAY,normal,0,0
9070,2026-01-30T12:17:24.899Z,2026-01-30T12:17:26.431Z,1532,FG-A,BATCH-1018,DAY,normal,0,0
9071,2026-01-30T12:17:26.431Z,2026-01-30T12:17:28.056Z,1625,FG-A,BATCH-1018,DAY,normal,0,0
9072,2026-01-30T12:17:28.056Z,2026-01-30T12:17:29.725Z,1669,FG-A,BATCH-1018,DAY,normal,0,0
9073,2026-01-30T12:17:29.725Z,2026-01-30T12:17:31.316Z,1591,FG-A,BATCH-1018,DAY,normal,0,0
9074,2026-01-30T12:17:31.316Z,2026-01-30T12:17:32.959Z,1643,FG-A,BATCH-1018,DAY,normal,0,0
9075,2026-01-30T12:17:32.959Z,2026-01-30T12:17:34.705Z,1746,FG-A,BATCH-1018,DAY,normal,0,0
9076,2026-01-30T12:17:34.705Z,2026-01-30T12:17:36.429Z,1724,FG-A,BATCH-1018,DAY,normal,0,0
9077,2026-01-30T12:17:36.429Z,2026-01-30T12:17:38.063Z,1634,FG-A,BATCH-1018,DAY,normal,0,0
9078,2026-01-30T12:17:38.063Z,2026-01-30T12:17:39.537Z,1474,FG-A,BATCH-1018,DAY,normal,0,0
9079,2026-01-30T12:17:39.537Z,2026-01-30T12:17:41.114Z,1577,FG-A,BATCH-1018,DAY,normal,0,0
9080,2026-01-30T12:17:41.114Z,2026-01-30T12:17:42.660Z,1546,FG-A,BATCH-1018,DAY,normal,0,0
9081,2026-01-30T12:17:42.660Z,2026-01-30T12:17:44.224Z,1564,FG-A,BATCH-1018,DAY,normal,0,0
9082,2026-01-30T12:17:44.224Z,2026-01-30T12:17:58.354Z,14130,FG-A,BATCH-1018,DAY,long_gap,1,1
9083,2026-01-30T12:17:58.354Z,2026-01-30T12:18:00.035Z,1681,FG-A,BATCH-1018,DAY,normal,0,0
9084,2026-01-30T12:18:00.035Z,2026-01-30T12:18:01.613Z,1578,FG-A,BATCH-1018,DAY,normal,0,0
9085,2026-01-30T12:18:01.613Z,2026-01-30T12:18:03.376Z,1763,FG-A,BATCH-1018,DAY,normal,0,0
9086,2026-01-30T12:18:03.376Z,2026-01-30T12:18:04.781Z,1405,FG-A,BATCH-1018,DAY,fast_cycle,0,0
9087,2026-01-30T12:18:04.781Z,2026-01-30T12:18:06.216Z,1435,FG-A,BATCH-1018,DAY,normal,0,0
9088,2026-01-30T12:18:06.216Z,2026-01-30T12:18:07.705Z,1489,FG-A,BATCH-1018,DAY,normal,0,0
9089,2026-01-30T12:18:07.705Z,2026-01-30T12:18:09.126Z,1421,FG-A,BATCH-1018,DAY,normal,0,0
9090,2026-01-30T12:18:09.126Z,2026-01-30T12:18:10.718Z,1592,FG-A,BATCH-1018,DAY,normal,0,0
9091,2026-01-30T12:18:10.718Z,2026-01-30T12:18:12.227Z,1509,FG-A,BATCH-1018,DAY,normal,0,0
9092,2026-01-30T12:18:12.227Z,2026-01-30T12:18:13.770Z,1543,FG-A,BATCH-1018,DAY,normal,0,0
9093,2026-01-30T12:18:13.770Z,2026-01-30T12:18:15.305Z,1535,FG-A,BATCH-1018,DAY,normal,0,0
9094,2026-01-30T12:18:15.305Z,2026-01-30T12:18:16.803Z,1498,FG-A,BATCH-1018,DAY,normal,0,0
9095,2026-01-30T12:18:16.803Z,2026-01-30T12:18:18.390Z,1587,FG-A,BATCH-1018,DAY,normal,0,0
9096,2026-01-30T12:18:18.390Z,2026-01-30T12:18:19.943Z,1553,FG-A,BATCH-1018,DAY,normal,0,0
9097,2026-01-30T12:18:19.943Z,2026-01-30T12:18:21.686Z,1743,FG-A,BATCH-1018,DAY,normal,0,0
9098,2026-01-30T12:18:21.686Z,2026-01-30T12:18:23.230Z,1544,FG-A,BATCH-1018,DAY,normal,0,0
9099,2026-01-30T12:18:23.230Z,2026-01-30T12:18:24.803Z,1573,FG-A,BATCH-1018,DAY,normal,0,0
9100,2026-01-30T12:18:24.803Z,2026-01-30T12:18:26.398Z,1595,FG-A,BATCH-1018,DAY,normal,0,0
9101,2026-01-30T12:18:26.398Z,2026-01-30T12:18:27.932Z,1534,FG-A,BATCH-1018,DAY,normal,0,0
9102,2026-01-30T12:18:27.932Z,2026-01-30T12:18:29.504Z,1572,FG-A,BATCH-1018,DAY,normal,0,0
9103,2026-01-30T12:18:29.504Z,2026-01-30T12:18:31.199Z,1695,FG-A,BATCH-1018,DAY,normal,0,0
9104,2026-01-30T12:18:31.199Z,2026-01-30T12:18:32.797Z,1598,FG-A,BATCH-1018,DAY,normal,0,0
9105,2026-01-30T12:18:32.797Z,2026-01-30T12:18:34.206Z,1409,FG-A,BATCH-1018,DAY,fast_cycle,0,0
9106,2026-01-30T12:18:34.206Z,2026-01-30T12:18:35.907Z,1701,FG-A,BATCH-1018,DAY,normal,0,0
9107,2026-01-30T12:18:35.907Z,2026-01-30T12:18:37.578Z,1671,FG-A,BATCH-1018,DAY,normal,0,0
9108,2026-01-30T12:18:37.578Z,2026-01-30T12:18:39.205Z,1627,FG-A,BATCH-1018,DAY,normal,0,0
9109,2026-01-30T12:18:39.205Z,2026-01-30T12:18:40.684Z,1479,FG-A,BATCH-1018,DAY,normal,0,0
9110,2026-01-30T12:18:40.684Z,2026-01-30T12:18:42.190Z,1506,FG-A,BATCH-1018,DAY,normal,0,0
9111,2026-01-30T12:18:42.190Z,2026-01-30T12:18:43.848Z,1658,FG-A,BATCH-1018,DAY,normal,0,0
9112,2026-01-30T12:18:43.848Z,2026-01-30T12:18:45.590Z,1742,FG-A,BATCH-1018,DAY,normal,0,0
9113,2026-01-30T12:18:45.590Z,2026-01-30T12:18:47.313Z,1723,FG-A,BATCH-1018,DAY,normal,0,0
9114,2026-01-30T12:18:47.313Z,2026-01-30T12:18:48.874Z,1561,FG-A,BATCH-1018,DAY,normal,0,0
9115,2026-01-30T12:18:48.874Z,2026-01-30T12:18:50.652Z,1778,FG-A,BATCH-1018,DAY,normal,0,0
9116,2026-01-30T12:18:50.652Z,2026-01-30T12:18:52.216Z,1564,FG-A,BATCH-1018,DAY,normal,0,0
9117,2026-01-30T12:18:52.216Z,2026-01-30T12:18:54.029Z,1813,FG-A,BATCH-1018,DAY,normal,0,0
9118,2026-01-30T12:18:54.029Z,2026-01-30T12:18:55.526Z,1497,FG-A,BATCH-1018,DAY,normal,0,0
9119,2026-01-30T12:18:55.526Z,2026-01-30T12:18:57.149Z,1623,FG-A,BATCH-1018,DAY,normal,0,0
9120,2026-01-30T12:18:57.149Z,2026-01-30T12:18:58.772Z,1623,FG-A,BATCH-1018,DAY,normal,0,0
9121,2026-01-30T12:18:58.772Z,2026-01-30T12:19:00.425Z,1653,FG-A,BATCH-1018,DAY,normal,0,0
9122,2026-01-30T12:19:00.425Z,2026-01-30T12:19:02.048Z,1623,FG-A,BATCH-1018,DAY,normal,0,0
9123,2026-01-30T12:19:02.048Z,2026-01-30T12:19:03.799Z,1751,FG-A,BATCH-1018,DAY,normal,0,0
9124,2026-01-30T12:19:03.799Z,2026-01-30T12:19:05.390Z,1591,FG-A,BATCH-1018,DAY,normal,0,0
9125,2026-01-30T12:19:05.390Z,2026-01-30T12:19:07.016Z,1626,FG-A,BATCH-1018,DAY,normal,0,0
9126,2026-01-30T12:19:07.016Z,2026-01-30T12:19:08.726Z,1710,FG-A,BATCH-1018,DAY,normal,0,0
9127,2026-01-30T12:19:08.726Z,2026-01-30T12:19:10.528Z,1802,FG-A,BATCH-1018,DAY,normal,0,0
9128,2026-01-30T12:19:10.528Z,2026-01-30T12:19:24.515Z,13987,FG-A,BATCH-1018,DAY,long_gap,1,1
9129,2026-01-30T12:19:24.515Z,2026-01-30T12:19:26.143Z,1628,FG-A,BATCH-1018,DAY,normal,0,0
9130,2026-01-30T12:19:26.143Z,2026-01-30T12:19:27.744Z,1601,FG-A,BATCH-1018,DAY,normal,0,0
9131,2026-01-30T12:19:27.744Z,2026-01-30T12:19:29.390Z,1646,FG-A,BATCH-1018,DAY,normal,0,0
9132,2026-01-30T12:19:29.390Z,2026-01-30T12:19:30.976Z,1586,FG-A,BATCH-1018,DAY,normal,0,0
9133,2026-01-30T12:19:30.976Z,2026-01-30T12:19:32.670Z,1694,FG-A,BATCH-1018,DAY,normal,0,0
9134,2026-01-30T12:19:32.670Z,2026-01-30T12:19:34.270Z,1600,FG-A,BATCH-1018,DAY,normal,0,0
9135,2026-01-30T12:19:34.270Z,2026-01-30T12:19:35.777Z,1507,FG-A,BATCH-1018,DAY,normal,0,0
9136,2026-01-30T12:19:35.777Z,2026-01-30T12:19:37.490Z,1713,FG-A,BATCH-1018,DAY,normal,0,0
9137,2026-01-30T12:19:37.490Z,2026-01-30T12:19:39.178Z,1688,FG-A,BATCH-1018,DAY,normal,0,0
9138,2026-01-30T12:19:39.178Z,2026-01-30T12:19:40.714Z,1536,FG-A,BATCH-1018,DAY,normal,0,0
9139,2026-01-30T12:19:40.714Z,2026-01-30T12:19:42.339Z,1625,FG-A,BATCH-1018,DAY,normal,0,0
9140,2026-01-30T12:19:42.339Z,2026-01-30T12:19:43.944Z,1605,FG-A,BATCH-1018,DAY,normal,0,0
9141,2026-01-30T12:19:43.944Z,2026-01-30T12:19:45.456Z,1512,FG-A,BATCH-1018,DAY,normal,0,0
9142,2026-01-30T12:19:45.456Z,2026-01-30T12:19:47.117Z,1661,FG-A,BATCH-1018,DAY,normal,0,0
9143,2026-01-30T12:19:47.117Z,2026-01-30T12:19:48.614Z,1497,FG-A,BATCH-1018,DAY,normal,0,0
9144,2026-01-30T12:19:48.614Z,2026-01-30T12:19:50.253Z,1639,FG-A,BATCH-1018,DAY,normal,0,0
9145,2026-01-30T12:19:50.253Z,2026-01-30T12:19:51.960Z,1707,FG-A,BATCH-1018,DAY,normal,0,0
9146,2026-01-30T12:19:51.960Z,2026-01-30T12:19:53.677Z,1717,FG-A,BATCH-1018,DAY,normal,0,0
9147,2026-01-30T12:19:53.677Z,2026-01-30T12:19:55.206Z,1529,FG-A,BATCH-1018,DAY,normal,0,0
9148,2026-01-30T12:19:55.206Z,2026-01-30T12:19:56.750Z,1544,FG-A,BATCH-1018,DAY,normal,0,0
9149,2026-01-30T12:19:56.750Z,2026-01-30T12:19:58.474Z,1724,FG-A,BATCH-1018,DAY,normal,0,0
9150,2026-01-30T12:19:58.474Z,2026-01-30T12:20:00.072Z,1598,FG-A,BATCH-1018,DAY,normal,0,0
9151,2026-01-30T12:20:00.072Z,2026-01-30T12:20:01.644Z,1572,FG-A,BATCH-1018,DAY,normal,0,0
9152,2026-01-30T12:20:01.644Z,2026-01-30T12:20:03.135Z,1491,FG-A,BATCH-1018,DAY,normal,0,0
9153,2026-01-30T12:20:03.135Z,2026-01-30T12:20:04.766Z,1631,FG-A,BATCH-1018,DAY,normal,0,0
9154,2026-01-30T12:20:04.766Z,2026-01-30T12:20:06.516Z,1750,FG-A,BATCH-1018,DAY,normal,0,0
9155,2026-01-30T12:20:06.516Z,2026-01-30T12:20:08.068Z,1552,FG-A,BATCH-1018,DAY,normal,0,0
9156,2026-01-30T12:20:08.068Z,2026-01-30T12:20:09.588Z,1520,FG-A,BATCH-1018,DAY,normal,0,0
9157,2026-01-30T12:20:09.588Z,2026-01-30T12:20:11.178Z,1590,FG-A,BATCH-1018,DAY,normal,0,0
9158,2026-01-30T12:20:11.178Z,2026-01-30T12:20:12.831Z,1653,FG-A,BATCH-1018,DAY,normal,0,0
9159,2026-01-30T12:20:12.831Z,2026-01-30T12:20:14.516Z,1685,FG-A,BATCH-1018,DAY,normal,0,0
9160,2026-01-30T12:20:14.516Z,2026-01-30T12:20:16.144Z,1628,FG-A,BATCH-1018,DAY,normal,0,0
9161,2026-01-30T12:20:16.144Z,2026-01-30T12:20:17.680Z,1536,FG-A,BATCH-1018,DAY,normal,0,0
9162,2026-01-30T12:20:17.680Z,2026-01-30T12:20:19.221Z,1541,FG-A,BATCH-1018,DAY,normal,0,0
9163,2026-01-30T12:20:19.221Z,2026-01-30T12:20:20.702Z,1481,FG-A,BATCH-1018,DAY,normal,0,0
9164,2026-01-30T12:20:20.702Z,2026-01-30T12:20:22.137Z,1435,FG-A,BATCH-1018,DAY,normal,0,0
9165,2026-01-30T12:20:22.137Z,2026-01-30T12:20:23.679Z,1542,FG-A,BATCH-1018,DAY,normal,0,0
9166,2026-01-30T12:20:23.679Z,2026-01-30T12:20:25.223Z,1544,FG-A,BATCH-1018,DAY,normal,0,0
9167,2026-01-30T12:20:25.223Z,2026-01-30T12:20:26.970Z,1747,FG-A,BATCH-1018,DAY,normal,0,0
9168,2026-01-30T12:20:26.970Z,2026-01-30T12:20:28.732Z,1762,FG-A,BATCH-1018,DAY,normal,0,0
9169,2026-01-30T12:20:28.732Z,2026-01-30T12:20:30.090Z,1358,FG-A,BATCH-1018,DAY,fast_cycle,0,0
9170,2026-01-30T12:20:30.090Z,2026-01-30T12:20:31.588Z,1498,FG-A,BATCH-1018,DAY,normal,0,0
9171,2026-01-30T12:20:31.588Z,2026-01-30T12:20:33.248Z,1660,FG-A,BATCH-1018,DAY,normal,0,0
9172,2026-01-30T12:20:33.248Z,2026-01-30T12:20:35.010Z,1762,FG-A,BATCH-1018,DAY,normal,0,0
9173,2026-01-30T12:20:35.010Z,2026-01-30T12:20:36.514Z,1504,FG-A,BATCH-1018,DAY,normal,0,0
9174,2026-01-30T12:20:36.514Z,2026-01-30T12:20:38.093Z,1579,FG-A,BATCH-1018,DAY,normal,0,0
9175,2026-01-30T12:20:38.093Z,2026-01-30T12:20:39.821Z,1728,FG-A,BATCH-1018,DAY,normal,0,0
9176,2026-01-30T12:20:39.821Z,2026-01-30T12:20:42.492Z,2671,FG-A,BATCH-1018,DAY,slow_cycle,0,1
9177,2026-01-30T12:20:42.492Z,2026-01-30T12:20:44.119Z,1627,FG-A,BATCH-1018,DAY,normal,0,0
9178,2026-01-30T12:20:44.119Z,2026-01-30T12:20:45.659Z,1540,FG-A,BATCH-1018,DAY,normal,0,0
9179,2026-01-30T12:20:45.659Z,2026-01-30T12:20:47.509Z,1850,FG-A,BATCH-1018,DAY,normal,0,0
9180,2026-01-30T12:20:47.509Z,2026-01-30T12:20:49.166Z,1657,FG-A,BATCH-1018,DAY,normal,0,0
9181,2026-01-30T12:20:49.166Z,2026-01-30T12:20:50.617Z,1451,FG-A,BATCH-1018,DAY,normal,0,0
9182,2026-01-30T12:20:50.617Z,2026-01-30T12:20:52.313Z,1696,FG-A,BATCH-1018,DAY,normal,0,0
9183,2026-01-30T12:20:52.313Z,2026-01-30T12:20:53.846Z,1533,FG-A,BATCH-1018,DAY,normal,0,0
9184,2026-01-30T12:20:53.846Z,2026-01-30T12:20:55.594Z,1748,FG-A,BATCH-1018,DAY,normal,0,0
9185,2026-01-30T12:20:55.594Z,2026-01-30T12:20:57.285Z,1691,FG-A,BATCH-1018,DAY,normal,0,0
9186,2026-01-30T12:20:57.285Z,2026-01-30T12:20:58.741Z,1456,FG-A,BATCH-1018,DAY,normal,0,0
9187,2026-01-30T12:20:58.741Z,2026-01-30T12:21:00.353Z,1612,FG-A,BATCH-1018,DAY,normal,0,0
9188,2026-01-30T12:21:00.353Z,2026-01-30T12:21:02.030Z,1677,FG-A,BATCH-1018,DAY,normal,0,0
9189,2026-01-30T12:21:02.030Z,2026-01-30T12:21:03.680Z,1650,FG-A,BATCH-1018,DAY,normal,0,0
9190,2026-01-30T12:21:03.680Z,2026-01-30T12:21:05.221Z,1541,FG-A,BATCH-1018,DAY,normal,0,0
9191,2026-01-30T12:21:05.221Z,2026-01-30T12:21:06.818Z,1597,FG-A,BATCH-1018,DAY,normal,0,0
9192,2026-01-30T12:21:06.818Z,2026-01-30T12:21:08.448Z,1630,FG-A,BATCH-1018,DAY,normal,0,0
9193,2026-01-30T12:21:08.448Z,2026-01-30T12:21:10.050Z,1602,FG-A,BATCH-1018,DAY,normal,0,0
9194,2026-01-30T12:21:10.050Z,2026-01-30T12:21:11.787Z,1737,FG-A,BATCH-1018,DAY,normal,0,0
9195,2026-01-30T12:21:11.787Z,2026-01-30T12:21:13.266Z,1479,FG-A,BATCH-1018,DAY,normal,0,0
9196,2026-01-30T12:21:13.266Z,2026-01-30T12:21:14.933Z,1667,FG-A,BATCH-1018,DAY,normal,0,0
9197,2026-01-30T12:21:14.933Z,2026-01-30T12:21:16.459Z,1526,FG-A,BATCH-1018,DAY,normal,0,0
9198,2026-01-30T12:21:16.459Z,2026-01-30T12:21:18.187Z,1728,FG-A,BATCH-1018,DAY,normal,0,0
9199,2026-01-30T12:21:18.187Z,2026-01-30T12:21:19.953Z,1766,FG-A,BATCH-1018,DAY,normal,0,0
9200,2026-01-30T12:21:19.953Z,2026-01-30T12:21:21.598Z,1645,FG-A,BATCH-1018,DAY,normal,0,0
9201,2026-01-30T12:21:21.598Z,2026-01-30T12:21:23.378Z,1780,FG-A,BATCH-1018,DAY,normal,0,0
9202,2026-01-30T12:21:23.378Z,2026-01-30T12:21:24.950Z,1572,FG-A,BATCH-1018,DAY,normal,0,0
9203,2026-01-30T12:21:24.950Z,2026-01-30T12:21:26.669Z,1719,FG-A,BATCH-1018,DAY,normal,0,0
9204,2026-01-30T12:21:26.669Z,2026-01-30T12:21:28.130Z,1461,FG-A,BATCH-1018,DAY,normal,0,0
9205,2026-01-30T12:21:28.130Z,2026-01-30T12:21:29.780Z,1650,FG-A,BATCH-1018,DAY,normal,0,0
9206,2026-01-30T12:21:29.780Z,2026-01-30T12:21:33.036Z,3256,FG-A,BATCH-1018,DAY,slow_cycle,0,1
9207,2026-01-30T12:21:33.036Z,2026-01-30T12:21:34.785Z,1749,FG-A,BATCH-1018,DAY,normal,0,0
9208,2026-01-30T12:21:34.785Z,2026-01-30T12:21:38.257Z,3472,FG-A,BATCH-1018,DAY,slow_cycle,0,1
9209,2026-01-30T12:21:38.257Z,2026-01-30T12:21:39.998Z,1741,FG-A,BATCH-1018,DAY,normal,0,0
9210,2026-01-30T12:21:39.998Z,2026-01-30T12:21:41.778Z,1780,FG-A,BATCH-1018,DAY,normal,0,0
9211,2026-01-30T12:21:41.778Z,2026-01-30T12:21:43.174Z,1396,FG-A,BATCH-1018,DAY,normal,0,0
9212,2026-01-30T12:21:43.174Z,2026-01-30T12:21:44.770Z,1596,FG-A,BATCH-1018,DAY,normal,0,0
9213,2026-01-30T12:21:44.770Z,2026-01-30T12:21:48.747Z,3977,FG-A,BATCH-1018,DAY,jam_recovery,0,1
9214,2026-01-30T12:21:48.747Z,2026-01-30T12:21:50.188Z,1441,FG-A,BATCH-1018,DAY,normal,0,0
9215,2026-01-30T12:21:50.188Z,2026-01-30T12:21:51.768Z,1580,FG-A,BATCH-1018,DAY,normal,0,0
9216,2026-01-30T12:21:51.768Z,2026-01-30T12:21:53.377Z,1609,FG-A,BATCH-1018,DAY,normal,0,0
9217,2026-01-30T12:21:53.377Z,2026-01-30T12:21:54.964Z,1587,FG-A,BATCH-1018,DAY,normal,0,0
9218,2026-01-30T12:21:54.964Z,2026-01-30T12:21:56.533Z,1569,FG-A,BATCH-1018,DAY,normal,0,0
9219,2026-01-30T12:21:56.533Z,2026-01-30T12:21:58.291Z,1758,FG-A,BATCH-1018,DAY,normal,0,0
9220,2026-01-30T12:21:58.291Z,2026-01-30T12:21:59.825Z,1534,FG-A,BATCH-1018,DAY,normal,0,0
9221,2026-01-30T12:21:59.825Z,2026-01-30T12:22:01.562Z,1737,FG-A,BATCH-1018,DAY,normal,0,0
9222,2026-01-30T12:22:01.562Z,2026-01-30T12:22:03.107Z,1545,FG-A,BATCH-1018,DAY,normal,0,0
9223,2026-01-30T12:22:03.107Z,2026-01-30T12:22:04.788Z,1681,FG-A,BATCH-1018,DAY,normal,0,0
9224,2026-01-30T12:22:04.788Z,2026-01-30T12:22:06.361Z,1573,FG-A,BATCH-1018,DAY,normal,0,0
9225,2026-01-30T12:22:06.361Z,2026-01-30T12:22:07.870Z,1509,FG-A,BATCH-1018,DAY,normal,0,0
9226,2026-01-30T12:22:07.870Z,2026-01-30T12:22:09.503Z,1633,FG-A,BATCH-1018,DAY,normal,0,0
9227,2026-01-30T12:22:09.503Z,2026-01-30T12:22:11.186Z,1683,FG-A,BATCH-1018,DAY,normal,0,0
9228,2026-01-30T12:22:11.186Z,2026-01-30T12:22:12.717Z,1531,FG-A,BATCH-1018,DAY,normal,0,0
9229,2026-01-30T12:22:12.717Z,2026-01-30T12:22:14.247Z,1530,FG-A,BATCH-1018,DAY,normal,0,0
9230,2026-01-30T12:22:14.247Z,2026-01-30T12:22:15.917Z,1670,FG-A,BATCH-1018,DAY,normal,0,0
9231,2026-01-30T12:22:15.917Z,2026-01-30T12:22:17.447Z,1530,FG-A,BATCH-1018,DAY,normal,0,0
9232,2026-01-30T12:22:17.447Z,2026-01-30T12:22:18.994Z,1547,FG-A,BATCH-1018,DAY,normal,0,0
9233,2026-01-30T12:22:18.994Z,2026-01-30T12:22:20.631Z,1637,FG-A,BATCH-1018,DAY,normal,0,0
9234,2026-01-30T12:22:20.631Z,2026-01-30T12:22:22.276Z,1645,FG-A,BATCH-1018,DAY,normal,0,0
9235,2026-01-30T12:22:22.276Z,2026-01-30T12:22:23.827Z,1551,FG-A,BATCH-1018,DAY,normal,0,0
9236,2026-01-30T12:22:23.827Z,2026-01-30T12:22:25.331Z,1504,FG-A,BATCH-1018,DAY,normal,0,0
9237,2026-01-30T12:22:25.331Z,2026-01-30T12:22:27.106Z,1775,FG-A,BATCH-1018,DAY,normal,0,0
9238,2026-01-30T12:22:27.106Z,2026-01-30T12:22:31.077Z,3971,FG-A,BATCH-1018,DAY,jam_recovery,0,1
9239,2026-01-30T12:22:31.077Z,2026-01-30T12:22:32.781Z,1704,FG-A,BATCH-1018,DAY,normal,0,0
9240,2026-01-30T12:22:32.781Z,2026-01-30T12:22:34.403Z,1622,FG-A,BATCH-1018,DAY,normal,0,0
9241,2026-01-30T12:22:34.403Z,2026-01-30T12:22:36.127Z,1724,FG-A,BATCH-1018,DAY,normal,0,0
9242,2026-01-30T12:22:36.127Z,2026-01-30T12:22:37.646Z,1519,FG-A,BATCH-1018,DAY,normal,0,0
9243,2026-01-30T12:22:37.646Z,2026-01-30T12:22:39.233Z,1587,FG-A,BATCH-1018,DAY,normal,0,0
9244,2026-01-30T12:22:39.233Z,2026-01-30T12:22:41.058Z,1825,FG-A,BATCH-1018,DAY,normal,0,0
9245,2026-01-30T12:22:41.058Z,2026-01-30T12:22:42.679Z,1621,FG-A,BATCH-1018,DAY,normal,0,0
9246,2026-01-30T12:22:42.679Z,2026-01-30T12:22:44.241Z,1562,FG-A,BATCH-1018,DAY,normal,0,0
9247,2026-01-30T12:22:44.241Z,2026-01-30T12:22:45.906Z,1665,FG-A,BATCH-1018,DAY,normal,0,0
9248,2026-01-30T12:22:45.906Z,2026-01-30T12:22:47.499Z,1593,FG-A,BATCH-1018,DAY,normal,0,0
9249,2026-01-30T12:22:47.499Z,2026-01-30T12:22:49.127Z,1628,FG-A,BATCH-1018,DAY,normal,0,0
9250,2026-01-30T12:22:49.127Z,2026-01-30T12:22:50.517Z,1390,FG-A,BATCH-1018,DAY,normal,0,0
9251,2026-01-30T12:22:50.517Z,2026-01-30T12:22:52.187Z,1670,FG-A,BATCH-1018,DAY,normal,0,0
9252,2026-01-30T12:22:52.187Z,2026-01-30T12:22:53.631Z,1444,FG-A,BATCH-1018,DAY,normal,0,0
9253,2026-01-30T12:22:53.631Z,2026-01-30T12:22:55.207Z,1576,FG-A,BATCH-1018,DAY,normal,0,0
9254,2026-01-30T12:22:55.207Z,2026-01-30T12:22:56.796Z,1589,FG-A,BATCH-1018,DAY,normal,0,0
9255,2026-01-30T12:22:56.796Z,2026-01-30T12:23:02.206Z,5410,FG-A,BATCH-1018,DAY,jam_recovery,1,1
9256,2026-01-30T12:23:02.206Z,2026-01-30T12:23:03.772Z,1566,FG-A,BATCH-1018,DAY,normal,0,0
9257,2026-01-30T12:23:03.772Z,2026-01-30T12:23:11.828Z,8056,FG-A,BATCH-1018,DAY,long_gap,1,1
9258,2026-01-30T12:23:11.828Z,2026-01-30T12:23:13.355Z,1527,FG-A,BATCH-1018,DAY,normal,0,0
9259,2026-01-30T12:23:13.355Z,2026-01-30T12:23:15.018Z,1663,FG-A,BATCH-1018,DAY,normal,0,0
9260,2026-01-30T12:23:15.018Z,2026-01-30T12:23:16.740Z,1722,FG-A,BATCH-1018,DAY,normal,0,0
9261,2026-01-30T12:23:16.740Z,2026-01-30T12:23:18.435Z,1695,FG-A,BATCH-1018,DAY,normal,0,0
9262,2026-01-30T12:23:18.435Z,2026-01-30T12:23:19.927Z,1492,FG-A,BATCH-1018,DAY,normal,0,0
9263,2026-01-30T12:23:19.927Z,2026-01-30T12:23:21.519Z,1592,FG-A,BATCH-1018,DAY,normal,0,0
9264,2026-01-30T12:23:21.519Z,2026-01-30T12:23:23.245Z,1726,FG-A,BATCH-1018,DAY,normal,0,0
9265,2026-01-30T12:23:23.245Z,2026-01-30T12:23:27.995Z,4750,FG-A,BATCH-1018,DAY,jam_recovery,0,1
9266,2026-01-30T12:23:27.995Z,2026-01-30T12:23:29.599Z,1604,FG-A,BATCH-1018,DAY,normal,0,0
9267,2026-01-30T12:23:29.599Z,2026-01-30T12:23:31.373Z,1774,FG-A,BATCH-1018,DAY,normal,0,0
9268,2026-01-30T12:23:31.373Z,2026-01-30T12:23:39.614Z,8241,FG-A,BATCH-1018,DAY,long_gap,1,1
9269,2026-01-30T12:23:39.614Z,2026-01-30T12:23:41.124Z,1510,FG-A,BATCH-1018,DAY,normal,0,0
9270,2026-01-30T12:23:41.124Z,2026-01-30T12:23:42.745Z,1621,FG-A,BATCH-1018,DAY,normal,0,0
9271,2026-01-30T12:23:42.745Z,2026-01-30T12:23:44.283Z,1538,FG-A,BATCH-1018,DAY,normal,0,0
9272,2026-01-30T12:23:44.283Z,2026-01-30T12:23:45.887Z,1604,FG-A,BATCH-1018,DAY,normal,0,0
9273,2026-01-30T12:23:45.887Z,2026-01-30T12:23:47.584Z,1697,FG-A,BATCH-1018,DAY,normal,0,0
9274,2026-01-30T12:23:47.584Z,2026-01-30T12:23:49.150Z,1566,FG-A,BATCH-1018,DAY,normal,0,0
9275,2026-01-30T12:23:49.150Z,2026-01-30T12:23:50.592Z,1442,FG-A,BATCH-1018,DAY,normal,0,0
9276,2026-01-30T12:23:50.592Z,2026-01-30T12:23:52.246Z,1654,FG-A,BATCH-1018,DAY,normal,0,0
9277,2026-01-30T12:23:52.246Z,2026-01-30T12:23:53.828Z,1582,FG-A,BATCH-1018,DAY,normal,0,0
9278,2026-01-30T12:23:53.828Z,2026-01-30T12:23:55.457Z,1629,FG-A,BATCH-1018,DAY,normal,0,0
9279,2026-01-30T12:23:55.457Z,2026-01-30T12:23:57.059Z,1602,FG-A,BATCH-1018,DAY,normal,0,0
9280,2026-01-30T12:23:57.059Z,2026-01-30T12:23:58.940Z,1881,FG-A,BATCH-1018,DAY,normal,0,0
9281,2026-01-30T12:23:58.940Z,2026-01-30T12:24:00.485Z,1545,FG-A,BATCH-1018,DAY,normal,0,0
9282,2026-01-30T12:24:00.485Z,2026-01-30T12:24:02.193Z,1708,FG-A,BATCH-1018,DAY,normal,0,0
9283,2026-01-30T12:24:02.193Z,2026-01-30T12:24:03.658Z,1465,FG-A,BATCH-1018,DAY,normal,0,0
9284,2026-01-30T12:24:03.658Z,2026-01-30T12:24:05.351Z,1693,FG-A,BATCH-1018,DAY,normal,0,0
9285,2026-01-30T12:24:05.351Z,2026-01-30T12:24:06.983Z,1632,FG-A,BATCH-1018,DAY,normal,0,0
9286,2026-01-30T12:24:06.983Z,2026-01-30T12:24:08.563Z,1580,FG-A,BATCH-1018,DAY,normal,0,0
9287,2026-01-30T12:24:08.563Z,2026-01-30T12:24:10.172Z,1609,FG-A,BATCH-1018,DAY,normal,0,0
9288,2026-01-30T12:24:10.172Z,2026-01-30T12:24:11.638Z,1466,FG-A,BATCH-1018,DAY,normal,0,0
9289,2026-01-30T12:24:11.638Z,2026-01-30T12:24:13.307Z,1669,FG-A,BATCH-1018,DAY,normal,0,0
9290,2026-01-30T12:24:13.307Z,2026-01-30T12:24:14.931Z,1624,FG-A,BATCH-1018,DAY,normal,0,0
9291,2026-01-30T12:24:14.931Z,2026-01-30T12:24:16.641Z,1710,FG-A,BATCH-1018,DAY,normal,0,0
9292,2026-01-30T12:24:16.641Z,2026-01-30T12:24:18.275Z,1634,FG-A,BATCH-1018,DAY,normal,0,0
9293,2026-01-30T12:24:18.275Z,2026-01-30T12:24:19.852Z,1577,FG-A,BATCH-1018,DAY,normal,0,0
9294,2026-01-30T12:24:19.852Z,2026-01-30T12:24:21.433Z,1581,FG-A,BATCH-1018,DAY,normal,0,0
9295,2026-01-30T12:24:21.433Z,2026-01-30T12:24:23.015Z,1582,FG-A,BATCH-1018,DAY,normal,0,0
9296,2026-01-30T12:24:23.015Z,2026-01-30T12:24:24.718Z,1703,FG-A,BATCH-1018,DAY,normal,0,0
9297,2026-01-30T12:24:24.718Z,2026-01-30T12:24:26.160Z,1442,FG-A,BATCH-1018,DAY,normal,0,0
9298,2026-01-30T12:24:26.160Z,2026-01-30T12:24:27.809Z,1649,FG-A,BATCH-1018,DAY,normal,0,0
9299,2026-01-30T12:24:27.809Z,2026-01-30T12:24:29.459Z,1650,FG-A,BATCH-1018,DAY,normal,0,0
9300,2026-01-30T12:24:29.459Z,2026-01-30T12:24:31.145Z,1686,FG-A,BATCH-1018,DAY,normal,0,0
9301,2026-01-30T12:24:31.145Z,2026-01-30T12:24:32.777Z,1632,FG-A,BATCH-1018,DAY,normal,0,0
9302,2026-01-30T12:24:32.777Z,2026-01-30T12:24:34.529Z,1752,FG-A,BATCH-1018,DAY,normal,0,0
9303,2026-01-30T12:24:34.529Z,2026-01-30T12:24:35.996Z,1467,FG-A,BATCH-1018,DAY,normal,0,0
9304,2026-01-30T12:24:35.996Z,2026-01-30T12:24:49.414Z,13418,FG-A,BATCH-1018,DAY,long_gap,1,1
9305,2026-01-30T12:24:49.414Z,2026-01-30T12:24:51.111Z,1697,FG-A,BATCH-1018,DAY,normal,0,0
9306,2026-01-30T12:24:51.111Z,2026-01-30T12:24:52.861Z,1750,FG-A,BATCH-1018,DAY,normal,0,0
9307,2026-01-30T12:24:52.861Z,2026-01-30T12:24:54.525Z,1664,FG-A,BATCH-1018,DAY,normal,0,0
9308,2026-01-30T12:24:54.525Z,2026-01-30T12:24:56.122Z,1597,FG-A,BATCH-1018,DAY,normal,0,0
9309,2026-01-30T12:24:56.122Z,2026-01-30T12:24:57.857Z,1735,FG-A,BATCH-1018,DAY,normal,0,0
9310,2026-01-30T12:24:57.857Z,2026-01-30T12:24:59.506Z,1649,FG-A,BATCH-1018,DAY,normal,0,0
9311,2026-01-30T12:24:59.506Z,2026-01-30T12:25:00.679Z,1173,FG-A,BATCH-1018,DAY,fast_cycle,0,0
9312,2026-01-30T12:25:00.679Z,2026-01-30T12:25:02.260Z,1581,FG-A,BATCH-1018,DAY,normal,0,0
9313,2026-01-30T12:25:02.260Z,2026-01-30T12:25:03.845Z,1585,FG-A,BATCH-1018,DAY,normal,0,0
9314,2026-01-30T12:25:03.845Z,2026-01-30T12:25:05.459Z,1614,FG-A,BATCH-1018,DAY,normal,0,0
9315,2026-01-30T12:25:05.459Z,2026-01-30T12:25:06.953Z,1494,FG-A,BATCH-1018,DAY,normal,0,0
9316,2026-01-30T12:25:06.953Z,2026-01-30T12:25:08.557Z,1604,FG-A,BATCH-1018,DAY,normal,0,0
9317,2026-01-30T12:25:08.557Z,2026-01-30T12:25:10.063Z,1506,FG-A,BATCH-1018,DAY,normal,0,0
9318,2026-01-30T12:25:10.063Z,2026-01-30T12:25:11.759Z,1696,FG-A,BATCH-1018,DAY,normal,0,0
9319,2026-01-30T12:25:11.759Z,2026-01-30T12:25:13.280Z,1521,FG-A,BATCH-1018,DAY,normal,0,0
9320,2026-01-30T12:25:13.280Z,2026-01-30T12:25:14.991Z,1711,FG-A,BATCH-1018,DAY,normal,0,0
9321,2026-01-30T12:25:14.991Z,2026-01-30T12:25:16.657Z,1666,FG-A,BATCH-1018,DAY,normal,0,0
9322,2026-01-30T12:25:16.657Z,2026-01-30T12:25:18.252Z,1595,FG-A,BATCH-1018,DAY,normal,0,0
9323,2026-01-30T12:25:18.252Z,2026-01-30T12:25:19.938Z,1686,FG-A,BATCH-1018,DAY,normal,0,0
9324,2026-01-30T12:25:19.938Z,2026-01-30T12:25:21.574Z,1636,FG-A,BATCH-1018,DAY,normal,0,0
9325,2026-01-30T12:25:21.574Z,2026-01-30T12:25:23.284Z,1710,FG-A,BATCH-1018,DAY,normal,0,0
9326,2026-01-30T12:25:23.284Z,2026-01-30T12:25:24.956Z,1672,FG-A,BATCH-1018,DAY,normal,0,0
9327,2026-01-30T12:25:24.956Z,2026-01-30T12:25:26.589Z,1633,FG-A,BATCH-1018,DAY,normal,0,0
9328,2026-01-30T12:25:26.589Z,2026-01-30T12:25:28.177Z,1588,FG-A,BATCH-1018,DAY,normal,0,0
9329,2026-01-30T12:25:28.177Z,2026-01-30T12:25:29.729Z,1552,FG-A,BATCH-1018,DAY,normal,0,0
9330,2026-01-30T12:25:29.729Z,2026-01-30T12:25:31.224Z,1495,FG-A,BATCH-1018,DAY,normal,0,0
9331,2026-01-30T12:25:31.224Z,2026-01-30T12:25:32.924Z,1700,FG-A,BATCH-1018,DAY,normal,0,0
9332,2026-01-30T12:25:32.924Z,2026-01-30T12:25:34.552Z,1628,FG-A,BATCH-1018,DAY,normal,0,0
9333,2026-01-30T12:25:34.552Z,2026-01-30T12:25:36.186Z,1634,FG-A,BATCH-1018,DAY,normal,0,0
9334,2026-01-30T12:25:36.186Z,2026-01-30T12:25:37.816Z,1630,FG-A,BATCH-1018,DAY,normal,0,0
9335,2026-01-30T12:25:37.816Z,2026-01-30T12:25:39.629Z,1813,FG-A,BATCH-1018,DAY,normal,0,0
9336,2026-01-30T12:25:39.629Z,2026-01-30T12:25:41.185Z,1556,FG-A,BATCH-1018,DAY,normal,0,0
9337,2026-01-30T12:25:41.185Z,2026-01-30T12:25:42.771Z,1586,FG-A,BATCH-1018,DAY,normal,0,0
9338,2026-01-30T12:25:42.771Z,2026-01-30T12:25:44.490Z,1719,FG-A,BATCH-1018,DAY,normal,0,0
9339,2026-01-30T12:25:44.490Z,2026-01-30T12:25:48.501Z,4011,FG-A,BATCH-1018,DAY,jam_recovery,0,1
9340,2026-01-30T12:25:48.501Z,2026-01-30T12:25:50.117Z,1616,FG-A,BATCH-1018,DAY,normal,0,0
9341,2026-01-30T12:25:50.117Z,2026-01-30T12:25:51.815Z,1698,FG-A,BATCH-1018,DAY,normal,0,0
9342,2026-01-30T12:25:51.815Z,2026-01-30T12:25:53.532Z,1717,FG-A,BATCH-1018,DAY,normal,0,0
9343,2026-01-30T12:25:53.532Z,2026-01-30T12:25:55.162Z,1630,FG-A,BATCH-1018,DAY,normal,0,0
9344,2026-01-30T12:25:55.162Z,2026-01-30T12:25:56.775Z,1613,FG-A,BATCH-1018,DAY,normal,0,0
9345,2026-01-30T12:25:56.775Z,2026-01-30T12:25:58.363Z,1588,FG-A,BATCH-1018,DAY,normal,0,0
9346,2026-01-30T12:25:58.363Z,2026-01-30T12:26:00.067Z,1704,FG-A,BATCH-1018,DAY,normal,0,0
9347,2026-01-30T12:26:00.067Z,2026-01-30T12:26:04.973Z,4906,FG-A,BATCH-1018,DAY,jam_recovery,0,1
9348,2026-01-30T12:26:04.973Z,2026-01-30T12:26:06.689Z,1716,FG-A,BATCH-1018,DAY,normal,0,0
9349,2026-01-30T12:26:06.689Z,2026-01-30T12:26:08.210Z,1521,FG-A,BATCH-1018,DAY,normal,0,0
9350,2026-01-30T12:26:08.210Z,2026-01-30T12:26:09.997Z,1787,FG-A,BATCH-1018,DAY,normal,0,0
9351,2026-01-30T12:26:09.997Z,2026-01-30T12:26:11.637Z,1640,FG-A,BATCH-1018,DAY,normal,0,0
9352,2026-01-30T12:26:11.637Z,2026-01-30T12:26:13.273Z,1636,FG-A,BATCH-1018,DAY,normal,0,0
9353,2026-01-30T12:26:13.273Z,2026-01-30T12:26:14.730Z,1457,FG-A,BATCH-1018,DAY,normal,0,0
9354,2026-01-30T12:26:14.730Z,2026-01-30T12:26:16.386Z,1656,FG-A,BATCH-1018,DAY,normal,0,0
9355,2026-01-30T12:26:16.386Z,2026-01-30T12:26:18.035Z,1649,FG-A,BATCH-1018,DAY,normal,0,0
9356,2026-01-30T12:26:18.035Z,2026-01-30T12:26:19.637Z,1602,FG-A,BATCH-1018,DAY,normal,0,0
9357,2026-01-30T12:26:19.637Z,2026-01-30T12:26:21.251Z,1614,FG-A,BATCH-1018,DAY,normal,0,0
9358,2026-01-30T12:26:21.251Z,2026-01-30T12:26:23.111Z,1860,FG-A,BATCH-1018,DAY,normal,0,0
9359,2026-01-30T12:26:23.111Z,2026-01-30T12:26:24.811Z,1700,FG-A,BATCH-1018,DAY,normal,0,0
9360,2026-01-30T12:26:24.811Z,2026-01-30T12:26:26.379Z,1568,FG-A,BATCH-1018,DAY,normal,0,0
9361,2026-01-30T12:26:26.379Z,2026-01-30T12:26:28.152Z,1773,FG-A,BATCH-1018,DAY,normal,0,0
9362,2026-01-30T12:26:28.152Z,2026-01-30T12:26:30.960Z,2808,FG-A,BATCH-1018,DAY,slow_cycle,0,1
9363,2026-01-30T12:26:30.960Z,2026-01-30T12:26:32.680Z,1720,FG-A,BATCH-1018,DAY,normal,0,0
9364,2026-01-30T12:26:32.680Z,2026-01-30T12:26:34.156Z,1476,FG-A,BATCH-1018,DAY,normal,0,0
9365,2026-01-30T12:26:34.156Z,2026-01-30T12:26:35.685Z,1529,FG-A,BATCH-1018,DAY,normal,0,0
9366,2026-01-30T12:26:35.685Z,2026-01-30T12:26:37.439Z,1754,FG-A,BATCH-1018,DAY,normal,0,0
9367,2026-01-30T12:26:37.439Z,2026-01-30T12:26:38.991Z,1552,FG-A,BATCH-1018,DAY,normal,0,0
9368,2026-01-30T12:26:38.991Z,2026-01-30T12:26:40.678Z,1687,FG-A,BATCH-1018,DAY,normal,0,0
9369,2026-01-30T12:26:40.678Z,2026-01-30T12:26:42.138Z,1460,FG-A,BATCH-1018,DAY,normal,0,0
9370,2026-01-30T12:26:42.138Z,2026-01-30T12:26:43.702Z,1564,FG-A,BATCH-1018,DAY,normal,0,0
9371,2026-01-30T12:26:43.702Z,2026-01-30T12:26:45.270Z,1568,FG-A,BATCH-1018,DAY,normal,0,0
9372,2026-01-30T12:26:45.270Z,2026-01-30T12:26:46.856Z,1586,FG-A,BATCH-1018,DAY,normal,0,0
9373,2026-01-30T12:26:46.856Z,2026-01-30T12:26:48.502Z,1646,FG-A,BATCH-1018,DAY,normal,0,0
9374,2026-01-30T12:26:48.502Z,2026-01-30T12:26:50.207Z,1705,FG-A,BATCH-1018,DAY,normal,0,0
9375,2026-01-30T12:26:50.207Z,2026-01-30T12:26:51.869Z,1662,FG-A,BATCH-1018,DAY,normal,0,0
9376,2026-01-30T12:26:51.869Z,2026-01-30T12:26:53.730Z,1861,FG-A,BATCH-1018,DAY,normal,0,0
9377,2026-01-30T12:26:53.730Z,2026-01-30T12:26:55.380Z,1650,FG-A,BATCH-1018,DAY,normal,0,0
9378,2026-01-30T12:26:55.380Z,2026-01-30T12:26:57.033Z,1653,FG-A,BATCH-1018,DAY,normal,0,0
9379,2026-01-30T12:26:57.033Z,2026-01-30T12:26:58.565Z,1532,FG-A,BATCH-1018,DAY,normal,0,0
9380,2026-01-30T12:26:58.565Z,2026-01-30T12:27:00.220Z,1655,FG-A,BATCH-1018,DAY,normal,0,0
9381,2026-01-30T12:27:00.220Z,2026-01-30T12:27:01.842Z,1622,FG-A,BATCH-1018,DAY,normal,0,0
9382,2026-01-30T12:27:01.842Z,2026-01-30T12:27:03.567Z,1725,FG-A,BATCH-1018,DAY,normal,0,0
9383,2026-01-30T12:27:03.567Z,2026-01-30T12:27:05.146Z,1579,FG-A,BATCH-1018,DAY,normal,0,0
9384,2026-01-30T12:27:05.146Z,2026-01-30T12:27:06.798Z,1652,FG-A,BATCH-1018,DAY,normal,0,0
9385,2026-01-30T12:27:06.798Z,2026-01-30T12:27:08.298Z,1500,FG-A,BATCH-1018,DAY,normal,0,0
9386,2026-01-30T12:27:08.298Z,2026-01-30T12:27:09.881Z,1583,FG-A,BATCH-1018,DAY,normal,0,0
9387,2026-01-30T12:27:09.881Z,2026-01-30T12:27:11.619Z,1738,FG-A,BATCH-1018,DAY,normal,0,0
9388,2026-01-30T12:27:11.619Z,2026-01-30T12:27:13.131Z,1512,FG-A,BATCH-1018,DAY,normal,0,0
9389,2026-01-30T12:27:13.131Z,2026-01-30T12:27:14.755Z,1624,FG-A,BATCH-1018,DAY,normal,0,0
9390,2026-01-30T12:27:14.755Z,2026-01-30T12:27:16.344Z,1589,FG-A,BATCH-1018,DAY,normal,0,0
9391,2026-01-30T12:27:16.344Z,2026-01-30T12:27:17.911Z,1567,FG-A,BATCH-1018,DAY,normal,0,0
9392,2026-01-30T12:27:17.911Z,2026-01-30T12:27:19.616Z,1705,FG-A,BATCH-1018,DAY,normal,0,0
9393,2026-01-30T12:27:19.616Z,2026-01-30T12:27:21.166Z,1550,FG-A,BATCH-1018,DAY,normal,0,0
9394,2026-01-30T12:27:21.166Z,2026-01-30T12:27:22.933Z,1767,FG-A,BATCH-1018,DAY,normal,0,0
9395,2026-01-30T12:27:22.933Z,2026-01-30T12:27:24.567Z,1634,FG-A,BATCH-1018,DAY,normal,0,0
9396,2026-01-30T12:27:24.567Z,2026-01-30T12:27:26.436Z,1869,FG-A,BATCH-1018,DAY,normal,0,0
9397,2026-01-30T12:27:26.436Z,2026-01-30T12:27:30.792Z,4356,FG-A,BATCH-1018,DAY,jam_recovery,0,1
9398,2026-01-30T12:27:30.792Z,2026-01-30T12:27:32.432Z,1640,FG-A,BATCH-1018,DAY,normal,0,0
9399,2026-01-30T12:27:32.432Z,2026-01-30T12:27:37.009Z,4577,FG-A,BATCH-1018,DAY,jam_recovery,0,1
9400,2026-01-30T12:27:37.009Z,2026-01-30T12:27:38.607Z,1598,FG-A,BATCH-1018,DAY,normal,0,0
9401,2026-01-30T12:27:38.607Z,2026-01-30T12:27:40.057Z,1450,FG-A,BATCH-1018,DAY,normal,0,0
9402,2026-01-30T12:27:40.057Z,2026-01-30T12:27:41.727Z,1670,FG-A,BATCH-1018,DAY,normal,0,0
9403,2026-01-30T12:27:41.727Z,2026-01-30T12:27:43.315Z,1588,FG-A,BATCH-1018,DAY,normal,0,0
9404,2026-01-30T12:27:43.315Z,2026-01-30T12:27:44.969Z,1654,FG-A,BATCH-1018,DAY,normal,0,0
9405,2026-01-30T12:27:44.969Z,2026-01-30T12:27:46.625Z,1656,FG-A,BATCH-1018,DAY,normal,0,0
9406,2026-01-30T12:27:46.625Z,2026-01-30T12:27:48.126Z,1501,FG-A,BATCH-1018,DAY,normal,0,0
9407,2026-01-30T12:27:48.126Z,2026-01-30T12:27:49.708Z,1582,FG-A,BATCH-1018,DAY,normal,0,0
9408,2026-01-30T12:27:49.708Z,2026-01-30T12:27:51.373Z,1665,FG-A,BATCH-1018,DAY,normal,0,0
9409,2026-01-30T12:27:51.373Z,2026-01-30T12:27:52.997Z,1624,FG-A,BATCH-1018,DAY,normal,0,0
9410,2026-01-30T12:27:52.997Z,2026-01-30T12:27:54.543Z,1546,FG-A,BATCH-1018,DAY,normal,0,0
9411,2026-01-30T12:27:54.543Z,2026-01-30T12:27:56.194Z,1651,FG-A,BATCH-1018,DAY,normal,0,0
9412,2026-01-30T12:27:56.194Z,2026-01-30T12:27:57.839Z,1645,FG-A,BATCH-1018,DAY,normal,0,0
9413,2026-01-30T12:27:57.839Z,2026-01-30T12:27:59.451Z,1612,FG-A,BATCH-1018,DAY,normal,0,0
9414,2026-01-30T12:27:59.451Z,2026-01-30T12:28:00.837Z,1386,FG-A,BATCH-1018,DAY,normal,0,0
9415,2026-01-30T12:28:00.837Z,2026-01-30T12:28:04.242Z,3405,FG-A,BATCH-1018,DAY,slow_cycle,0,1
9416,2026-01-30T12:28:04.242Z,2026-01-30T12:28:05.917Z,1675,FG-A,BATCH-1018,DAY,normal,0,0
9417,2026-01-30T12:28:05.917Z,2026-01-30T12:28:07.528Z,1611,FG-A,BATCH-1018,DAY,normal,0,0
9418,2026-01-30T12:28:07.528Z,2026-01-30T12:28:09.252Z,1724,FG-A,BATCH-1018,DAY,normal,0,0
9419,2026-01-30T12:28:09.252Z,2026-01-30T12:28:10.875Z,1623,FG-A,BATCH-1018,DAY,normal,0,0
9420,2026-01-30T12:28:10.875Z,2026-01-30T12:28:12.464Z,1589,FG-A,BATCH-1018,DAY,normal,0,0
9421,2026-01-30T12:28:12.464Z,2026-01-30T12:28:13.980Z,1516,FG-A,BATCH-1018,DAY,normal,0,0
9422,2026-01-30T12:28:13.980Z,2026-01-30T12:28:15.704Z,1724,FG-A,BATCH-1018,DAY,normal,0,0
9423,2026-01-30T12:28:15.704Z,2026-01-30T12:28:17.317Z,1613,FG-A,BATCH-1018,DAY,normal,0,0
9424,2026-01-30T12:28:17.317Z,2026-01-30T12:28:18.975Z,1658,FG-A,BATCH-1018,DAY,normal,0,0
9425,2026-01-30T12:28:18.975Z,2026-01-30T12:28:20.585Z,1610,FG-A,BATCH-1018,DAY,normal,0,0
9426,2026-01-30T12:28:20.585Z,2026-01-30T12:28:22.429Z,1844,FG-A,BATCH-1018,DAY,normal,0,0
9427,2026-01-30T12:28:22.429Z,2026-01-30T12:28:24.073Z,1644,FG-A,BATCH-1018,DAY,normal,0,0
9428,2026-01-30T12:28:24.073Z,2026-01-30T12:28:25.685Z,1612,FG-A,BATCH-1018,DAY,normal,0,0
9429,2026-01-30T12:28:25.685Z,2026-01-30T12:28:27.161Z,1476,FG-A,BATCH-1018,DAY,normal,0,0
9430,2026-01-30T12:28:27.161Z,2026-01-30T12:28:28.549Z,1388,FG-A,BATCH-1018,DAY,normal,0,0
9431,2026-01-30T12:28:28.549Z,2026-01-30T12:28:30.166Z,1617,FG-A,BATCH-1018,DAY,normal,0,0
9432,2026-01-30T12:28:30.166Z,2026-01-30T12:28:31.615Z,1449,FG-A,BATCH-1018,DAY,normal,0,0
9433,2026-01-30T12:28:31.615Z,2026-01-30T12:28:33.192Z,1577,FG-A,BATCH-1018,DAY,normal,0,0
9434,2026-01-30T12:28:33.192Z,2026-01-30T12:28:34.732Z,1540,FG-A,BATCH-1018,DAY,normal,0,0
9435,2026-01-30T12:28:34.732Z,2026-01-30T12:28:36.278Z,1546,FG-A,BATCH-1018,DAY,normal,0,0
9436,2026-01-30T12:28:36.278Z,2026-01-30T12:28:37.799Z,1521,FG-A,BATCH-1018,DAY,normal,0,0
9437,2026-01-30T12:28:37.799Z,2026-01-30T12:28:39.679Z,1880,FG-A,BATCH-1018,DAY,normal,0,0
9438,2026-01-30T12:28:39.679Z,2026-01-30T12:28:41.368Z,1689,FG-A,BATCH-1018,DAY,normal,0,0
9439,2026-01-30T12:28:41.368Z,2026-01-30T12:28:42.888Z,1520,FG-A,BATCH-1018,DAY,normal,0,0
9440,2026-01-30T12:28:42.888Z,2026-01-30T12:28:44.498Z,1610,FG-A,BATCH-1018,DAY,normal,0,0
9441,2026-01-30T12:28:44.498Z,2026-01-30T12:28:46.138Z,1640,FG-A,BATCH-1018,DAY,normal,0,0
9442,2026-01-30T12:28:46.138Z,2026-01-30T12:28:47.860Z,1722,FG-A,BATCH-1018,DAY,normal,0,0
9443,2026-01-30T12:28:47.860Z,2026-01-30T12:28:49.449Z,1589,FG-A,BATCH-1018,DAY,normal,0,0
9444,2026-01-30T12:28:49.449Z,2026-01-30T12:28:51.089Z,1640,FG-A,BATCH-1018,DAY,normal,0,0
9445,2026-01-30T12:28:51.089Z,2026-01-30T12:28:52.727Z,1638,FG-A,BATCH-1018,DAY,normal,0,0
9446,2026-01-30T12:28:52.727Z,2026-01-30T12:28:54.373Z,1646,FG-A,BATCH-1018,DAY,normal,0,0
9447,2026-01-30T12:28:54.373Z,2026-01-30T12:28:56.003Z,1630,FG-A,BATCH-1018,DAY,normal,0,0
9448,2026-01-30T12:28:56.003Z,2026-01-30T12:28:57.548Z,1545,FG-A,BATCH-1018,DAY,normal,0,0
9449,2026-01-30T12:28:57.548Z,2026-01-30T12:28:59.054Z,1506,FG-A,BATCH-1018,DAY,normal,0,0
9450,2026-01-30T12:28:59.054Z,2026-01-30T12:29:00.502Z,1448,FG-A,BATCH-1018,DAY,normal,0,0
9451,2026-01-30T12:29:00.502Z,2026-01-30T12:29:02.109Z,1607,FG-A,BATCH-1018,DAY,normal,0,0
9452,2026-01-30T12:29:02.109Z,2026-01-30T12:29:03.778Z,1669,FG-A,BATCH-1018,DAY,normal,0,0
9453,2026-01-30T12:29:03.778Z,2026-01-30T12:29:05.376Z,1598,FG-A,BATCH-1018,DAY,normal,0,0
9454,2026-01-30T12:29:05.376Z,2026-01-30T12:29:07.074Z,1698,FG-A,BATCH-1018,DAY,normal,0,0
9455,2026-01-30T12:29:07.074Z,2026-01-30T12:29:08.689Z,1615,FG-A,BATCH-1018,DAY,normal,0,0
9456,2026-01-30T12:29:08.689Z,2026-01-30T12:29:10.277Z,1588,FG-A,BATCH-1018,DAY,normal,0,0
9457,2026-01-30T12:29:10.277Z,2026-01-30T12:29:11.898Z,1621,FG-A,BATCH-1018,DAY,normal,0,0
9458,2026-01-30T12:29:11.898Z,2026-01-30T12:29:13.450Z,1552,FG-A,BATCH-1018,DAY,normal,0,0
9459,2026-01-30T12:29:13.450Z,2026-01-30T12:29:15.013Z,1563,FG-A,BATCH-1018,DAY,normal,0,0
9460,2026-01-30T12:29:15.013Z,2026-01-30T12:29:16.687Z,1674,FG-A,BATCH-1018,DAY,normal,0,0
9461,2026-01-30T12:29:16.687Z,2026-01-30T12:29:18.029Z,1342,FG-A,BATCH-1018,DAY,fast_cycle,0,0
9462,2026-01-30T12:29:18.029Z,2026-01-30T12:29:19.764Z,1735,FG-A,BATCH-1018,DAY,normal,0,0
9463,2026-01-30T12:29:19.764Z,2026-01-30T12:29:21.521Z,1757,FG-A,BATCH-1018,DAY,normal,0,0
9464,2026-01-30T12:29:21.521Z,2026-01-30T12:29:23.097Z,1576,FG-A,BATCH-1018,DAY,normal,0,0
9465,2026-01-30T12:29:23.097Z,2026-01-30T12:29:24.591Z,1494,FG-A,BATCH-1018,DAY,normal,0,0
9466,2026-01-30T12:29:24.591Z,2026-01-30T12:29:26.320Z,1729,FG-A,BATCH-1018,DAY,normal,0,0
9467,2026-01-30T12:29:26.320Z,2026-01-30T12:29:27.862Z,1542,FG-A,BATCH-1018,DAY,normal,0,0
9468,2026-01-30T12:29:27.862Z,2026-01-30T12:29:29.496Z,1634,FG-A,BATCH-1018,DAY,normal,0,0
9469,2026-01-30T12:29:29.496Z,2026-01-30T12:29:30.856Z,1360,FG-A,BATCH-1018,DAY,normal,0,0
9470,2026-01-30T12:29:30.856Z,2026-01-30T12:29:32.538Z,1682,FG-A,BATCH-1018,DAY,normal,0,0
9471,2026-01-30T12:29:32.538Z,2026-01-30T12:29:34.236Z,1698,FG-A,BATCH-1018,DAY,normal,0,0
9472,2026-01-30T12:29:34.236Z,2026-01-30T12:29:35.837Z,1601,FG-A,BATCH-1018,DAY,normal,0,0
9473,2026-01-30T12:29:35.837Z,2026-01-30T12:29:37.528Z,1691,FG-A,BATCH-1018,DAY,normal,0,0
9474,2026-01-30T12:29:37.528Z,2026-01-30T12:29:39.251Z,1723,FG-A,BATCH-1018,DAY,normal,0,0
9475,2026-01-30T12:29:39.251Z,2026-01-30T12:29:40.788Z,1537,FG-A,BATCH-1018,DAY,normal,0,0
9476,2026-01-30T12:29:40.788Z,2026-01-30T12:29:42.460Z,1672,FG-A,BATCH-1018,DAY,normal,0,0
9477,2026-01-30T12:29:42.460Z,2026-01-30T12:29:45.100Z,2640,FG-A,BATCH-1018,DAY,slow_cycle,0,1
9478,2026-01-30T12:29:45.100Z,2026-01-30T12:29:46.730Z,1630,FG-A,BATCH-1018,DAY,normal,0,0
9479,2026-01-30T12:29:46.730Z,2026-01-30T12:29:48.373Z,1643,FG-A,BATCH-1018,DAY,normal,0,0
9480,2026-01-30T12:29:48.373Z,2026-01-30T12:29:49.899Z,1526,FG-A,BATCH-1018,DAY,normal,0,0
9481,2026-01-30T12:29:49.899Z,2026-01-30T12:29:51.479Z,1580,FG-A,BATCH-1018,DAY,normal,0,0
9482,2026-01-30T12:29:51.479Z,2026-01-30T12:29:53.210Z,1731,FG-A,BATCH-1018,DAY,normal,0,0
9483,2026-01-30T12:29:53.210Z,2026-01-30T12:29:54.766Z,1556,FG-A,BATCH-1018,DAY,normal,0,0
9484,2026-01-30T12:29:54.766Z,2026-01-30T12:29:56.363Z,1597,FG-A,BATCH-1018,DAY,normal,0,0
9485,2026-01-30T12:29:56.363Z,2026-01-30T12:29:57.985Z,1622,FG-A,BATCH-1018,DAY,normal,0,0
9486,2026-01-30T12:29:57.985Z,2026-01-30T12:29:59.610Z,1625,FG-A,BATCH-1018,DAY,normal,0,0
9487,2026-01-30T12:29:59.610Z,2026-01-30T12:30:01.233Z,1623,FG-A,BATCH-1018,DAY,normal,0,0
9488,2026-01-30T12:30:01.233Z,2026-01-30T12:30:03.736Z,2503,FG-A,BATCH-1018,DAY,slow_cycle,0,1
9489,2026-01-30T12:30:03.736Z,2026-01-30T12:30:05.377Z,1641,FG-A,BATCH-1018,DAY,normal,0,0
9490,2026-01-30T12:30:05.377Z,2026-01-30T12:30:08.448Z,3071,FG-A,BATCH-1018,DAY,slow_cycle,0,1
9491,2026-01-30T12:30:08.448Z,2026-01-30T12:30:10.040Z,1592,FG-A,BATCH-1018,DAY,normal,0,0
9492,2026-01-30T12:30:10.040Z,2026-01-30T12:30:11.769Z,1729,FG-A,BATCH-1018,DAY,normal,0,0
9493,2026-01-30T12:30:11.769Z,2026-01-30T12:30:13.619Z,1850,FG-A,BATCH-1018,DAY,normal,0,0
9494,2026-01-30T12:30:13.619Z,2026-01-30T12:30:15.315Z,1696,FG-A,BATCH-1018,DAY,normal,0,0
9495,2026-01-30T12:30:15.315Z,2026-01-30T12:30:16.876Z,1561,FG-A,BATCH-1018,DAY,normal,0,0
9496,2026-01-30T12:30:16.876Z,2026-01-30T12:30:18.440Z,1564,FG-A,BATCH-1018,DAY,normal,0,0
9497,2026-01-30T12:30:18.440Z,2026-01-30T12:30:19.985Z,1545,FG-A,BATCH-1018,DAY,normal,0,0
9498,2026-01-30T12:30:19.985Z,2026-01-30T12:30:21.491Z,1506,FG-A,BATCH-1018,DAY,normal,0,0
9499,2026-01-30T12:30:21.491Z,2026-01-30T12:30:23.098Z,1607,FG-A,BATCH-1018,DAY,normal,0,0
9500,2026-01-30T12:30:23.098Z,2026-01-30T12:30:24.783Z,1685,FG-A,BATCH-1019,DAY,normal,0,0
9501,2026-01-30T12:30:24.783Z,2026-01-30T12:30:26.205Z,1422,FG-A,BATCH-1019,DAY,normal,0,0
9502,2026-01-30T12:30:26.205Z,2026-01-30T12:30:27.753Z,1548,FG-A,BATCH-1019,DAY,normal,0,0
9503,2026-01-30T12:30:27.753Z,2026-01-30T12:30:29.500Z,1747,FG-A,BATCH-1019,DAY,normal,0,0
9504,2026-01-30T12:30:29.500Z,2026-01-30T12:30:31.129Z,1629,FG-A,BATCH-1019,DAY,normal,0,0
9505,2026-01-30T12:30:31.129Z,2026-01-30T12:30:32.782Z,1653,FG-A,BATCH-1019,DAY,normal,0,0
9506,2026-01-30T12:30:32.782Z,2026-01-30T12:30:34.436Z,1654,FG-A,BATCH-1019,DAY,normal,0,0
9507,2026-01-30T12:30:34.436Z,2026-01-30T12:30:37.424Z,2988,FG-A,BATCH-1019,DAY,slow_cycle,0,1
9508,2026-01-30T12:30:37.424Z,2026-01-30T12:30:39.024Z,1600,FG-A,BATCH-1019,DAY,normal,0,0
9509,2026-01-30T12:30:39.024Z,2026-01-30T12:30:40.639Z,1615,FG-A,BATCH-1019,DAY,normal,0,0
9510,2026-01-30T12:30:40.639Z,2026-01-30T12:30:42.199Z,1560,FG-A,BATCH-1019,DAY,normal,0,0
9511,2026-01-30T12:30:42.199Z,2026-01-30T12:30:43.759Z,1560,FG-A,BATCH-1019,DAY,normal,0,0
9512,2026-01-30T12:30:43.759Z,2026-01-30T12:30:45.406Z,1647,FG-A,BATCH-1019,DAY,normal,0,0
9513,2026-01-30T12:30:45.406Z,2026-01-30T12:30:47.067Z,1661,FG-A,BATCH-1019,DAY,normal,0,0
9514,2026-01-30T12:30:47.067Z,2026-01-30T12:30:48.575Z,1508,FG-A,BATCH-1019,DAY,normal,0,0
9515,2026-01-30T12:30:48.575Z,2026-01-30T12:30:50.186Z,1611,FG-A,BATCH-1019,DAY,normal,0,0
9516,2026-01-30T12:30:50.186Z,2026-01-30T12:30:51.798Z,1612,FG-A,BATCH-1019,DAY,normal,0,0
9517,2026-01-30T12:30:51.798Z,2026-01-30T12:30:53.245Z,1447,FG-A,BATCH-1019,DAY,normal,0,0
9518,2026-01-30T12:30:53.245Z,2026-01-30T12:30:54.941Z,1696,FG-A,BATCH-1019,DAY,normal,0,0
9519,2026-01-30T12:30:54.941Z,2026-01-30T12:30:56.518Z,1577,FG-A,BATCH-1019,DAY,normal,0,0
9520,2026-01-30T12:30:56.518Z,2026-01-30T12:30:58.208Z,1690,FG-A,BATCH-1019,DAY,normal,0,0
9521,2026-01-30T12:30:58.208Z,2026-01-30T12:30:59.691Z,1483,FG-A,BATCH-1019,DAY,normal,0,0
9522,2026-01-30T12:30:59.691Z,2026-01-30T12:31:01.265Z,1574,FG-A,BATCH-1019,DAY,normal,0,0
9523,2026-01-30T12:31:01.265Z,2026-01-30T12:31:02.779Z,1514,FG-A,BATCH-1019,DAY,normal,0,0
9524,2026-01-30T12:31:02.779Z,2026-01-30T12:31:04.620Z,1841,FG-A,BATCH-1019,DAY,normal,0,0
9525,2026-01-30T12:31:04.620Z,2026-01-30T12:31:06.200Z,1580,FG-A,BATCH-1019,DAY,normal,0,0
9526,2026-01-30T12:31:06.200Z,2026-01-30T12:31:07.990Z,1790,FG-A,BATCH-1019,DAY,normal,0,0
9527,2026-01-30T12:31:07.990Z,2026-01-30T12:31:09.592Z,1602,FG-A,BATCH-1019,DAY,normal,0,0
9528,2026-01-30T12:31:09.592Z,2026-01-30T12:31:11.180Z,1588,FG-A,BATCH-1019,DAY,normal,0,0
9529,2026-01-30T12:31:11.180Z,2026-01-30T12:31:12.916Z,1736,FG-A,BATCH-1019,DAY,normal,0,0
9530,2026-01-30T12:31:12.916Z,2026-01-30T12:31:14.455Z,1539,FG-A,BATCH-1019,DAY,normal,0,0
9531,2026-01-30T12:31:14.455Z,2026-01-30T12:31:15.953Z,1498,FG-A,BATCH-1019,DAY,normal,0,0
9532,2026-01-30T12:31:15.953Z,2026-01-30T12:31:17.808Z,1855,FG-A,BATCH-1019,DAY,normal,0,0
9533,2026-01-30T12:31:17.808Z,2026-01-30T12:31:19.471Z,1663,FG-A,BATCH-1019,DAY,normal,0,0
9534,2026-01-30T12:31:19.471Z,2026-01-30T12:31:20.966Z,1495,FG-A,BATCH-1019,DAY,normal,0,0
9535,2026-01-30T12:31:20.966Z,2026-01-30T12:31:22.570Z,1604,FG-A,BATCH-1019,DAY,normal,0,0
9536,2026-01-30T12:31:22.570Z,2026-01-30T12:31:24.191Z,1621,FG-A,BATCH-1019,DAY,normal,0,0
9537,2026-01-30T12:31:24.191Z,2026-01-30T12:31:25.984Z,1793,FG-A,BATCH-1019,DAY,normal,0,0
9538,2026-01-30T12:31:25.984Z,2026-01-30T12:31:27.553Z,1569,FG-A,BATCH-1019,DAY,normal,0,0
9539,2026-01-30T12:31:27.553Z,2026-01-30T12:31:29.249Z,1696,FG-A,BATCH-1019,DAY,normal,0,0
9540,2026-01-30T12:31:29.249Z,2026-01-30T12:31:30.879Z,1630,FG-A,BATCH-1019,DAY,normal,0,0
9541,2026-01-30T12:31:30.879Z,2026-01-30T12:31:32.520Z,1641,FG-A,BATCH-1019,DAY,normal,0,0
9542,2026-01-30T12:31:32.520Z,2026-01-30T12:31:34.057Z,1537,FG-A,BATCH-1019,DAY,normal,0,0
9543,2026-01-30T12:31:34.057Z,2026-01-30T12:31:35.690Z,1633,FG-A,BATCH-1019,DAY,normal,0,0
9544,2026-01-30T12:31:35.690Z,2026-01-30T12:31:37.216Z,1526,FG-A,BATCH-1019,DAY,normal,0,0
9545,2026-01-30T12:31:37.216Z,2026-01-30T12:31:38.917Z,1701,FG-A,BATCH-1019,DAY,normal,0,0
9546,2026-01-30T12:31:38.917Z,2026-01-30T12:31:40.479Z,1562,FG-A,BATCH-1019,DAY,normal,0,0
9547,2026-01-30T12:31:40.479Z,2026-01-30T12:31:42.018Z,1539,FG-A,BATCH-1019,DAY,normal,0,0
9548,2026-01-30T12:31:42.018Z,2026-01-30T12:31:43.626Z,1608,FG-A,BATCH-1019,DAY,normal,0,0
9549,2026-01-30T12:31:43.626Z,2026-01-30T12:31:45.185Z,1559,FG-A,BATCH-1019,DAY,normal,0,0
9550,2026-01-30T12:31:45.185Z,2026-01-30T12:31:46.828Z,1643,FG-A,BATCH-1019,DAY,normal,0,0
9551,2026-01-30T12:31:46.828Z,2026-01-30T12:31:48.544Z,1716,FG-A,BATCH-1019,DAY,normal,0,0
9552,2026-01-30T12:31:48.544Z,2026-01-30T12:31:50.288Z,1744,FG-A,BATCH-1019,DAY,normal,0,0
9553,2026-01-30T12:31:50.288Z,2026-01-30T12:31:51.893Z,1605,FG-A,BATCH-1019,DAY,normal,0,0
9554,2026-01-30T12:31:51.893Z,2026-01-30T12:31:53.422Z,1529,FG-A,BATCH-1019,DAY,normal,0,0
9555,2026-01-30T12:31:53.422Z,2026-01-30T12:31:54.874Z,1452,FG-A,BATCH-1019,DAY,normal,0,0
9556,2026-01-30T12:31:54.874Z,2026-01-30T12:31:56.529Z,1655,FG-A,BATCH-1019,DAY,normal,0,0
9557,2026-01-30T12:31:56.529Z,2026-01-30T12:31:57.989Z,1460,FG-A,BATCH-1019,DAY,normal,0,0
9558,2026-01-30T12:31:57.989Z,2026-01-30T12:31:59.629Z,1640,FG-A,BATCH-1019,DAY,normal,0,0
9559,2026-01-30T12:31:59.629Z,2026-01-30T12:32:01.120Z,1491,FG-A,BATCH-1019,DAY,normal,0,0
9560,2026-01-30T12:32:01.120Z,2026-01-30T12:32:02.734Z,1614,FG-A,BATCH-1019,DAY,normal,0,0
9561,2026-01-30T12:32:02.734Z,2026-01-30T12:32:04.323Z,1589,FG-A,BATCH-1019,DAY,normal,0,0
9562,2026-01-30T12:32:04.323Z,2026-01-30T12:32:05.985Z,1662,FG-A,BATCH-1019,DAY,normal,0,0
9563,2026-01-30T12:32:05.985Z,2026-01-30T12:32:07.584Z,1599,FG-A,BATCH-1019,DAY,normal,0,0
9564,2026-01-30T12:32:07.584Z,2026-01-30T12:32:09.134Z,1550,FG-A,BATCH-1019,DAY,normal,0,0
9565,2026-01-30T12:32:09.134Z,2026-01-30T12:32:10.865Z,1731,FG-A,BATCH-1019,DAY,normal,0,0
9566,2026-01-30T12:32:10.865Z,2026-01-30T12:32:12.541Z,1676,FG-A,BATCH-1019,DAY,normal,0,0
9567,2026-01-30T12:32:12.541Z,2026-01-30T12:32:14.317Z,1776,FG-A,BATCH-1019,DAY,normal,0,0
9568,2026-01-30T12:32:14.317Z,2026-01-30T12:32:15.860Z,1543,FG-A,BATCH-1019,DAY,normal,0,0
9569,2026-01-30T12:32:15.860Z,2026-01-30T12:32:31.132Z,15272,FG-A,BATCH-1019,DAY,long_gap,1,1
9570,2026-01-30T12:32:31.132Z,2026-01-30T12:32:32.690Z,1558,FG-A,BATCH-1019,DAY,normal,0,0
9571,2026-01-30T12:32:32.690Z,2026-01-30T12:32:34.293Z,1603,FG-A,BATCH-1019,DAY,normal,0,0
9572,2026-01-30T12:32:34.293Z,2026-01-30T12:32:35.684Z,1391,FG-A,BATCH-1019,DAY,normal,0,0
9573,2026-01-30T12:32:35.684Z,2026-01-30T12:32:37.471Z,1787,FG-A,BATCH-1019,DAY,normal,0,0
9574,2026-01-30T12:32:37.471Z,2026-01-30T12:32:39.058Z,1587,FG-A,BATCH-1019,DAY,normal,0,0
9575,2026-01-30T12:32:39.058Z,2026-01-30T12:32:40.617Z,1559,FG-A,BATCH-1019,DAY,normal,0,0
9576,2026-01-30T12:32:40.617Z,2026-01-30T12:32:41.873Z,1256,FG-A,BATCH-1019,DAY,fast_cycle,0,0
9577,2026-01-30T12:32:41.873Z,2026-01-30T12:32:43.328Z,1455,FG-A,BATCH-1019,DAY,normal,0,0
9578,2026-01-30T12:32:43.328Z,2026-01-30T12:32:44.989Z,1661,FG-A,BATCH-1019,DAY,normal,0,0
9579,2026-01-30T12:32:44.989Z,2026-01-30T12:32:46.565Z,1576,FG-A,BATCH-1019,DAY,normal,0,0
9580,2026-01-30T12:32:46.565Z,2026-01-30T12:32:48.200Z,1635,FG-A,BATCH-1019,DAY,normal,0,0
9581,2026-01-30T12:32:48.200Z,2026-01-30T12:32:49.831Z,1631,FG-A,BATCH-1019,DAY,normal,0,0
9582,2026-01-30T12:32:49.831Z,2026-01-30T12:32:51.342Z,1511,FG-A,BATCH-1019,DAY,normal,0,0
9583,2026-01-30T12:32:51.342Z,2026-01-30T12:32:52.886Z,1544,FG-A,BATCH-1019,DAY,normal,0,0
9584,2026-01-30T12:32:52.886Z,2026-01-30T12:32:54.495Z,1609,FG-A,BATCH-1019,DAY,normal,0,0
9585,2026-01-30T12:32:54.495Z,2026-01-30T12:32:56.052Z,1557,FG-A,BATCH-1019,DAY,normal,0,0
9586,2026-01-30T12:32:56.052Z,2026-01-30T12:32:57.797Z,1745,FG-A,BATCH-1019,DAY,normal,0,0
9587,2026-01-30T12:32:57.797Z,2026-01-30T12:32:59.327Z,1530,FG-A,BATCH-1019,DAY,normal,0,0
9588,2026-01-30T12:32:59.327Z,2026-01-30T12:33:00.544Z,1217,FG-A,BATCH-1019,DAY,fast_cycle,0,0
9589,2026-01-30T12:33:00.544Z,2026-01-30T12:33:02.038Z,1494,FG-A,BATCH-1019,DAY,normal,0,0
9590,2026-01-30T12:33:02.038Z,2026-01-30T12:33:03.529Z,1491,FG-A,BATCH-1019,DAY,normal,0,0
9591,2026-01-30T12:33:03.529Z,2026-01-30T12:33:04.982Z,1453,FG-A,BATCH-1019,DAY,normal,0,0
9592,2026-01-30T12:33:04.982Z,2026-01-30T12:33:12.799Z,7817,FG-A,BATCH-1019,DAY,long_gap,1,1
9593,2026-01-30T12:33:12.799Z,2026-01-30T12:33:14.479Z,1680,FG-A,BATCH-1019,DAY,normal,0,0
9594,2026-01-30T12:33:14.479Z,2026-01-30T12:33:16.017Z,1538,FG-A,BATCH-1019,DAY,normal,0,0
9595,2026-01-30T12:33:16.017Z,2026-01-30T12:33:17.643Z,1626,FG-A,BATCH-1019,DAY,normal,0,0
9596,2026-01-30T12:33:17.643Z,2026-01-30T12:33:19.456Z,1813,FG-A,BATCH-1019,DAY,normal,0,0
9597,2026-01-30T12:33:19.456Z,2026-01-30T12:33:21.086Z,1630,FG-A,BATCH-1019,DAY,normal,0,0
9598,2026-01-30T12:33:21.086Z,2026-01-30T12:33:29.157Z,8071,FG-A,BATCH-1019,DAY,long_gap,1,1
9599,2026-01-30T12:33:29.157Z,2026-01-30T12:33:30.658Z,1501,FG-A,BATCH-1019,DAY,normal,0,0
9600,2026-01-30T12:33:30.658Z,2026-01-30T12:33:32.267Z,1609,FG-A,BATCH-1019,DAY,normal,0,0
9601,2026-01-30T12:33:32.267Z,2026-01-30T12:33:33.716Z,1449,FG-A,BATCH-1019,DAY,normal,0,0
9602,2026-01-30T12:33:33.716Z,2026-01-30T12:33:35.333Z,1617,FG-A,BATCH-1019,DAY,normal,0,0
9603,2026-01-30T12:33:35.333Z,2026-01-30T12:33:36.946Z,1613,FG-A,BATCH-1019,DAY,normal,0,0
9604,2026-01-30T12:33:36.946Z,2026-01-30T12:33:38.351Z,1405,FG-A,BATCH-1019,DAY,normal,0,0
9605,2026-01-30T12:33:38.351Z,2026-01-30T12:33:39.778Z,1427,FG-A,BATCH-1019,DAY,normal,0,0
9606,2026-01-30T12:33:39.778Z,2026-01-30T12:33:41.290Z,1512,FG-A,BATCH-1019,DAY,normal,0,0
9607,2026-01-30T12:33:41.290Z,2026-01-30T12:33:42.714Z,1424,FG-A,BATCH-1019,DAY,normal,0,0
9608,2026-01-30T12:33:42.714Z,2026-01-30T12:33:44.312Z,1598,FG-A,BATCH-1019,DAY,normal,0,0
9609,2026-01-30T12:33:44.312Z,2026-01-30T12:33:46.021Z,1709,FG-A,BATCH-1019,DAY,normal,0,0
9610,2026-01-30T12:33:46.021Z,2026-01-30T12:33:47.584Z,1563,FG-A,BATCH-1019,DAY,normal,0,0
9611,2026-01-30T12:33:47.584Z,2026-01-30T12:33:49.241Z,1657,FG-A,BATCH-1019,DAY,normal,0,0
9612,2026-01-30T12:33:49.241Z,2026-01-30T12:34:03.198Z,13957,FG-A,BATCH-1019,DAY,long_gap,1,1
9613,2026-01-30T12:34:03.198Z,2026-01-30T12:34:04.642Z,1444,FG-A,BATCH-1019,DAY,normal,0,0
9614,2026-01-30T12:34:04.642Z,2026-01-30T12:34:06.171Z,1529,FG-A,BATCH-1019,DAY,normal,0,0
9615,2026-01-30T12:34:06.171Z,2026-01-30T12:34:07.636Z,1465,FG-A,BATCH-1019,DAY,normal,0,0
9616,2026-01-30T12:34:07.636Z,2026-01-30T12:34:10.791Z,3155,FG-A,BATCH-1019,DAY,slow_cycle,0,1
9617,2026-01-30T12:34:10.791Z,2026-01-30T12:34:12.306Z,1515,FG-A,BATCH-1019,DAY,normal,0,0
9618,2026-01-30T12:34:12.306Z,2026-01-30T12:34:13.859Z,1553,FG-A,BATCH-1019,DAY,normal,0,0
9619,2026-01-30T12:34:13.859Z,2026-01-30T12:34:15.621Z,1762,FG-A,BATCH-1019,DAY,normal,0,0
9620,2026-01-30T12:34:15.621Z,2026-01-30T12:34:17.274Z,1653,FG-A,BATCH-1019,DAY,normal,0,0
9621,2026-01-30T12:34:17.274Z,2026-01-30T12:34:18.859Z,1585,FG-A,BATCH-1019,DAY,normal,0,0
9622,2026-01-30T12:34:18.859Z,2026-01-30T12:34:20.749Z,1890,FG-A,BATCH-1019,DAY,normal,0,0
9623,2026-01-30T12:34:20.749Z,2026-01-30T12:34:22.418Z,1669,FG-A,BATCH-1019,DAY,normal,0,0
9624,2026-01-30T12:34:22.418Z,2026-01-30T12:34:23.841Z,1423,FG-A,BATCH-1019,DAY,normal,0,0
9625,2026-01-30T12:34:23.841Z,2026-01-30T12:34:25.380Z,1539,FG-A,BATCH-1019,DAY,normal,0,0
9626,2026-01-30T12:34:25.380Z,2026-01-30T12:34:27.147Z,1767,FG-A,BATCH-1019,DAY,normal,0,0
9627,2026-01-30T12:34:27.147Z,2026-01-30T12:34:28.766Z,1619,FG-A,BATCH-1019,DAY,normal,0,0
9628,2026-01-30T12:34:28.766Z,2026-01-30T12:34:30.229Z,1463,FG-A,BATCH-1019,DAY,normal,0,0
9629,2026-01-30T12:34:30.229Z,2026-01-30T12:34:31.883Z,1654,FG-A,BATCH-1019,DAY,normal,0,0
9630,2026-01-30T12:34:31.883Z,2026-01-30T12:34:33.558Z,1675,FG-A,BATCH-1019,DAY,normal,0,0
9631,2026-01-30T12:34:33.558Z,2026-01-30T12:34:35.109Z,1551,FG-A,BATCH-1019,DAY,normal,0,0
9632,2026-01-30T12:34:35.109Z,2026-01-30T12:34:36.759Z,1650,FG-A,BATCH-1019,DAY,normal,0,0
9633,2026-01-30T12:34:36.759Z,2026-01-30T12:34:38.421Z,1662,FG-A,BATCH-1019,DAY,normal,0,0
9634,2026-01-30T12:34:38.421Z,2026-01-30T12:34:40.158Z,1737,FG-A,BATCH-1019,DAY,normal,0,0
9635,2026-01-30T12:34:40.158Z,2026-01-30T12:34:55.010Z,14852,FG-A,BATCH-1019,DAY,long_gap,1,1
9636,2026-01-30T12:34:55.010Z,2026-01-30T12:34:56.625Z,1615,FG-A,BATCH-1019,DAY,normal,0,0
9637,2026-01-30T12:34:56.625Z,2026-01-30T12:34:58.310Z,1685,FG-A,BATCH-1019,DAY,normal,0,0
9638,2026-01-30T12:34:58.310Z,2026-01-30T12:34:59.810Z,1500,FG-A,BATCH-1019,DAY,normal,0,0
9639,2026-01-30T12:34:59.810Z,2026-01-30T12:35:01.276Z,1466,FG-A,BATCH-1019,DAY,normal,0,0
9640,2026-01-30T12:35:01.276Z,2026-01-30T12:35:02.958Z,1682,FG-A,BATCH-1019,DAY,normal,0,0
9641,2026-01-30T12:35:02.958Z,2026-01-30T12:35:04.434Z,1476,FG-A,BATCH-1019,DAY,normal,0,0
9642,2026-01-30T12:35:04.434Z,2026-01-30T12:35:06.113Z,1679,FG-A,BATCH-1019,DAY,normal,0,0
9643,2026-01-30T12:35:06.113Z,2026-01-30T12:35:07.616Z,1503,FG-A,BATCH-1019,DAY,normal,0,0
9644,2026-01-30T12:35:07.616Z,2026-01-30T12:35:10.941Z,3325,FG-A,BATCH-1019,DAY,slow_cycle,0,1
9645,2026-01-30T12:35:10.941Z,2026-01-30T12:35:12.536Z,1595,FG-A,BATCH-1019,DAY,normal,0,0
9646,2026-01-30T12:35:12.536Z,2026-01-30T12:35:13.993Z,1457,FG-A,BATCH-1019,DAY,normal,0,0
9647,2026-01-30T12:35:13.993Z,2026-01-30T12:35:15.487Z,1494,FG-A,BATCH-1019,DAY,normal,0,0
9648,2026-01-30T12:35:15.487Z,2026-01-30T12:35:17.090Z,1603,FG-A,BATCH-1019,DAY,normal,0,0
9649,2026-01-30T12:35:17.090Z,2026-01-30T12:35:18.739Z,1649,FG-A,BATCH-1019,DAY,normal,0,0
9650,2026-01-30T12:35:18.739Z,2026-01-30T12:35:20.245Z,1506,FG-A,BATCH-1019,DAY,normal,0,0
9651,2026-01-30T12:35:20.245Z,2026-01-30T12:35:21.854Z,1609,FG-A,BATCH-1019,DAY,normal,0,0
9652,2026-01-30T12:35:21.854Z,2026-01-30T12:35:23.389Z,1535,FG-A,BATCH-1019,DAY,normal,0,0
9653,2026-01-30T12:35:23.389Z,2026-01-30T12:35:25.035Z,1646,FG-A,BATCH-1019,DAY,normal,0,0
9654,2026-01-30T12:35:25.035Z,2026-01-30T12:35:26.520Z,1485,FG-A,BATCH-1019,DAY,normal,0,0
9655,2026-01-30T12:35:26.520Z,2026-01-30T12:35:27.922Z,1402,FG-A,BATCH-1019,DAY,normal,0,0
9656,2026-01-30T12:35:27.922Z,2026-01-30T12:35:29.477Z,1555,FG-A,BATCH-1019,DAY,normal,0,0
9657,2026-01-30T12:35:29.477Z,2026-01-30T12:35:31.059Z,1582,FG-A,BATCH-1019,DAY,normal,0,0
9658,2026-01-30T12:35:31.059Z,2026-01-30T12:35:32.710Z,1651,FG-A,BATCH-1019,DAY,normal,0,0
9659,2026-01-30T12:35:32.710Z,2026-01-30T12:35:34.253Z,1543,FG-A,BATCH-1019,DAY,normal,0,0
9660,2026-01-30T12:35:34.253Z,2026-01-30T12:35:35.958Z,1705,FG-A,BATCH-1019,DAY,normal,0,0
9661,2026-01-30T12:35:35.958Z,2026-01-30T12:35:37.548Z,1590,FG-A,BATCH-1019,DAY,normal,0,0
9662,2026-01-30T12:35:37.548Z,2026-01-30T12:35:38.929Z,1381,FG-A,BATCH-1019,DAY,normal,0,0
9663,2026-01-30T12:35:38.929Z,2026-01-30T12:35:40.633Z,1704,FG-A,BATCH-1019,DAY,normal,0,0
9664,2026-01-30T12:35:40.633Z,2026-01-30T12:35:42.146Z,1513,FG-A,BATCH-1019,DAY,normal,0,0
9665,2026-01-30T12:35:42.146Z,2026-01-30T12:35:43.875Z,1729,FG-A,BATCH-1019,DAY,normal,0,0
9666,2026-01-30T12:35:43.875Z,2026-01-30T12:35:45.433Z,1558,FG-A,BATCH-1019,DAY,normal,0,0
9667,2026-01-30T12:35:45.433Z,2026-01-30T12:35:47.017Z,1584,FG-A,BATCH-1019,DAY,normal,0,0
9668,2026-01-30T12:35:47.017Z,2026-01-30T12:35:48.629Z,1612,FG-A,BATCH-1019,DAY,normal,0,0
9669,2026-01-30T12:35:48.629Z,2026-01-30T12:35:50.175Z,1546,FG-A,BATCH-1019,DAY,normal,0,0
9670,2026-01-30T12:35:50.175Z,2026-01-30T12:35:51.726Z,1551,FG-A,BATCH-1019,DAY,normal,0,0
9671,2026-01-30T12:35:51.726Z,2026-01-30T12:35:53.321Z,1595,FG-A,BATCH-1019,DAY,normal,0,0
9672,2026-01-30T12:35:53.321Z,2026-01-30T12:35:54.997Z,1676,FG-A,BATCH-1019,DAY,normal,0,0
9673,2026-01-30T12:35:54.997Z,2026-01-30T12:35:56.483Z,1486,FG-A,BATCH-1019,DAY,normal,0,0
9674,2026-01-30T12:35:56.483Z,2026-01-30T12:35:58.011Z,1528,FG-A,BATCH-1019,DAY,normal,0,0
9675,2026-01-30T12:35:58.011Z,2026-01-30T12:35:59.621Z,1610,FG-A,BATCH-1019,DAY,normal,0,0
9676,2026-01-30T12:35:59.621Z,2026-01-30T12:36:01.238Z,1617,FG-A,BATCH-1019,DAY,normal,0,0
9677,2026-01-30T12:36:01.238Z,2026-01-30T12:36:02.733Z,1495,FG-A,BATCH-1019,DAY,normal,0,0
9678,2026-01-30T12:36:02.733Z,2026-01-30T12:36:04.340Z,1607,FG-A,BATCH-1019,DAY,normal,0,0
9679,2026-01-30T12:36:04.340Z,2026-01-30T12:36:05.835Z,1495,FG-A,BATCH-1019,DAY,normal,0,0
9680,2026-01-30T12:36:05.835Z,2026-01-30T12:36:08.308Z,2473,FG-A,BATCH-1019,DAY,slow_cycle,0,1
9681,2026-01-30T12:36:08.308Z,2026-01-30T12:36:09.981Z,1673,FG-A,BATCH-1019,DAY,normal,0,0
9682,2026-01-30T12:36:09.981Z,2026-01-30T12:36:11.486Z,1505,FG-A,BATCH-1019,DAY,normal,0,0
9683,2026-01-30T12:36:11.486Z,2026-01-30T12:36:13.099Z,1613,FG-A,BATCH-1019,DAY,normal,0,0
9684,2026-01-30T12:36:13.099Z,2026-01-30T12:36:14.385Z,1286,FG-A,BATCH-1019,DAY,normal,0,0
9685,2026-01-30T12:36:14.385Z,2026-01-30T12:36:16.015Z,1630,FG-A,BATCH-1019,DAY,normal,0,0
9686,2026-01-30T12:36:16.015Z,2026-01-30T12:36:17.596Z,1581,FG-A,BATCH-1019,DAY,normal,0,0
9687,2026-01-30T12:36:17.596Z,2026-01-30T12:36:19.123Z,1527,FG-A,BATCH-1019,DAY,normal,0,0
9688,2026-01-30T12:36:19.123Z,2026-01-30T12:36:20.718Z,1595,FG-A,BATCH-1019,DAY,normal,0,0
9689,2026-01-30T12:36:20.718Z,2026-01-30T12:36:22.327Z,1609,FG-A,BATCH-1019,DAY,normal,0,0
9690,2026-01-30T12:36:22.327Z,2026-01-30T12:36:23.998Z,1671,FG-A,BATCH-1019,DAY,normal,0,0
9691,2026-01-30T12:36:23.998Z,2026-01-30T12:36:25.426Z,1428,FG-A,BATCH-1019,DAY,normal,0,0
9692,2026-01-30T12:36:25.426Z,2026-01-30T12:36:26.685Z,1259,FG-A,BATCH-1019,DAY,fast_cycle,0,0
9693,2026-01-30T12:36:26.685Z,2026-01-30T12:36:28.292Z,1607,FG-A,BATCH-1019,DAY,normal,0,0
9694,2026-01-30T12:36:28.292Z,2026-01-30T12:36:29.896Z,1604,FG-A,BATCH-1019,DAY,normal,0,0
9695,2026-01-30T12:36:29.896Z,2026-01-30T12:36:31.394Z,1498,FG-A,BATCH-1019,DAY,normal,0,0
9696,2026-01-30T12:36:31.394Z,2026-01-30T12:36:33.034Z,1640,FG-A,BATCH-1019,DAY,normal,0,0
9697,2026-01-30T12:36:33.034Z,2026-01-30T12:36:34.588Z,1554,FG-A,BATCH-1019,DAY,normal,0,0
9698,2026-01-30T12:36:34.588Z,2026-01-30T12:36:36.274Z,1686,FG-A,BATCH-1019,DAY,normal,0,0
9699,2026-01-30T12:36:36.274Z,2026-01-30T12:36:39.377Z,3103,FG-A,BATCH-1019,DAY,slow_cycle,0,1
9700,2026-01-30T12:36:39.377Z,2026-01-30T12:36:40.922Z,1545,FG-A,BATCH-1019,DAY,normal,0,0
9701,2026-01-30T12:36:40.922Z,2026-01-30T12:36:42.559Z,1637,FG-A,BATCH-1019,DAY,normal,0,0
9702,2026-01-30T12:36:42.559Z,2026-01-30T12:36:44.183Z,1624,FG-A,BATCH-1019,DAY,normal,0,0
9703,2026-01-30T12:36:44.183Z,2026-01-30T12:36:45.719Z,1536,FG-A,BATCH-1019,DAY,normal,0,0
9704,2026-01-30T12:36:45.719Z,2026-01-30T12:36:47.404Z,1685,FG-A,BATCH-1019,DAY,normal,0,0
9705,2026-01-30T12:36:47.404Z,2026-01-30T12:36:48.975Z,1571,FG-A,BATCH-1019,DAY,normal,0,0
9706,2026-01-30T12:36:48.975Z,2026-01-30T12:36:50.513Z,1538,FG-A,BATCH-1019,DAY,normal,0,0
9707,2026-01-30T12:36:50.513Z,2026-01-30T12:36:52.064Z,1551,FG-A,BATCH-1019,DAY,normal,0,0
